text,label,label_name,word_count,length_group,source
"While the student may receive formal training on the different facts and theories associated with the Revolution, it is their unique personality that will ultimately shape how they interpret the material.",1,AI,31,medium,human_vs_ai_sentences
"In my opinion, Policy 1 is the better choice.",1,AI,9,very_short,human_vs_ai_sentences
"For them, just getting an education is an accomplishment.",0,Human,9,very_short,human_vs_ai_sentences
"It can help to improve air quality, reduce traffic congestion, and reduce urban sprawl.",1,AI,14,short,human_vs_ai_sentences
"I've learned from Ralph Waldo Emerson's inspiring words that ""To be yourself in a world that is constantly trying to make you something else is the greatest accomplishment,"" and I have been reflecting on my own life journey to understand my identity.",1,AI,42,medium,human_vs_ai_sentences
Extracurricular activities can make students excessively tired and stressed.,0,Human,9,very_short,human_vs_ai_sentences
"And those kids with disorders might love sports or other activities, and you are keeping them away from that.",0,Human,19,short,human_vs_ai_sentences
"And it's not just movies, dude.",1,AI,6,very_short,human_vs_ai_sentences
Thanks for reading my essay!,1,AI,5,very_short,human_vs_ai_sentences
These solutions range from basic firewalls to more comprehensive packages like encryption software and identity verification systems–all designed help keep sensitive data secure while still providing convenience for customers when they make purchases or send payments digitally over the web.,1,AI,40,medium,human_vs_ai_sentences
"So,",1,AI,1,very_short,human_vs_ai_sentences
"Some schools offer this new way of learning, but should more schools transfer to this method?",0,Human,16,short,human_vs_ai_sentences
"You shouldn't let people influence you in any type of way, be yourself and have confidence in what you want to be in life, after all its you life not theirs.",0,Human,31,medium,human_vs_ai_sentences
"Some people from Germany, France, Colombia, and even here in america are transitioning to this ""alternative trasportation"" age.",0,Human,18,short,human_vs_ai_sentences
"Firstly, climate change is caused by human activities such as burning fossil fuels, deforestation, and pollution.",1,AI,16,short,human_vs_ai_sentences
It's just too risky.,1,AI,4,very_short,human_vs_ai_sentences
"There should be an exception to that which is that any driver under the age of 18 should not have their phones out at all, not even wireless calling.",0,Human,29,short,human_vs_ai_sentences
It only looks like one.,0,Human,5,very_short,human_vs_ai_sentences
"As stated by the Office of the Federal Register, the Electoral College process allows for the selection of electors, the meeting where they vote for the President and Vice President, and the counting of the electoral votes by Congress.",1,AI,39,medium,human_vs_ai_sentences
The face.,0,Human,2,very_short,human_vs_ai_sentences
"Having the opportunity to enroll in an online class, so I would have more time to complete homework and other classwork and still be able to train for my sport was probably the best offer I have ever got and it really benefited me in both student life and athlete life.",0,Human,51,medium,human_vs_ai_sentences
"With students creating their own project it is extremely likely that they will not come up with their own work, however it is likely that they will use a little creativity if the project is designed by a teacher.",0,Human,39,medium,human_vs_ai_sentences
The facial Action Coding System is a really great thing to do when you're at school or work.,0,Human,18,short,human_vs_ai_sentences
"Online classes for college credit often provide the same material that can be offered in traditional classrooms, but with a flexible schedule that fits more easily around the lives of the students who take them.",1,AI,35,medium,human_vs_ai_sentences
"There are, of course, some exceptions.",1,AI,6,very_short,human_vs_ai_sentences
We live in a world that is constantly changing and evolving.,1,AI,11,short,human_vs_ai_sentences
"Plus, the teacher might not know what we're interested in, so the project might not be tailored to our individual needs and interests.",1,AI,23,short,human_vs_ai_sentences
"Meat, its something we all love to eat.",1,AI,8,very_short,human_vs_ai_sentences
"Approval of the project idea could ensure that the projects have genuine learning value, and could be approved by the student's counselor.",0,Human,22,short,human_vs_ai_sentences
"The lyrical content speaks volumes about its influence over time; from heartbreak ballads like Lauryn Hill's ""Ex Factor"" to catchy upbeat dance tracks like Usher's ""Yeah!"", there is something for everyone within this genre.",1,AI,34,medium,human_vs_ai_sentences
What are your thoughts about the plastic bottles that are made of polyethylene terephthalate (PET) and polypropylene (PP)?,1,AI,18,short,human_vs_ai_sentences
"There are some faces we might make most of the time, possible some of us who make them all the time when losing interest or encountering confusion--however, that may not be so for all of us.",0,Human,36,medium,human_vs_ai_sentences
It is also important to take care of yourself.,1,AI,9,very_short,human_vs_ai_sentences
There are many different types of advertisements.,1,AI,7,very_short,human_vs_ai_sentences
"Bradford Plumer says,""Because of the winnertakeall system in each state, candidates don't spend time in states they know they have no chance of winning."" Even so, knowing their vote will have no effect, they will have kess incentive to pay attention to the campaign than they would if the president were to be picked by popular vote.",0,Human,57,medium,human_vs_ai_sentences
Is the Face on Mars real?,0,Human,6,very_short,human_vs_ai_sentences
"Surely you're thinking ""What about the U.S.?",0,Human,7,very_short,human_vs_ai_sentences
"For example, with the advent of computers and the internet, many tasks that used to take hours or days can now be completed in minutes.",1,AI,25,short,human_vs_ai_sentences
"I mean, I've heard it's really competitive and there's not always a lot of work.",1,AI,15,short,human_vs_ai_sentences
"That way, people who want to do it can still do it and people who don't want to do it, don't have to.",1,AI,23,short,human_vs_ai_sentences
"For instance, ""mobile phone use while driving increases your risk of accident by up to 400 per cent, points out that, in 2016 alone, police in NSW charged 39,000 people for doing so (100 drivers a day are busted for it in NSW and VIC)."" Just put your phones down and focus on the road.",0,Human,55,medium,human_vs_ai_sentences
"While the development of reasoning and logical thinking is essential to the academic and professional advancement of students, I believe that an education that also teaches students to explore their own emotions is necessary to provide them with the full range of tools needed to succeed in life.",1,AI,48,medium,human_vs_ai_sentences
"however, there are also some arguments against the transition to renewable energy sources.",1,AI,13,short,human_vs_ai_sentences
So why not?,0,Human,3,very_short,human_vs_ai_sentences
"To the principal:

Cell phone is a very popular device now a days and almost everyone use it to communicate with others.",0,Human,22,short,human_vs_ai_sentences
Ummm...,1,AI,1,very_short,human_vs_ai_sentences
Its final the electoral college is unfair outdatedand irrational.,0,Human,9,very_short,human_vs_ai_sentences
"Then soon enough, Luke got a new job on the boat.",0,Human,11,short,human_vs_ai_sentences
Mistakes can happen in everyday life too!,1,AI,7,very_short,human_vs_ai_sentences
2.,1,AI,1,very_short,human_vs_ai_sentences
"It's outdated,unfair,and irrational.",0,Human,3,very_short,human_vs_ai_sentences
"And, like, you can't change it no matter how hard you try.",1,AI,12,short,human_vs_ai_sentences
You cannot be that person.,0,Human,5,very_short,human_vs_ai_sentences
"By exploring different forms of art, students can gain an understanding of the diverse world we live in and learn to appreciate and respect different cultures.",1,AI,26,short,human_vs_ai_sentences
Limiting car usage has many advantages for individuals and society as a whole.,1,AI,13,short,human_vs_ai_sentences
"While the electoral system may have flaws, its benefits far outweigh the potential disadvantages.",1,AI,14,short,human_vs_ai_sentences
"But instead of succumbing to this pressure, I chose to embrace my own interests and individuality.",1,AI,16,short,human_vs_ai_sentences
"To determine if committing to a career early on is beneficial for students, we must consider both the advantages and disadvantages of doing so.",1,AI,24,short,human_vs_ai_sentences
Even something as simple as a brisk walk can help reduce stress and promote better sleep.,1,AI,16,short,human_vs_ai_sentences
So to conclude this letter I think that when deciding whether or not to enforce these rules then I think that you should enforce some of the rules but still allow the students to bring them to school.,0,Human,38,medium,human_vs_ai_sentences
"the reason the elecctorial colllege should be banned is, you votefor a slate of electors, they would have the advantedg in the vote run, and it over rules the poeples vote.",0,Human,31,medium,human_vs_ai_sentences
Will there be more danger?,0,Human,5,very_short,human_vs_ai_sentences
"One reason that I do not believe that we are a ""throw-away society"" is because we are using more plastic bags than necessary is because the bags actually help us to keep our environment clean.",1,AI,35,medium,human_vs_ai_sentences
Another good reason is that if it turn into a tie then the house or representatives come into place and they put the thoughts into.,0,Human,25,short,human_vs_ai_sentences
"First, cooperation is a more important life skill than competition.",1,AI,10,very_short,human_vs_ai_sentences
"Finally, the article explains how the Face was first discovered in a photograph, which implies that no one had seen it before, and therefore, it could not have been built by an intelligent alien race.",1,AI,35,medium,human_vs_ai_sentences
People want to abolish the Electoral College due to citizens not being able to vote for the president yet they do not realize what this system has provided for us.,0,Human,30,short,human_vs_ai_sentences
"It's like, can't we just find a middle ground or something?",1,AI,11,short,human_vs_ai_sentences
Many teachers also have years of experience making projects for students to complete.,0,Human,13,short,human_vs_ai_sentences
"We have no other choice but to take the wheel, it shouldnt take all that money for a car and for something to happen to it and we have to end up driving it anyways, so we shouldnt even have this idea of these cars in my opinion its a waste of money.",0,Human,53,medium,human_vs_ai_sentences
"That's like, a total win-win situation.",1,AI,6,very_short,human_vs_ai_sentences
"In 2000, George W.",1,AI,4,very_short,human_vs_ai_sentences
"Before using this technology in the classroom, schools must have open discussions with students and parents about data privacy protections and the limitations of facial expression analysis.",1,AI,27,short,human_vs_ai_sentences
This is the most important reason why people are limiting car usage.,0,Human,12,short,human_vs_ai_sentences
First reason it will give them higher self-esteem kids in school get bullied daily and its makes students not want to learn or make them scared to come to school.,0,Human,30,short,human_vs_ai_sentences
School it's a good way to get out of home for at least some hours.,0,Human,15,short,human_vs_ai_sentences
"Because he switched to online school, Generic_Name received better grades and was overall the happiest he had even been.",0,Human,19,short,human_vs_ai_sentences
They would just ditch.,0,Human,4,very_short,human_vs_ai_sentences
"I’m much happier this way.” By relying less on cars, individuals can enjoy the benefits of less traffic, more walkable neighborhoods, and a more active and healthy lifestyle.",1,AI,28,short,human_vs_ai_sentences
"* Increased community cohesion: When people walk or bike instead of driving, they have more opportunities to interact with their neighbors.",1,AI,21,short,human_vs_ai_sentences
"Finally, there are alternative methods to animal testing that can be used.",1,AI,12,short,human_vs_ai_sentences
Have you heard about the Face on Mars?,1,AI,8,very_short,human_vs_ai_sentences
"Dear state senator,

I am writing to you to argue in favor of changing the Electoral vote to election by popular vote for the president of the United States.",0,Human,29,short,human_vs_ai_sentences
Im going to tell you why we should be able to pick our summer projects.,0,Human,15,short,human_vs_ai_sentences
"In addition, some people may not have access to public transportation or other alternatives to driving.",1,AI,16,short,human_vs_ai_sentences
"However, I am aware of the potential dangers of attending a private university.",1,AI,13,short,human_vs_ai_sentences
"No homework, no phone, no nothing.",1,AI,6,very_short,human_vs_ai_sentences
"While there are many factors to consider, I believe that researching different colleges and the requirements needed to attend and graduate, staying up to date with current school work and maintaining good grades, staying out of trouble and creating a positive image, and researching more about the profession of being a lawyer are all crucial steps.",1,AI,56,medium,human_vs_ai_sentences
"However, they are critical in order to ensure that the student continues his or her education while not in school.",0,Human,20,short,human_vs_ai_sentences
why?,0,Human,1,very_short,human_vs_ai_sentences
Frederick Douglas is a perfect example on why learning independently is so beneficial.,0,Human,13,short,human_vs_ai_sentences
The first and foremost reason why the Electoral College should no longer be kept in the U.S is because it will only lead to negative consequences.,0,Human,26,short,human_vs_ai_sentences
Also if they are gonna be friends they can show each other positive mood if they are feeling down.,0,Human,19,short,human_vs_ai_sentences
"For example recycling, many people throw away plastic bottles everyday.",0,Human,10,very_short,human_vs_ai_sentences
"""Now we don't have to be worried about our grades"", said Generic_Name.",0,Human,12,short,human_vs_ai_sentences
"She was my best friends, my soul, my everything.",0,Human,9,very_short,human_vs_ai_sentences
"By doing so, we can provide them with an opportunity to develop other skills and interests outside of the classroom, while also recognizing that not all students are able to maintain a higher grade.",1,AI,34,medium,human_vs_ai_sentences
"Secondly, my identity has also been shaped by the experiences I have had in my life.",1,AI,16,short,human_vs_ai_sentences
It would be life changing.,0,Human,5,very_short,human_vs_ai_sentences
Why would we hide that information?,0,Human,6,very_short,human_vs_ai_sentences
"After school programs come in many different forms, from sports teams and clubs to academic enrichment and tutoring.",1,AI,18,short,human_vs_ai_sentences
"Furthermore, attempting to do something beyond what you have already mastered can also help you build resilience and perseverance.",1,AI,19,short,human_vs_ai_sentences
"Driving is a privilege, not a right, and it requires willful obedience to traffic laws to protect all people sharing the road.",1,AI,22,short,human_vs_ai_sentences
"From the certainty of outcome, trans-regional appeal, focus on swing states, to restoration of weight for big states and avoidance of run-off elections, the Electoral College serves to ensure that our Presidential elections run smoothly and that every state matters.",1,AI,40,medium,human_vs_ai_sentences
"In conclusion, while digital platforms may facilitate learning in ways never before imagined possible – particularly during times where remote instruction is required due to health concerns – traditional teaching methods remain just as important today as ever before!",1,AI,39,medium,human_vs_ai_sentences
"In media, technology has provided us with an increased variety of ways to connect with one another, while in health care it has enabled us to access medical information and treatments more quickly and securely.",1,AI,35,medium,human_vs_ai_sentences
"School should provide students with student-designed summer projects because, it gives them motivation to learn, teaches them about responsibilities, learn about time management.",0,Human,23,short,human_vs_ai_sentences
"On the other hand, patients who are fully informed about their diagnosis and prognosis are more likely to trust their healthcare providers, and are more likely to adhere to their treatment plans.",1,AI,32,medium,human_vs_ai_sentences
"Now they had a great concert and they got a one, the best score you can get.",0,Human,17,short,human_vs_ai_sentences
"Students tend to make things harder for themselves by waiting at the last minute to complete assignments, especially when they are given more freedom on the project.",0,Human,27,short,human_vs_ai_sentences
It is not fair to force them to choose between their responsibilities and school-mandated activities.,1,AI,15,short,human_vs_ai_sentences
"There are programs that are created to reduce the usage of cars for one day, which showed to be a success.",0,Human,21,short,human_vs_ai_sentences
Every year more people die for causing an accident while using their phone or is killed by a person thats on their phone when not supposed to.,0,Human,27,short,human_vs_ai_sentences
Why can't we?,0,Human,3,very_short,human_vs_ai_sentences
"However, some people might think that speaking English is more important for Chinese learners, while others might think that reading is more important.",1,AI,23,short,human_vs_ai_sentences
"Furthermore, the Electoral College has helped to prevent fraud and corruption in presidential elections.",1,AI,14,short,human_vs_ai_sentences
There are a number of ways to limit car usage.,1,AI,10,very_short,human_vs_ai_sentences
"It's like, totally worth it, you know?",1,AI,7,very_short,human_vs_ai_sentences
This not only puts consumers at risk but businesses too; as any data breach can quickly lead to loss of revenue or worse yet brand damage if not handled correctly.,1,AI,30,short,human_vs_ai_sentences
"However, there are some drawbacks to technology that we should be aware of.",1,AI,13,short,human_vs_ai_sentences
"Additionally, online classes can be taken from anywhere with an internet connection, making it easy for students to learn from the comfort of their own home or while traveling.",1,AI,29,short,human_vs_ai_sentences
"Cars take up a lot of space, which can make it difficult to build parks, schools, and other amenities.",1,AI,19,short,human_vs_ai_sentences
a few people in congress are looking to fuel their own desires.,0,Human,12,short,human_vs_ai_sentences
Teachers can decide for their students what they want done and how they want it done.,0,Human,16,short,human_vs_ai_sentences
But in the end this is your decison hopefully you make the right one.,0,Human,14,short,human_vs_ai_sentences
There are valid arguments on both sides of this debate.,1,AI,10,very_short,human_vs_ai_sentences
You gotta take biology and chemistry and stuff.,1,AI,8,very_short,human_vs_ai_sentences
"Some peoples say they're cruel and we shouldn't have them no more, but I think they're totes wrong.",1,AI,18,short,human_vs_ai_sentences
"In conclusion, while having a positive attitude can be helpful in achieving success, it is not the only factor that determines success.",1,AI,22,short,human_vs_ai_sentences
"You gotta sit there for two whole hours, listening to your teacher drone on and on.",1,AI,16,short,human_vs_ai_sentences
"By working with a company, you get to see what it's like to be a part of a team, how to communicate with colleagues, and how to solve problems.",1,AI,29,short,human_vs_ai_sentences
It would greatly improve video games to make them more realistic.,0,Human,11,short,human_vs_ai_sentences
"For many students, summer break is the only time of the year when they can spend extended time with their families, and this is an important aspect of maintaining healthy relationships.",1,AI,31,medium,human_vs_ai_sentences
Thats a lot of money.,0,Human,5,very_short,human_vs_ai_sentences
"One of the leading causes of early death is due to car accidents, and many times a cellphone plays a role in why an error was made which caused a crash.",0,Human,31,medium,human_vs_ai_sentences
"""The cattle-boat trips were an unbelievable opportunity for a small town boy,""(5).",0,Human,12,short,human_vs_ai_sentences
"Having to spend money on gas, making sure to not go over the speed limit, and being a safe driver at all times to avoid any accident.",0,Human,27,short,human_vs_ai_sentences
Some schools require that students complete a project over the summer break between school years.,0,Human,15,short,human_vs_ai_sentences
They need a human driver!,0,Human,5,very_short,human_vs_ai_sentences
"This approach encourages candidates to address the concerns of swing state voters and hear their opinions, ultimately leading to a more representative government.",1,AI,23,short,human_vs_ai_sentences
need an example?,0,Human,3,very_short,human_vs_ai_sentences
"First and foremost, cell phones require the user's attention and focus to operate.",1,AI,13,short,human_vs_ai_sentences
"With guidance it can be helpful, it can also be misleading and people aren't completely following their instincts.",0,Human,18,short,human_vs_ai_sentences
"Finally, since it is a winner takes all, there are no Run-Off elections.",0,Human,13,short,human_vs_ai_sentences
I agree that education is not a lifelong process.,1,AI,9,very_short,human_vs_ai_sentences
"If they do, they will quickly be amazed with positive outcome that follows.",0,Human,13,short,human_vs_ai_sentences
"For one, it can be difficult to return to being the ""original you."" This is because changing who you are often involves developing new habits, beliefs, and behaviors, which can be challenging to maintain.",1,AI,34,medium,human_vs_ai_sentences
"In addition, university education provides students with the opportunity to gain work experience through internships and co-op programs.",1,AI,18,short,human_vs_ai_sentences
Which is why they shouldn't design the project that they ultimately have to complete.,0,Human,14,short,human_vs_ai_sentences
All we must do is remember to look up every once in awhile because it's these little moments spent appreciating natural beauty around us that help bring balance back into our busy schedules while reigniting joy within ourselves.,1,AI,38,medium,human_vs_ai_sentences
"In 2018, as study conducted at Brown University shows that the resources that teachers are exposed to are not only more extensive, but 72% more accurate and helpful when compared to the resources that students were using to complete basic educational tasks.",0,Human,42,medium,human_vs_ai_sentences
"So the decrese of car usage and the increse of riding bikes and walking to reach our destinations such as the people of Vauban, Germany could not only help the enviroment but make life slightly easier and less stressful.",0,Human,39,medium,human_vs_ai_sentences
"In conclusion, Success consists of going from failure to failure without loss of enthusiasm because you have to be stronger, successful, and become independent yourself because you have to be stronger with any problem in your life, stronger with every person, and stronger with whatever you have to do.",0,Human,49,medium,human_vs_ai_sentences
It gives people the idea of following this idea and trying it out.,0,Human,13,short,human_vs_ai_sentences
It's like a little art project!,1,AI,6,very_short,human_vs_ai_sentences
There are several compelling reasons why drivers should not be permitted to use cell phones in any capacity when driving.,1,AI,20,short,human_vs_ai_sentences
"it will have beneficial implications for carbon emissions and the environment"" par.",0,Human,12,short,human_vs_ai_sentences
"Sincerely,

STUDENT_NAME",0,Human,2,very_short,human_vs_ai_sentences
"On the one hand, computer games have been blamed for causing negative effects on children's development.",1,AI,16,short,human_vs_ai_sentences
"In source 3, paragraph 22, Posner explains ""...Nixon in 1968 and Clinton in 1992 both had only a 43 percent purality of the popular votes..."" Another benefit of the electoral college is the winnertakeall method.",0,Human,35,medium,human_vs_ai_sentences
"Car trips will usually have higher tolls which results in lost wages for the transportation worker, who goes to an unnecessary location for work and then returns home and gets to pay back his transportation back costs.",1,AI,37,medium,human_vs_ai_sentences
"Title: Embracing Minimal Car Usage: The Path to Environmental and Social Health 

Automobiles, once celebrated symbols of freedom and status, are facing an increasing backlash due to their environmental and social impacts.",1,AI,32,medium,human_vs_ai_sentences
Having a high GPA can help you get into good collages without having to pay and you can also earn money while you're attending collage.,0,Human,25,short,human_vs_ai_sentences
"By doing so, we can build stronger and more meaningful relationships with those around us.",1,AI,15,short,human_vs_ai_sentences
"The UNRRA was created to help the countries that were left in ruins by the end of World War II, and the ""Seagoing Cowboys"" were hired to take care of horses, young cows, and mules that were shipped overseas.",0,Human,39,medium,human_vs_ai_sentences
We've taken advangtage of cars by not putting so much work into getting the strength we need to keep us walking for more than just 20 minutes before our legs grow tired.,0,Human,32,medium,human_vs_ai_sentences
"also classroom computer could recognize when a student is becoming confused or bored, and could modify the lesson for the student.",0,Human,21,short,human_vs_ai_sentences
The world is a very special place that we need to take care of.,0,Human,14,short,human_vs_ai_sentences
"This can result in feelings of loneliness, disconnection, and isolation.",1,AI,10,very_short,human_vs_ai_sentences
"In addition, many people’s jobs now involve working remotely—with emails accessible via smartphones at any time of day or night—thus making “the nine to five” a thing of the past.",1,AI,30,short,human_vs_ai_sentences
"Right now, everyone is worrying about there grades.",0,Human,8,very_short,human_vs_ai_sentences
Everyone knows not to text in drive or use your phone at all while on the road because it's a high risk of an accident.,0,Human,25,short,human_vs_ai_sentences
"So a solid regional favorite, such as Rommey was in the South, has no incentive to campaing heavily in those states, for he gains no electoral votes by increasing his plurality in states that he knows he will win.",0,Human,39,medium,human_vs_ai_sentences
"Additionally, as one gains more experience, any mistakes seem less disastrous and can provide further lessons to build upon.",1,AI,19,short,human_vs_ai_sentences
"So, there are a lot of reasons why graduating is important.",1,AI,11,short,human_vs_ai_sentences
Also usually a C average can drop down fast.,0,Human,9,very_short,human_vs_ai_sentences
If you have a bored or uninteredted kid in your class the computer can recognize it immediately and change his/her lesson so that they are able to learn better without being bored.,0,Human,32,medium,human_vs_ai_sentences
Useful to everyone really.,0,Human,4,very_short,human_vs_ai_sentences
"If you get the same advice from two different people and then you ask a 3rd person and they say the opposite of what the other people said, you would most likely pick the Advice that two people had said.",0,Human,40,medium,human_vs_ai_sentences
"However, I believe that with clear rules and consequences, this can be easily managed.",1,AI,14,short,human_vs_ai_sentences
"Some people may argue that single-use plastics are convenient and cheaper, but is it really worth the cost of our planet's health?",1,AI,22,short,human_vs_ai_sentences
Others may argue that it would be too expensive to implement.,1,AI,11,short,human_vs_ai_sentences
It is important for students to gain the skills and knowledge necessary to enter the workforce.,1,AI,16,short,human_vs_ai_sentences
"If the family member knows the truth, they may feel overwhelmed and may not be able to cope with the situation.",1,AI,21,short,human_vs_ai_sentences
"We can do this by building more sidewalks and bike lanes, and by making public transportation more affordable and accessible.",1,AI,20,short,human_vs_ai_sentences
In my science class one year I had the option of designing and running my own experiment.,0,Human,17,short,human_vs_ai_sentences
"Well, not necessarily.",1,AI,3,very_short,human_vs_ai_sentences
"Additionally, if a curfew is too strict, it can lead to resentment and rebellion from teenagers.",1,AI,16,short,human_vs_ai_sentences
I believe that is going to be more bored and distracted being at home alone doing conference and watching videos about the class.,0,Human,23,short,human_vs_ai_sentences
Just one person's advice might not be enough.,0,Human,8,very_short,human_vs_ai_sentences
"Ralph Waldo Emerson once said, “What lies behind us and what lies before us are tiny matters compared to what lies within us.” This quote offers insight into Emerson's view on exploring the world around us and using our skills to challenge ourselves.",1,AI,43,medium,human_vs_ai_sentences
The information from the senors can make the car apply the brakes on the individual wheels and reduce the engine's power.,0,Human,21,short,human_vs_ai_sentences
shady.,0,Human,1,very_short,human_vs_ai_sentences
"I assure you that if you let people have their cell phones, average grades would be lower than if they didn't, as not everyone one would be paying attention to the teacher's lecture, power-point, video, etc., but instead they would be secretly texting each other and searching the web or playing games.",0,Human,52,medium,human_vs_ai_sentences
you can also call and tell them that don't pick me up because I'm going to my friend house and i call you when you have to pick me up.,0,Human,30,short,human_vs_ai_sentences
The first reason is because it makes students's attention decrease.,0,Human,10,very_short,human_vs_ai_sentences
"Introduction:
Hey there, I know you're really into the idea that aliens created the Face on Mars, but let me tell you, I'm here to convince you that it's actually just a natural landform.",1,AI,34,medium,human_vs_ai_sentences
There are a number of advantages to limiting car usage.,1,AI,10,very_short,human_vs_ai_sentences
"The government could introduce new laws that would discourage disposable products, and businesses could start producing more sustainable products that can be reused or recycled.",1,AI,25,short,human_vs_ai_sentences
"Whether it's getting into a good college or simply improving their overall academic performance, having a structured approach to homework can help students stay on track and make progress towards their goals.",1,AI,32,medium,human_vs_ai_sentences
People all over can use this technology maybe to even save a life.,0,Human,13,short,human_vs_ai_sentences
"Yes, I do.",1,AI,3,very_short,human_vs_ai_sentences
"Ultimately, while Jefferson’s idea of hard work can provide plentiful beneficial outcomes, it is important to remember that a balanced life is still essential in order to maintain overall health and well-being.",1,AI,32,medium,human_vs_ai_sentences
the people can choose the president.,0,Human,6,very_short,human_vs_ai_sentences
"They also like it ,because it encourages more excercise.",0,Human,9,very_short,human_vs_ai_sentences
The internet has revolutionized the way we communicate today.,1,AI,9,very_short,human_vs_ai_sentences
"While there are certainly benefits to this tradition, there are also a number of drawbacks.",1,AI,15,short,human_vs_ai_sentences
First impressions can have a lasting impact.,1,AI,7,very_short,human_vs_ai_sentences
A few years ago NASA discovered what seemed to look like a face on Mar's surface.,0,Human,16,short,human_vs_ai_sentences
"They also say that it's important to talk to people in different careers and ask them about their experiences, so you can get a better idea of what each field is like.",1,AI,32,medium,human_vs_ai_sentences
"Some students may not enjoy participating in sports or other physical activities, while others may have a passion for art or music.",1,AI,22,short,human_vs_ai_sentences
"Your actual friends would want to see you sussed in life, making good decisions not seeing you in bad steps, at the ened of the day its only you by your self no one else.",0,Human,35,medium,human_vs_ai_sentences
Zoos can help animals who are sick or hurt.,1,AI,9,very_short,human_vs_ai_sentences
"There was no alien monument after all."" So as you can see, those scientist were proved wrong by that picture that proved there was no actual alien monument, as they believed so.",0,Human,32,medium,human_vs_ai_sentences
One important step is to improve public transportation.,1,AI,8,very_short,human_vs_ai_sentences
"""When I had a car I was always tense.",0,Human,9,very_short,human_vs_ai_sentences
there would be stores placed a walk away and not on distant highway.,0,Human,13,short,human_vs_ai_sentences
"For example, if the government were to build a theater that only seats a few hundred people, they could end up spending a lot of money on the project even though it would only be used a few times a year.",1,AI,41,medium,human_vs_ai_sentences
But what does this mean for businesses?,1,AI,7,very_short,human_vs_ai_sentences
"There are a number of things that people can do to limit car usage, such as walking, biking, using public transportation, and supporting policies that promote walking, biking, and public transportation.",1,AI,31,medium,human_vs_ai_sentences
With all this being taking into account there are some good things that can be achieved allowing drivers the use of their cell phones.,0,Human,24,short,human_vs_ai_sentences
"If you have any questions or require further information, please do not hesitate to contact me.",1,AI,16,short,human_vs_ai_sentences
"Overall, the author of the passage, ""The Challenge of Exploring Venus,"" has a strong, thought out reason why humanity should explore Venus close up in the years to come.",0,Human,29,short,human_vs_ai_sentences
"They might have sports that they need to practice for like football, basketball, and soccer.",0,Human,15,short,human_vs_ai_sentences
So when you ask for advice about what is the best way to drag a deer down the mountain.,0,Human,19,short,human_vs_ai_sentences
"This is due to a number of factors, including the high cost of owning and operating a car, the environmental impact of car emissions, and the desire for a more active and healthy lifestyle.",1,AI,34,medium,human_vs_ai_sentences
you know we are only kids were not super-man you know!,0,Human,11,short,human_vs_ai_sentences
My evidence i got out the article is imagine being able to detect exactly how other person feeling i got that out the article to help me withmy answer.,0,Human,29,short,human_vs_ai_sentences
Controlling emotions also extends off-field into post-game interviews where comments made can heavily influence public opinion towards yourself as an athlete - so take care to stay professional in what you say at all times!.,1,AI,35,medium,human_vs_ai_sentences
What are you good at?,1,AI,5,very_short,human_vs_ai_sentences
"By maintaining the Electoral College, we ensure that all regions have a say in the election and that the president represents the whole nation.",1,AI,24,short,human_vs_ai_sentences
"obviously, it will take time to start all over and do everything one by one but it will help us to learn how to be patient and to deal with problems better than before.",0,Human,34,medium,human_vs_ai_sentences
"Another way that a city improved itself as a result of limited car use is shown by Elisabeth Rosenthal in her essay ""In German Suburn Life Goes On Without Cars"".",0,Human,30,short,human_vs_ai_sentences
"Furthermore, when certain trends become popular within mainstream culture they often serve as catalysts for social change; take athleisure wear ,for instance:it was once considered unprofessional attire but now it's widely accepted both at work places and leisure settings which demonstrates just how much our attitudes towards clothing can shift over time with more open mindedness .",1,AI,57,medium,human_vs_ai_sentences
The polution got trapped in the layers of the smog.,0,Human,10,very_short,human_vs_ai_sentences
And volunteering for student council is just as hard to trying to satisfy all of the students needs and opinions making ideas that are mature but also good this makes you think out of the box and your comfort zone.,0,Human,40,medium,human_vs_ai_sentences
Many countries have been doing a lot to reduced the the car usages.,0,Human,13,short,human_vs_ai_sentences
And that brings me to my second point: confidence.,1,AI,9,very_short,human_vs_ai_sentences
"Forcing someone to do something is never good, especially children.",0,Human,10,very_short,human_vs_ai_sentences
I believe their opinions and advice will be valuable in helping me decide which career path is right for me.,1,AI,20,short,human_vs_ai_sentences
"(Gravelle, 2005)

Some Benefits of Cell Phones during Driving

Although, there are grave negative impacts of using cell phones during driving it is pertinent, for the sake of arguments, to present benefits also.",0,Human,33,medium,human_vs_ai_sentences
"However, making one's own decisions can also have its drawbacks.",1,AI,10,very_short,human_vs_ai_sentences
you can move the muslces in your face it also talk about how when you smile you become happy so acting happy makes you happy.,0,Human,25,short,human_vs_ai_sentences
"With sincere respect,

[Your Name]
[Mailing Address]
[City, State, ZIP]",1,AI,10,very_short,human_vs_ai_sentences
"What one person loves, another person might not.",1,AI,8,very_short,human_vs_ai_sentences
"In conclusion, first impressions can be changed by considering a person's looks, personality, and communication skills.",1,AI,16,short,human_vs_ai_sentences
It can also teach you how to think for yourself.,1,AI,10,very_short,human_vs_ai_sentences
"Furthermore, making the demands of participating in these activities would not only take away from students’ much-needed rest and relaxation, but can also mean that they are unable to finish their school assignments or study in a timely manner.",1,AI,39,medium,human_vs_ai_sentences
"On a recreational basis however, soccer allows anyone with access toa ball (or field) and enough friends/family members (1v1s included)to enjoy themselves without needing any extra equipment or expensive uniforms - thus allowing individuals without much disposable income still experience some formof joy through taking partin friendly soccer matches while having funwith friends/family members afterwards.",1,AI,55,medium,human_vs_ai_sentences
"First, it can help to reduce air pollution.",1,AI,8,very_short,human_vs_ai_sentences
"On the other hand, opponents of this concept worry that it could cause kids to experience fatigue and lack of focus due to the length of each day.",1,AI,28,short,human_vs_ai_sentences
It's almost defeats the purpose of life.,0,Human,7,very_short,human_vs_ai_sentences
"since Generic_Name cannot be creative on his project he will not start on It.

Next, I think students wouldn't protect there project from other students anymore If they have to do there own creative project.",0,Human,35,medium,human_vs_ai_sentences
You never know what could happen if you lie an any case.,0,Human,12,short,human_vs_ai_sentences
So what would make a 'driverless car' any different?,0,Human,9,very_short,human_vs_ai_sentences
"They are also not afraid to take risks, as they know that sometimes these risks will pay off and sometimes they will not.",1,AI,23,short,human_vs_ai_sentences
"In addition to buying the car, gas must be provided, depending on the car and the amount of gas it uses up, that can be pretty expensive.",0,Human,27,short,human_vs_ai_sentences
But we should still have standards.,1,AI,6,very_short,human_vs_ai_sentences
"So, I ask my parents for help and guidance.",1,AI,9,very_short,human_vs_ai_sentences
For all of these reasons I do think it Will be good for the students to take their time on choosing a career.,0,Human,23,short,human_vs_ai_sentences
WHY?.Let me explain you.,0,Human,4,very_short,human_vs_ai_sentences
An example of one in Georgia.,0,Human,6,very_short,human_vs_ai_sentences
"For starters, exposure to music helps children with language development as they become more familiar with certain sounds which then assists them with pronunciation; this is due to how closely linked sound patterns are between words when learning any new language.",1,AI,41,medium,human_vs_ai_sentences
"Cars are a major source of pollution and greenhouse gases, and they contribute to traffic congestion and urban sprawl.",1,AI,19,short,human_vs_ai_sentences
Driving by young people has also decreased between 2001 and 2009.,0,Human,11,short,human_vs_ai_sentences
Thomas Huang of the Beckham Institute with collaboration prof.,0,Human,9,very_short,human_vs_ai_sentences
"They can also, help you improve on your photography, writing, and managing skills.",0,Human,13,short,human_vs_ai_sentences
"While there are valid arguments against the Electoral College, such as the winner-take-all system limiting voter influence and the potential for electors to defy the will of the people, the advantages outlined above outweigh these concerns.",1,AI,36,medium,human_vs_ai_sentences
"This forces candidates to address the specific concerns and needs of swing state voters, who are more likely to pay close attention to the campaign and be informed about the competing candidates.",1,AI,32,medium,human_vs_ai_sentences
Continually monitoring students' facial expressions without their consent could be seen as invasive and make some students feel uncomfortable naturally expressing a full range of emotions.,1,AI,26,short,human_vs_ai_sentences
Why should you be a Seagoing Cowboy?,0,Human,7,very_short,human_vs_ai_sentences
"For example, a student who understands the concept of the scientific method will be better able to remember the steps of the scientific method than a student who just knows the facts about the scientific method.",1,AI,36,medium,human_vs_ai_sentences
Some people believe that the electoral college should be abolished and some people believe that the electoral college has helped us throughout the years.,0,Human,24,short,human_vs_ai_sentences
You may be surprised at how easy and enjoyable it can be.,1,AI,12,short,human_vs_ai_sentences
"Ugh, it was so annoying.",1,AI,5,very_short,human_vs_ai_sentences
The author stated that NASA is working on other ways to study Venus without risking the lives of others.,0,Human,19,short,human_vs_ai_sentences
A reason why you should be careful with asking the right person for their opinion is because it is likely that they will include bias in their response.,0,Human,28,short,human_vs_ai_sentences
"I wanted to write a book about fantasy, but I lacked the creative fuction to put my story on the board.",0,Human,21,short,human_vs_ai_sentences
"It's all about how we use it, I guess.",1,AI,9,very_short,human_vs_ai_sentences
"""When I had a car I was always tense.",0,Human,9,very_short,human_vs_ai_sentences
History is an academic subject which relies heavily upon engaging directly with source texts as well as conducting research at libraries or archives – something difficult for most students to do without physical proximity to such sites.,1,AI,37,medium,human_vs_ai_sentences
"On April 5, 1998, MGS finally flew over the Face and snapped a photo ten times shaper than the orginal.",0,Human,20,short,human_vs_ai_sentences
"In conclusion, limiting car usage necessitates a paradigm shift from current norms, presenting initial challenges.",1,AI,15,short,human_vs_ai_sentences
One of the main reasons for limiting car usage is the environmental impact of cars.,1,AI,15,short,human_vs_ai_sentences
I like playing basketball and soccer with my friends.,1,AI,9,very_short,human_vs_ai_sentences
"This concept encourages residents to rely on walking or public transportation, reducing the need for excessive parking spaces and creating more compact and accessible communities.",1,AI,25,short,human_vs_ai_sentences
"Residents in Vauban, Germany are limiting car usage they're using bikes and most of them enjoy the walk.",0,Human,18,short,human_vs_ai_sentences
"Personally, I have experienced this change in opinion firsthand.",1,AI,9,very_short,human_vs_ai_sentences
In the story the author presented both sides fairly.,0,Human,9,very_short,human_vs_ai_sentences
"The law focus on keeping drivers, passengers, and pedestrians safe.",0,Human,10,very_short,human_vs_ai_sentences
Decisions can be very stressful because of all the options.,0,Human,10,very_short,human_vs_ai_sentences
Doing something new can help them learn new things and grow as individuals.,1,AI,13,short,human_vs_ai_sentences
"Thats what makes us, us!",0,Human,5,very_short,human_vs_ai_sentences
I mean it's not like their failing or anything.,0,Human,9,very_short,human_vs_ai_sentences
It could possibble help end crimes.,0,Human,6,very_short,human_vs_ai_sentences
"Thirdly, libraries play an essential role in promoting literacy and learning.",1,AI,11,short,human_vs_ai_sentences
"Also, it's good for our brain.",1,AI,6,very_short,human_vs_ai_sentences
The medical and political field could receive a positive impact from this as well.,0,Human,14,short,human_vs_ai_sentences
It was the sweetest thing I had ever seen.,1,AI,9,very_short,human_vs_ai_sentences
"You just have to, like, focus on the good things in life and try to not let the bad stuff get you down.",1,AI,23,short,human_vs_ai_sentences
Most car accidents are caused by human fault.,0,Human,8,very_short,human_vs_ai_sentences
"To begin with, a degree certificate is only a reflection of one's academic achievements.",1,AI,14,short,human_vs_ai_sentences
"Parents may also feel pressure to ensure that their child is taking the right courses to prepare for their future, which can lead to disagreements and tension between them and their child.",1,AI,32,medium,human_vs_ai_sentences
"If we all make an effort to reduce our car usage, we can make a big difference.",1,AI,17,short,human_vs_ai_sentences
"Additionally, creating a weekly meal plan can help you stay organized while still eating delicious foods that are good for you – such as lean proteins like chicken breast, whole grains instead of white flour pasta or breads, fruits & vegetables full of vitamins & minerals rather than processed snack food items etc.",1,AI,53,medium,human_vs_ai_sentences
"Ah, the beach - that wonderful place people of all ages go to relax and enjoy quality time with family, friends and loved ones.",1,AI,24,short,human_vs_ai_sentences
"In conclusion, there are a number of advantages to limiting our car usage.",1,AI,13,short,human_vs_ai_sentences
Who are the electors?,0,Human,4,very_short,human_vs_ai_sentences
I have noticed that the area around the school is very messy and needs to be cleaned.,0,Human,17,short,human_vs_ai_sentences
Hanging out with your friends and family members help you appreciate the people in your lives but also the environment that it giving access to being able to be around people.,0,Human,31,medium,human_vs_ai_sentences
Our lives would be so boring and predictable.,1,AI,8,very_short,human_vs_ai_sentences
"Dear principle,

First of all I think that students should use there cell phones because they can use it to call there parents if they need anything for them to bring to them at school if they forgot any assignments for class so they wont fail.",0,Human,46,medium,human_vs_ai_sentences
The true reason for us to examine Venus is for the innovation and progress in science that comes from it and how Venus is the closet planet to have identical features as earth.,0,Human,33,medium,human_vs_ai_sentences
"With car usage reduced, it limit people's stress on driving.",0,Human,10,very_short,human_vs_ai_sentences
"Lastly, the Electoral College helps avoid the need for run-off elections when no candidate receives a majority of the popular vote.",1,AI,21,short,human_vs_ai_sentences
"For example, a person who has a degree in business can find many jobs in the business world, while someone who has a degree in nursing can find many jobs in the health care industry.",1,AI,35,medium,human_vs_ai_sentences
Facing roadblocks and challenges are a part of any successful journey and those experiences can help fine-tune our thinking of what it truly takes to reach success.,1,AI,27,short,human_vs_ai_sentences
You can never really trust someone you have never met.,0,Human,10,very_short,human_vs_ai_sentences
"In Europe, passenger cars are responsible for 12% of greenhouse gas emissions, and in some car-intensive areas in the United States, that number can be as high as 50%.",1,AI,29,short,human_vs_ai_sentences
Others may see it as an opportunity to advance students' learning.,0,Human,11,short,human_vs_ai_sentences
"Consequently, it’s necessary for adopters to approach any new pet with care and understanding while providing sufficient time for them to adjust properly after transitioning from their previous environment into yours (which might include allowing them space initially until they become comfortable).",1,AI,42,medium,human_vs_ai_sentences
If you ask more then one person to see if something isn't a good idea and the majority say it's not then you should probably not do it.,0,Human,28,short,human_vs_ai_sentences
"Like, I'm not even sure if I want to go to college yet.",1,AI,13,short,human_vs_ai_sentences
Taking time for yourself and picking a class you will enjoy can help you reduce stress.,0,Human,16,short,human_vs_ai_sentences
"Because of this, students rush causing their bad grades.",0,Human,9,very_short,human_vs_ai_sentences
"It's got its pros and cons, you know?",1,AI,8,very_short,human_vs_ai_sentences
These skills can be valuable in both academic and professional settings.,1,AI,11,short,human_vs_ai_sentences
"In these cases, it may be necessary to focus on building trust and rapport with the audience before presenting the argument.",1,AI,21,short,human_vs_ai_sentences
"Therefore, I strongly argue in favor of banning single-use plastics.",1,AI,10,very_short,human_vs_ai_sentences
I trust that you will take these arguments into account and make an informed decision that best serves the interests of the American people.,1,AI,24,short,human_vs_ai_sentences
We are also going to have less death because many people die in car axcidents and becuase of drunk drivers and less kids are going to be getting hurt or killed if there on the street because they dont have to worry about cars hitting them.,0,Human,46,medium,human_vs_ai_sentences
"In conclusion, the use of animals in scientific research is unethical, unnecessary and inefficient.",1,AI,14,short,human_vs_ai_sentences
This could reduce civic participation across the country.,1,AI,8,very_short,human_vs_ai_sentences
The Second source states that how and why is the Electoral College the best-laid defenses of the system are wrong.,0,Human,20,short,human_vs_ai_sentences
"But think about it, if we graduate early, we can still hang out with our friends and have fun, we just won't have to do it in the context of school.",1,AI,31,medium,human_vs_ai_sentences
These are some important advantages on limiting car usage.,0,Human,9,very_short,human_vs_ai_sentences
😃 Let me know if you have any other questions.,1,AI,10,very_short,human_vs_ai_sentences
Why do people do this?,0,Human,5,very_short,human_vs_ai_sentences
If there was an actual face on Mars then that would be a sign of life.,0,Human,16,short,human_vs_ai_sentences
There is something about being able to feel the warmth of the sun's rays on your skin as you sink your toes into soft white sands and listen to the crashing waves hitting against rocks and rolling onto nearby shores.,1,AI,40,medium,human_vs_ai_sentences
"Secondly, digital interactions tend not to contain as many nonverbal cues compared to talking directly which may cause misunderstandings if someone takes something said out of context without being able to recognize any tone behind it (e.g., sarcasm).",1,AI,38,medium,human_vs_ai_sentences
"They provide a unique environment for learning, offer resources that are not available online, promote literacy and lifelong learning, preserve our cultural heritage, and are adapting to the digital age.",1,AI,30,short,human_vs_ai_sentences
"Finally, younger people tend to have a greater sense of optimism than older people.",1,AI,14,short,human_vs_ai_sentences
If everyone works together to solve these issues then the world would become a much better place.,0,Human,17,short,human_vs_ai_sentences
"Like, think about it - cars are expensive, right?",1,AI,9,very_short,human_vs_ai_sentences
.,1,AI,1,very_short,human_vs_ai_sentences
"First, it is undemocratic.",1,AI,4,very_short,human_vs_ai_sentences
Researches show that using a headset can be as dangerous as holding a phone because the conversations distract drivers from focusing on the road.,0,Human,24,short,human_vs_ai_sentences
"With more advanced tools being made available to teachers and students, it has become much easier for educators to engage learners with interactive activities that can help them better retain information.",1,AI,31,medium,human_vs_ai_sentences
"Firstly, it can improve the overall health of the student body by offering more nutritious options.",1,AI,16,short,human_vs_ai_sentences
"People don't usually tend to think that driving is hurting the Earth, but that is exactly what it is doing.",0,Human,20,short,human_vs_ai_sentences
"Lastly, some students don't want to leave their family and prefer to be at home.",0,Human,15,short,human_vs_ai_sentences
Riding a bicycle is also good for your health because it is another way of exercise and promotes a healthier body.,0,Human,21,short,human_vs_ai_sentences
Motivation is very important when doing an extracurricular activity.,0,Human,9,very_short,human_vs_ai_sentences
"org/teen-crash-risks-prevention/distracted-driving/cell-phones Roberts Center for Pediatric Research, 13th Floor, 2716 South Street

Philadelphia, PA 19146 (c) 2019 Children's Hospital of Philadelphia.",0,Human,20,short,human_vs_ai_sentences
This experience helps encourage gamers not only develop their own personal development but also contribute towards society at large by providing them tools necessary for future job opportunities along with coping mechanisms when faced with real world issues .,1,AI,39,medium,human_vs_ai_sentences
It makes no sense at all.,0,Human,6,very_short,human_vs_ai_sentences
I've made friends from all over the world thanks to this program.,1,AI,12,short,human_vs_ai_sentences
"Like, think about sports.",1,AI,4,very_short,human_vs_ai_sentences
"🙅‍♀️

So, in conclusion, Emerson's statement about individuality is totally on point.",1,AI,12,short,human_vs_ai_sentences
"Research has confirmed that first impressions are hard to shake, and are often more influential than we think.",1,AI,18,short,human_vs_ai_sentences
With these added benefits come even greater motivation to keep running towards those goals – which is especially helpful when times get tough or temptation tries its hardest to interfere with our commitment levels towards achieving them!,1,AI,37,medium,human_vs_ai_sentences
"However, I believe that the most enjoyable activity is science.",1,AI,10,very_short,human_vs_ai_sentences
"Sincerely,

STUDENT_NAME",0,Human,2,very_short,human_vs_ai_sentences
Not to mention the massive upgrades to the existing roads.,0,Human,10,very_short,human_vs_ai_sentences
Ummm...,1,AI,1,very_short,human_vs_ai_sentences
"Hey, it's me, an average 8th grader!",1,AI,7,very_short,human_vs_ai_sentences
What if it thinks your happy when your really sad?,1,AI,10,very_short,human_vs_ai_sentences
You should also be sometimes skeptical of the advice of you're friends and family members as well because they could mistakenly give you the wrong opinion about a course of action but you should still listen and have trust in them on everything else.,0,Human,44,medium,human_vs_ai_sentences
"It's the end of the school year and kids and teachers are excited to leave for summer break, but what comes with that break for most schools is a dreadful summer project.",0,Human,32,medium,human_vs_ai_sentences
"Fossil fuels, on the other hand, are like, totally unsustainable.",1,AI,10,very_short,human_vs_ai_sentences
But is our way of chosing that person right?,0,Human,9,very_short,human_vs_ai_sentences
This is especially important when it comes to social issues.,1,AI,10,very_short,human_vs_ai_sentences
Overall I think seeking multiple opinions and talking to more than one person can really help you out in a lot different ways and dont get me wrong their are cons too but I wouldnt say there are more pros because everyone has different opinions and advice.,0,Human,47,medium,human_vs_ai_sentences
"It can be difficult to know where to start when trying to make a difference, and this can lead to a feeling of powerlessness.",1,AI,24,short,human_vs_ai_sentences
"Secondly, consulting a variety of sources helps prevent bias.",1,AI,9,very_short,human_vs_ai_sentences
"However, research shows that candidates still concentrate campaign efforts and resources in a handful of swing states that could vote either way.",1,AI,22,short,human_vs_ai_sentences
There are many ways to limit car usage.,1,AI,8,very_short,human_vs_ai_sentences
"I believe doing community service would also teach the students life lessons, like responsibility.",0,Human,14,short,human_vs_ai_sentences
involved in so many activities so they have to have more .,0,Human,12,short,human_vs_ai_sentences
"He said, ""Determine never to be idle...it is wonderful how much may be done if we are always doing."" At first, I thought it was just some old dude's wisdom, but the more I thought about it, the more I realized how true it is.",1,AI,45,medium,human_vs_ai_sentences
"Additionally, if students are not given the opportunity to choose their own extracurricular activities, they may miss out on valuable experiences and skills that could help them stand out in the job market.",1,AI,33,medium,human_vs_ai_sentences
i think that its very fair.,0,Human,6,very_short,human_vs_ai_sentences
"Sincerely,

[Your Name]",1,AI,3,very_short,human_vs_ai_sentences
"However, I've come to realize that focusing on a single task can have numerous benefits, but also some limitations.",1,AI,19,short,human_vs_ai_sentences
"As we evaluate the arguments both for and against the Electoral College, it is important to prioritize a system that upholds democratic principles while addressing the concerns raised by its critics.",1,AI,31,medium,human_vs_ai_sentences
The Founding Fathers believed that the Electoral College would protect the interests of small states and prevent a demagogue from winning the presidency by appealing to the passions of the masses.,1,AI,31,medium,human_vs_ai_sentences
This should be prevented because it can cause car accidents and mainly deaths.,0,Human,13,short,human_vs_ai_sentences
Summer projects will help you improve your ability.,0,Human,8,very_short,human_vs_ai_sentences
I just hope you don't change the policy because you would be doing harm to some people and great for less people.,0,Human,22,short,human_vs_ai_sentences
This draws attention away from other states.,0,Human,7,very_short,human_vs_ai_sentences
"Yeah, I totally agree.",1,AI,4,very_short,human_vs_ai_sentences
This job could be or could not be the program for you.,0,Human,12,short,human_vs_ai_sentences
This also makes students more social and talkative.,0,Human,8,very_short,human_vs_ai_sentences
"Thank you

Sincerely

STUDENT_NAME

formal student SCHOOL_NAME.",0,Human,7,very_short,human_vs_ai_sentences
Another is because we have 538 electors that help pick a president.,0,Human,12,short,human_vs_ai_sentences
"It's better for the planet, our health, and our economy.",1,AI,10,very_short,human_vs_ai_sentences
"Not always."" Either the electors need to be more reliable in carrying out the requests made by the people of the United States, or we must make modifications to possible change or all together cease use of the electoral college system.",0,Human,41,medium,human_vs_ai_sentences
Students must feel as though they are in a calming environment in order to work efficiently.,0,Human,16,short,human_vs_ai_sentences
"Hopefully , this type knowledge sharing will result universal acceptance respect between nations eventually leading peace world wide ; something most definitely long overdue any given time period .",1,AI,29,short,human_vs_ai_sentences
"While I believe that these works can have merit, I do not think that they can be considered great art in the same way that more accessible works can.",1,AI,29,short,human_vs_ai_sentences
Although it may be challenging we must not let that stop us.,0,Human,12,short,human_vs_ai_sentences
"Sociologists believe this potential cultural shift will have beneficial implications for the environment, while at the same time influence car industries to diversify into wider transportation options (Rosenthal, Paragraph 34).",1,AI,30,short,human_vs_ai_sentences
"I practice every day, even if it's just for like, 10 minutes.",1,AI,12,short,human_vs_ai_sentences
"And finally, there's the topic understanding.",1,AI,6,very_short,human_vs_ai_sentences
"As Thomas Jefferson noted, “I'm a great believer in luck, and I find the harder I work the more I have of it.” His quote highlights the idea that hard work and determination can lead to success, which is the ultimate benefit of taking the active approach.",1,AI,47,medium,human_vs_ai_sentences
Carbon dioxide takes up 97 percent of the atmoshere; also the clouds have highly corrosive sulfuric acid clouds.,0,Human,18,short,human_vs_ai_sentences
We would think of someone else other than ourselves.,0,Human,9,very_short,human_vs_ai_sentences
There could also be some misleading advice.,0,Human,7,very_short,human_vs_ai_sentences
"Thus, having virtual conversations does little good for getting closer to understanding each other’s thoughts when compared against actually talking personable out loud using verbal tones too (such as sighs , laughter etc).",1,AI,33,medium,human_vs_ai_sentences
"However, it is important to note that this statement does not necessarily mean that having a wide knowledge is necessarily a good thing.",1,AI,23,short,human_vs_ai_sentences
"When you chose what experiences to go for, you should choose ones that are close to your present experiences but also for the future experiences you will go through.",0,Human,29,short,human_vs_ai_sentences
"Title: Advantages of Limiting Car Usage: An Analysis 

In an era marked by climate change concerns and increasing urbanization, the formulation of sustainable urban planning strategies has become a primary focus.",1,AI,31,medium,human_vs_ai_sentences
The students will be able to do work and have a effective break.,0,Human,13,short,human_vs_ai_sentences
"As Judge Posner highlights, the Electoral College restores some weight in the political balance that large states lose due to Senate mal-apportionment.",1,AI,22,short,human_vs_ai_sentences
Giving students the option to learn from home and wake up later would benefit them by allowing them to be more focus which would lead to them being more productive.,0,Human,30,short,human_vs_ai_sentences
"When children learn to work together, they learn to communicate effectively, listen to others, and respect different opinions.",1,AI,18,short,human_vs_ai_sentences
"It's very important for a teacher to spend a time with their students and ask them about their problems in classes, and also for a students it's very important to share their problems with teacher so, they can find a way to solve the problems.",0,Human,45,medium,human_vs_ai_sentences
"Then let them choose if they want to join any extracurricular activities on their own, because if we force all students to do extracurricular activities no matter what no one will benefit.",0,Human,32,medium,human_vs_ai_sentences
People could walk to and from work or ride a bike.,0,Human,11,short,human_vs_ai_sentences
there are many activities.,0,Human,4,very_short,human_vs_ai_sentences
My third and last idea is to find a job.,0,Human,10,very_short,human_vs_ai_sentences
"With enthusiasm and effort as two of our closest companions, we can turn failure into the stepping stone to success.",1,AI,20,short,human_vs_ai_sentences
"By using these two technologies together adventurers have access not only basic location but also more detailed data such as altitude readings, topographical maps and even real time weather forecasts which can be lifesavers if trekking across treacherous landscapes where hazardous meteorological events may occur suddenly without warning: flash floods, snow storms etc.",1,AI,53,medium,human_vs_ai_sentences
"First of all, enforcing a curfew for teens in cities can be pretty beneficial when it comes to public safety.",1,AI,20,short,human_vs_ai_sentences
"Some of the most exciting days of school are when teachers have us do something different other than reading, writing, worksheets, or other tasks most people think about when they think about school.",0,Human,33,medium,human_vs_ai_sentences
There are so many options to prevent you touching your phone while driving.,0,Human,13,short,human_vs_ai_sentences
"And, like, we should also be mindful of the time.",1,AI,10,very_short,human_vs_ai_sentences
Attitude is also an attitude that can be controlled.,1,AI,9,very_short,human_vs_ai_sentences
"But, it seems to be that, ""there has been a large drop in the percentage of 16- to 39 year olds getting a license.."" (Rosenthal 38) Moreover, even one day without driving makes the Columbians in Bogota, Columbia, less stressed and more relaxed.",0,Human,43,medium,human_vs_ai_sentences
"The author in ""The Challenge of Exploring Venus"" explains the dangers but the author also states, ""Venus is a worthy pursuit despite the dangers it presents.""",0,Human,26,short,human_vs_ai_sentences
They are bad for the earth and us.,1,AI,8,very_short,human_vs_ai_sentences
"So, yeah.",1,AI,2,very_short,human_vs_ai_sentences
If one candidate is favored in a area and if it has a lot of people then that candidate would win with a direct vote.,0,Human,25,short,human_vs_ai_sentences
"In Europe, passenger cars are responsible for 12% of greenhouse gas emissions, while in some car-intensive areas in the United States, the number rises to 50%.",1,AI,26,short,human_vs_ai_sentences
I argue this because with the Electoral College we get to vote for who we believe is gonna help us out during thier years as President not the choice of the president who we might not believe or trust in anymore to vote for us or the other side.,0,Human,49,medium,human_vs_ai_sentences
"By understanding the principles behind a problem, students can come up with creative solutions to difficult problems.",1,AI,17,short,human_vs_ai_sentences
Can you imagine life without those things?,1,AI,7,very_short,human_vs_ai_sentences
"Cities worldwide should look to pioneers like Vauban, Paris, and Bogota for pragmatic strategies to reduce car usage, taking a stride towards a healthier urban life and a greener planet.",1,AI,30,short,human_vs_ai_sentences
Others believe that education is a one-time event that is necessary for someone to become successful.,1,AI,16,short,human_vs_ai_sentences
It's not easy keeping it above at least a 80.,0,Human,10,very_short,human_vs_ai_sentences
That's when you gotta be brave and keep going!,1,AI,9,very_short,human_vs_ai_sentences
"Every student learns differently, so designing a project to fit their needs and their learning style would not only help them complete the project, but it would also help students learn more.",0,Human,32,medium,human_vs_ai_sentences
"The 3 states a candidate needs most to win is

California

Texas

Florida

If the Democrats got those 3 states by 122 electoral votes.",0,Human,24,short,human_vs_ai_sentences
We don't need to learn how to meditate to succeed in life.,1,AI,12,short,human_vs_ai_sentences
"We have seen too many tragedies in schools, movie theaters, and other public places where innocent people are killed or injured by guns.",1,AI,23,short,human_vs_ai_sentences
"If they don't play sports, the same should be true for clubs and after/before school activities.",0,Human,16,short,human_vs_ai_sentences
"In conclusion, a small act of kindness can have a huge impact on someone's life.",1,AI,15,short,human_vs_ai_sentences
We have so much that we use it for transportation.,0,Human,10,very_short,human_vs_ai_sentences
That's how we grow up.,1,AI,5,very_short,human_vs_ai_sentences
Technology can encourage students study and to do more to ace that English test they have.,0,Human,16,short,human_vs_ai_sentences
html.,0,Human,1,very_short,human_vs_ai_sentences
"Secondly, staying active can lead to a healthier life.",1,AI,9,very_short,human_vs_ai_sentences
Students who are given instructions are often done faster and usually have a more developed and completed work.,0,Human,18,short,human_vs_ai_sentences
Maby thay can have a fun razear or maby thay can do some after scool program like to help pepl in need or to raze money.,0,Human,26,short,human_vs_ai_sentences
"Taking lessons from the past situations and feeling comfortable enough to properly apply them can be the difference between being more confident and successful in our first impressions, or perpetuating embarrassing, and sometimes embarrassing, situations.",1,AI,35,medium,human_vs_ai_sentences
"I know some of my friends are scared of hospitals, but I think if we go on a field trip, they might not be so scared anymore.",1,AI,27,short,human_vs_ai_sentences
"Additionally, if adequate security measures are not put in place then confidential company data – including proprietary information – might become vulnerable which could lead legal repercussions for firms found responsible for any related breaches or misuse thereof .",1,AI,39,medium,human_vs_ai_sentences
"While video games can provide entertainment and social interaction, they often involve sedentary behavior, which can lead to a lack of physical activity and obesity.",1,AI,25,short,human_vs_ai_sentences
"Or if you're great at drawing, you could get a job as an artist.",1,AI,14,short,human_vs_ai_sentences
It is stated that Al Gore had won the popular vote but lost when it came to electoral college he lost.,0,Human,21,short,human_vs_ai_sentences
"Firstly, let's consider the influence of the environment on success.",1,AI,10,very_short,human_vs_ai_sentences
"This is due to a number of factors, including the environmental impact of cars, the cost of owning and running a car, and the health risks associated with driving.",1,AI,29,short,human_vs_ai_sentences
So don’t forget foster friendships inside & outside work circles even if we're physically apart right,1,AI,16,short,human_vs_ai_sentences
"If this has only happened twice then I think it is something that is fixable, but should not be the deciding factor that takes away the whole Electoral College system.",0,Human,30,short,human_vs_ai_sentences
"When the public started to beleive that NASA was hiding facts about ""The Face"", NASA went ahead and started to budget the next spacecraft to Mars, the Mars Global Surveyor.",0,Human,30,short,human_vs_ai_sentences
It should not be this way.,0,Human,6,very_short,human_vs_ai_sentences
"As more people embrace these changes, we can build a future that is both environmentally conscious and people-centric.",1,AI,18,short,human_vs_ai_sentences
"I agree that every individual in a society has a responsibility to obey just laws and, even more importantly, to disobey and resist unjust laws.",1,AI,25,short,human_vs_ai_sentences
"So, there is a possibility that it was huge landform and the weather wore off the the landform to the point where it was a face.",0,Human,26,short,human_vs_ai_sentences
"You don't just ask a single person, you ask multiple.",0,Human,10,very_short,human_vs_ai_sentences
I'm not saying we should stop driving cars in general but make an effort to use them less.,0,Human,18,short,human_vs_ai_sentences
"But then, we started talking and I found out he's actually really cool!",1,AI,13,short,human_vs_ai_sentences
"Many cities are so polluted and have air filled with smog, like Beijing and Paris.",0,Human,15,short,human_vs_ai_sentences
it stops.,0,Human,2,very_short,human_vs_ai_sentences
"Students should have the freedom to choose whether they want to participate or not, based on their own interests and availability.",1,AI,21,short,human_vs_ai_sentences
"Hummingbirds represent more than just symbols of luck - they embody resilience, courage & determination which is why so many identify with them deeply on both personal & spiritual levels alike.",1,AI,31,medium,human_vs_ai_sentences
One common challenge is the potential for conflict.,1,AI,8,very_short,human_vs_ai_sentences
"In the workplace, attitude is key in order to create and maintain successful professional relationships.",1,AI,15,short,human_vs_ai_sentences
"The only thing that helped it look like a face was, the shadows that the mesa made.",0,Human,17,short,human_vs_ai_sentences
"Generic_Name would be just one more of those students who are trying to take the easy way for everything, acting like if the world goes around him.",0,Human,27,short,human_vs_ai_sentences
Less traffic also makes our streets safer for pedestrians and cyclists.,1,AI,11,short,human_vs_ai_sentences
Your safety is the most important thing so they say.,0,Human,10,very_short,human_vs_ai_sentences
Its important that we protect our personal info and make sure that it doesnt fall into the wrong hands.,1,AI,19,short,human_vs_ai_sentences
"FACS would be put into great use of technology for students' due to the amount stress, and confussion students' may be recieving, while doing assignments or assessments.",0,Human,27,short,human_vs_ai_sentences
You could go out and volunteer none of this has to be school related you could just help the community out go plant some trees help the earth.,0,Human,28,short,human_vs_ai_sentences
one agrees with teachers creating the project by assigning each individual student to a project that best fits them and see which spot they have most difficulty in and have them do a project on that one so that way they can eventually master that subject.,0,Human,46,medium,human_vs_ai_sentences
"And, some people might be worried about how it could affect their grades and stuff.",1,AI,15,short,human_vs_ai_sentences
"Cars are expensive to buy, insure, and maintain.",1,AI,8,very_short,human_vs_ai_sentences
A president can do so much for us like Barack Obama.,0,Human,11,short,human_vs_ai_sentences
Since it will not be benefiting them their thoughts won't be influenced by the selfish options that if they were in that position they would choose.,0,Human,26,short,human_vs_ai_sentences
It's boring.,1,AI,2,very_short,human_vs_ai_sentences
"While students will also grow to love social media much more, resulting in more money for the distributers of social media.",0,Human,21,short,human_vs_ai_sentences
"Furthermore, certain genres contain violent content which can desensitize players from real-world violence while also promoting unacceptable behaviour such as racism or sexism among online gamers who communicate via voice chat services like Discord/Teamspeak/Mumble etc.",1,AI,35,medium,human_vs_ai_sentences
Most of the kids won't have the opportunity to join an after-school activity because the average grade is a C.,0,Human,20,short,human_vs_ai_sentences
"😜

And finally, I learned about strategies for designing meaningful conversations.",1,AI,11,short,human_vs_ai_sentences
This allows you to really show off your creativity and make the card more memorable.,1,AI,15,short,human_vs_ai_sentences
"Moreover, musical expression works on both conscious and subconscious levels – meaning it has the potential not only to change moods but also attitudes towards life as a whole when practiced regularly over extended periods of time.",1,AI,37,medium,human_vs_ai_sentences
"By doing online classes, the school system is doing their part to keep us healthy and safe, and they are also making sure we are not wasting time in classes we don't need.",0,Human,33,medium,human_vs_ai_sentences
"In our society, we have to work together in order to get things done.",1,AI,14,short,human_vs_ai_sentences
Another reason to limit car usage is to reduce traffic congestion.,1,AI,11,short,human_vs_ai_sentences
It also have many uses outside the classroom.,0,Human,8,very_short,human_vs_ai_sentences
"Therefore, the Republican president wins Texas almost every election period.",0,Human,10,very_short,human_vs_ai_sentences
I don't try to be someone I'm not or pretend to like things I don't really enjoy.,1,AI,17,short,human_vs_ai_sentences
One reason is students can pick which design they want to do their project.,0,Human,14,short,human_vs_ai_sentences
Time management is essential for a successful live.,0,Human,8,very_short,human_vs_ai_sentences
If you are homeschooled you get to wake up whenever you want and you can go to bed whenever you want.,0,Human,21,short,human_vs_ai_sentences
Four out of five students prefer taking classes online.,0,Human,9,very_short,human_vs_ai_sentences
"Second, limiting car usage can help to protect the environment.",1,AI,10,very_short,human_vs_ai_sentences
Due people has to do all by they self?,0,Human,9,very_short,human_vs_ai_sentences
"Society is constantly upgrading so that incidents like these can stop happening so much, because they are so preventful.",0,Human,19,short,human_vs_ai_sentences
"By investing in public transportation, promoting alternative transportation methods, and engaging the public in the planning process, cities can work toward a future where private cars no longer dominate the urban landscape.",1,AI,32,medium,human_vs_ai_sentences
"Hey, it's me, your average 8th grade student!",1,AI,8,very_short,human_vs_ai_sentences
"I mean, I've tried both, and each has its pros and cons.",1,AI,12,short,human_vs_ai_sentences
"For example, Florida, the state that I live in, gets 29 electoral votes, as to Hawii, which only gets four votes.",0,Human,21,short,human_vs_ai_sentences
Have you ever wondered if driverless cars would actually work?,0,Human,10,very_short,human_vs_ai_sentences
"Now, I know some people are like, ""But what about the negatives of summer break?"" And I'm like, ""Yeah, okay, I see your point.""  See, some people think that summer break can be a time when kids forget what they learned during the year.",1,AI,44,medium,human_vs_ai_sentences
"Additionally, praise can help to build a person's sense of self-worth by providing positive feedback on their actions and abilities.",1,AI,20,short,human_vs_ai_sentences
"Accomplishments, such as getting good grades or completing",1,AI,8,very_short,human_vs_ai_sentences
"Hey, Mrs.",1,AI,2,very_short,human_vs_ai_sentences
"I mean, think about it.",1,AI,5,very_short,human_vs_ai_sentences
Some schools offer distance learning as an option for students to attend classes from home by way of online or video conferencing.,0,Human,22,short,human_vs_ai_sentences
"When someone is afraid of failure, the best way to motivate them is to remind them that failure can be a lesson in the journey and that it shouldn't stop them from trying to reach their goals.",1,AI,37,medium,human_vs_ai_sentences
Team sports have been known to foster a sense of camaraderie and build positive relationships between teammates while concurrently developing individual's strategic thinking capabilities through practice drills or game-play scenarios.,1,AI,30,short,human_vs_ai_sentences
"However, some people think that zoos are not good for animals.",1,AI,11,short,human_vs_ai_sentences
"For example, we might have students work in small groups to analyze the menus and pricing at McDonald's.",1,AI,18,short,human_vs_ai_sentences
But really think about this decision you are making.,0,Human,9,very_short,human_vs_ai_sentences
"This is all true, except that aliens are real; there is no true proof of knowing if aliens are real or not, but they most likely aren't.",0,Human,27,short,human_vs_ai_sentences
"For example, we have gained valuable insights into atmospheric dynamics and the potential for life elsewhere by hardening our technology to probe Venus's poisonous climate.",1,AI,25,short,human_vs_ai_sentences
"Additionally, attempting to do something beyond what you have already mastered can help you develop new skills and knowledge.",1,AI,19,short,human_vs_ai_sentences
They collect our data and sell it to advertisers without our knowledge or consent.,1,AI,14,short,human_vs_ai_sentences
"Cars are expensive to purchase, maintain, and insure.",1,AI,8,very_short,human_vs_ai_sentences
If there was a fire in the school and the students needed to call there mom or dad right away and there was a no phone policy in school then they would have no phone to call there parents.,0,Human,39,medium,human_vs_ai_sentences
"When the face was first seen in the Jet Propulsion Lab, scientists figured it was a Martian mesa, which were common enough in Cydonia.",0,Human,24,short,human_vs_ai_sentences
"According to experts ""[Automobiles are] a huge impediment to current efforts to drastically reduce greenhouse gas emissions from tail pipes,""(Source #1).",0,Human,21,short,human_vs_ai_sentences
The article states that the main benefit of driverless cars is that they will reduce traffic.,1,AI,16,short,human_vs_ai_sentences
Partnership is an integral part of any learning experience.,1,AI,9,very_short,human_vs_ai_sentences
So I am very against on using phones while driving.,0,Human,10,very_short,human_vs_ai_sentences
"There are many positive and negative effects, but I think the manufactures will work them out.",0,Human,16,short,human_vs_ai_sentences
"As a high school student, I have been studying the pros and cons of this system, and I believe that it is time for a change.",1,AI,26,short,human_vs_ai_sentences
Electoral College should be replaced with majority rule.,0,Human,8,very_short,human_vs_ai_sentences
I disagree.,1,AI,2,very_short,human_vs_ai_sentences
"If you are more interested in the subject at hand, then you will understand it better.",0,Human,16,short,human_vs_ai_sentences
That is why you should become a seagoing cowboy.,0,Human,9,very_short,human_vs_ai_sentences
"This earth can't take care of itself, it needs your help, so help it.",0,Human,14,short,human_vs_ai_sentences
"This includes the medical profession, where patients are increasingly demanding to be informed about their condition and treatment options.",1,AI,19,short,human_vs_ai_sentences
"It is a field that is often filled with controversy, disagreement, and opposing views.",1,AI,14,short,human_vs_ai_sentences
"This is not fair to voters in states that are not ""battleground"" states, and it undermines the principle of one person, one vote.",1,AI,23,short,human_vs_ai_sentences
"Research shows that young people are still developing their personalities and interests, face pressure to make career decisions early in life, and may not have the necessary skills or experience to commit to a career.",1,AI,35,medium,human_vs_ai_sentences
"I would like the

Eletoral college to change, to let the people vote not the congress pick any president he wants.",0,Human,21,short,human_vs_ai_sentences
In this letter i am going to explain to you why i think that its easier if we do this so please make sure you can read through this whole letter.,0,Human,31,medium,human_vs_ai_sentences
"Both groups of students were learning the same material, the group at home got a video of their teacher explaining everything exactly the same as what she taught in class.",0,Human,30,short,human_vs_ai_sentences
I hope that makes sense!,1,AI,5,very_short,human_vs_ai_sentences
"In conclusion, the GPA policy for extracurricular",1,AI,7,very_short,human_vs_ai_sentences
"In the past, there have been several elections in which the candidate who won the popular vote did not win the election.",1,AI,22,short,human_vs_ai_sentences
Taking risks can help you explore your strengths and weaknesses and develop a better understanding of what kind of career or accomplishments you want to pursue.,1,AI,26,short,human_vs_ai_sentences
"This would be the fairest system, and it would ensure that the President is elected by the will of the people.",1,AI,21,short,human_vs_ai_sentences
"Sincerely,
[Your name]",1,AI,3,very_short,human_vs_ai_sentences
"The extra activities at the end of the day can add on up to 4 hours of extra time to the already long school day, making it up to 50 hours per week.",0,Human,33,medium,human_vs_ai_sentences
"More and more countries start to relize that reducing vehicle emissions will make the quality of life in their city higher and cleaner and it apears that the ideas are taking action ""a program that's set to spread toother countries, millions of columbians hiked, biked, and skated or took buses to work during a car-free day"".",0,Human,56,medium,human_vs_ai_sentences
"In paragrpah four and five the author seems to talk a lot about how the car will need a lot of this and that; such as needing ""a whole lot of sensors."" By needing all these supplies like video cameras being mounted near the rearview mirror.",0,Human,46,medium,human_vs_ai_sentences
"We don't always know what to do to get ourselves out of it, so we ask someone else.",0,Human,18,short,human_vs_ai_sentences
"Even if the impact of a cell phone ban would be small, it's still there, and that matters because those lives do matter.",0,Human,23,short,human_vs_ai_sentences
Maybe you'll find something you never knew you were interested in!,1,AI,11,short,human_vs_ai_sentences
One many students work at an average level.,0,Human,8,very_short,human_vs_ai_sentences
And what happens when the cars break down?,1,AI,8,very_short,human_vs_ai_sentences
"And last but not least, It is the teachers job to educate student on unfamiliar subjects.",0,Human,16,short,human_vs_ai_sentences
"When everyone drives their own car, it can lead to traffic jams and slow down travel times.",1,AI,17,short,human_vs_ai_sentences
"The better influencing is you change becuaes some people said or you familiy same need you change you influence beacuses the influence one day you used for you dream job or when you go many office for job,some offrice said you have god influence with other people work idifferent country.",0,Human,50,medium,human_vs_ai_sentences
Limiting car usage would also help to reduce urban sprawl.,1,AI,10,very_short,human_vs_ai_sentences
"It can open up more possibilities in terms of learning, organization, and communication between students and teachers.",1,AI,17,short,human_vs_ai_sentences
"For example, Generic_Name, Generic_Name, and I went dress shopping last weekend.",0,Human,11,short,human_vs_ai_sentences
For one reason it would have to be when they painted a picture of her for acomplishing the process of the model of a great model she smiled for that picture.,0,Human,31,medium,human_vs_ai_sentences
"She can experiment with different techniques, like editing and post-processing, to create unique and eye-catching images.",1,AI,16,short,human_vs_ai_sentences
"In 2016, Hillary Clinton won the popular vote by over 3 million votes, but Donald Trump won the election due to the Electoral College.",1,AI,24,short,human_vs_ai_sentences
"While the university education system is designed to prepare students for employment, it is not always successful in doing so.",1,AI,20,short,human_vs_ai_sentences
My position on driverless cars is that I am against it.,0,Human,11,short,human_vs_ai_sentences
"Additionally, electoral colleges should be abolished because not everyone feels as strongly about it as they did hundreds of years ago when the process first came about.",0,Human,27,short,human_vs_ai_sentences
"The cost of ownership, including the cost of insurance, maintenance, and fuel, is rising faster than the rate of inflation.",1,AI,20,short,human_vs_ai_sentences
Dear Mrs.,0,Human,2,very_short,human_vs_ai_sentences
"However, I do think that technology and other tools can also be useful in certain situations.",1,AI,16,short,human_vs_ai_sentences
"the students might get distracted during class period, and not pay attention.",0,Human,12,short,human_vs_ai_sentences
This has made it easier for people to balance their work and personal lives.,1,AI,14,short,human_vs_ai_sentences
"Where it's a social media word and everyone is on it nonstop, you can't even leave your phone down for not even five mins.",0,Human,24,short,human_vs_ai_sentences
"Through YouTube channels designed specifically for educational purposes, or forums where users can post questions about specific topics they may be struggling with understanding – these platforms provide much needed support in achieving academic goals that may have once been difficult when solely relying on physical methods of instruction.",1,AI,49,medium,human_vs_ai_sentences
"The good news is, it is possible to train and condition your attitude to be more positive.",1,AI,17,short,human_vs_ai_sentences
"When students make their own decisions about their education, they are more likely to take responsibility for their learning and achieve their academic goals.",1,AI,24,short,human_vs_ai_sentences
"In my opinion, I agree with the latter opinion.",1,AI,9,very_short,human_vs_ai_sentences
we can use it to learn new things and stuff.,1,AI,10,very_short,human_vs_ai_sentences
I think Policy 1 would be a better policy then Policy 2.,0,Human,12,short,human_vs_ai_sentences
"First of all, it helps people.",1,AI,6,very_short,human_vs_ai_sentences
"Fourthly,",1,AI,1,very_short,human_vs_ai_sentences
You dont have to completely stop driving your car but just limit the amount of times you do drive and that little extra effort will make a big difference in the long run.,0,Human,33,medium,human_vs_ai_sentences
The landforms are common around the western parts of the United States.,0,Human,12,short,human_vs_ai_sentences
"For example, a simple smile or a kind word can brighten someone's day and make them feel valued.",1,AI,18,short,human_vs_ai_sentences
Additionally without someone else’s insight into different cultures and traditions (or help when navigating foreign cities) mistakes may well be made – leading potentially awkward situations during visits overseas which would otherwise been avoided had others been present at key moments along the way.,1,AI,44,medium,human_vs_ai_sentences
Finding out how much money it would cost to create these driverless cars is a top priority.,0,Human,17,short,human_vs_ai_sentences
"In conclusion , athletes must remember that good nutrition is an integral part of a successful training program .",1,AI,19,short,human_vs_ai_sentences
"When we are productive, we are more likely to achieve our goals and objectives.",1,AI,14,short,human_vs_ai_sentences
"She explains that by not driving our cars, we'll drasitcally reduce the emission of greenhouse gasses.",0,Human,16,short,human_vs_ai_sentences
They may also not be as comfortable doing something at school that they wouldn't have even hesitated to do in the comfort of their home.,0,Human,25,short,human_vs_ai_sentences
"If you let either side take full or majority of the planning and development, it could be least interesting to either side.",0,Human,22,short,human_vs_ai_sentences
It can make a very big different at SCHOOL_NAME.,0,Human,9,very_short,human_vs_ai_sentences
"And usually, that judgement sticks.",1,AI,5,very_short,human_vs_ai_sentences
The United States is trying to be more efficiant and trying not to use cars as much.,0,Human,17,short,human_vs_ai_sentences
There is trying not to sink the boat.,0,Human,8,very_short,human_vs_ai_sentences
Enough smog clear after people saw they were getting fined.,0,Human,10,very_short,human_vs_ai_sentences
"Setting goals helps you make progress, and that's why it's so important.",1,AI,12,short,human_vs_ai_sentences
"The awareness of government and the people has lead into the creation of bicycle lanes, a lowering in the stress level of the people, and a decrease in green house gasses.",0,Human,31,medium,human_vs_ai_sentences
Another reason why I think the projects should be student-designed is because the sutdents can choose a topic they enjoy and not have to do a project based on somehting they dislike for the whole summer.,0,Human,36,medium,human_vs_ai_sentences
"First of all, it's a plant that grows in the ground, and it's not hurting anyone.",1,AI,16,short,human_vs_ai_sentences
because some people know college is more difficult than schools.,0,Human,10,very_short,human_vs_ai_sentences
"This shows the many other ways scientist have thought about other then using human life to research about planet earth

This concludes about are physical human life on venus is safe or not.",0,Human,33,medium,human_vs_ai_sentences
"But, I guess there are some downsides too.",1,AI,8,very_short,human_vs_ai_sentences
"Therefore, I firmly believe that true success can only be measured in the context of personal goals and aspirations.",1,AI,19,short,human_vs_ai_sentences
The Electoral College safeguards against regional biases and encourages candidates to understand and address issues of national importance.,1,AI,18,short,human_vs_ai_sentences
While these feelings are normal and expected reactions during mourning periods they should not be ignored or repressed; instead it’s important to acknowledge them so they can eventually be dealt with in healthy ways like talking through issues with family members or other trusted individuals in your life or seeking professional counseling if needed.,1,AI,54,medium,human_vs_ai_sentences
"Students may need to communicate with parents, siblings, and other students.",0,Human,11,short,human_vs_ai_sentences
"Like, you might discover a hidden talent or passion that you never knew you had!",1,AI,15,short,human_vs_ai_sentences
"Students will befit by being able to attend classes from home because students will have more options of class times, students will be less stressed, and students will have more personal time.",0,Human,32,medium,human_vs_ai_sentences
"A positive attitude can have a significant impact on our success in various aspects of life, including school, work, and relationships.",1,AI,21,short,human_vs_ai_sentences
"If you understand the concept of time, you will be able to better understand the way that it is used in the world.",1,AI,23,short,human_vs_ai_sentences
Usually her first report card has C's and even D's.,0,Human,10,very_short,human_vs_ai_sentences
"Take, for example, a scientist studying a species of bird.",1,AI,10,very_short,human_vs_ai_sentences
There is a lot of people that think is better to be working in group than by ourselves because five heads think better than a single one.,0,Human,27,short,human_vs_ai_sentences
Exposure to these types of hostile interactions can have devastating effects for vulnerable young people since they may feel powerless against their aggressors or shut down completely when faced with difficult situations online without any means for effective resolution or closure.,1,AI,41,medium,human_vs_ai_sentences
So principal I vote to carry out the rule.,0,Human,9,very_short,human_vs_ai_sentences
"🤯

And don't even get me started on math.",1,AI,9,very_short,human_vs_ai_sentences
Overall while some may assume internet shopping offers all the convenience one needs nowadays there will always exist tangible benefits that come along with visiting an actual store especially when dealing with specialized purchases like furniture and,1,AI,37,medium,human_vs_ai_sentences
The development of projects are a process.,0,Human,7,very_short,human_vs_ai_sentences
In my opinion the author didn't support his argument that Venus is a worthy pursuit despite the dangers.,0,Human,18,short,human_vs_ai_sentences
"Like, you start to feel like you can actually do it, you know?",1,AI,13,short,human_vs_ai_sentences
The road requires your full-undivided attention.,0,Human,6,very_short,human_vs_ai_sentences
A growing body of research shows that driving while using a cellphone can create dangerous distractions.,0,Human,16,short,human_vs_ai_sentences
"While some people argue that it is the price of fame, others assert that famous people should be treated more fairly.",1,AI,21,short,human_vs_ai_sentences
"In sorce 2 article 12 Duffer states ""Almost 4,000 drivers were fines, according to Reuters, twenty-seven people had their cars impouned for their reaction to the fine."" If its only one day of nondriving its not like your going to die if you dont drive, walk or take public transportaion.",0,Human,50,medium,human_vs_ai_sentences
"I know when I look on a restaurant menu and see only 2 options of food, I wouldn't be very happy.",0,Human,21,short,human_vs_ai_sentences
This is why you shouldn't change the school policy.,0,Human,9,very_short,human_vs_ai_sentences
"Instead, we should focus on addressing the root causes of violence and promoting healthy outlets for stress and entertainment.",1,AI,19,short,human_vs_ai_sentences
"Knowing this, the workingclass people of America, and Congress can rest easy knowing that the electoral college process will make the decision that is best for the nation as a whole.",0,Human,31,medium,human_vs_ai_sentences
"In addition to Vauben being a ""car-free"" place.",0,Human,8,very_short,human_vs_ai_sentences
"It's like, a quiet and peaceful place!",1,AI,7,very_short,human_vs_ai_sentences
"However, I was determined to give it a shot and prove myself.",1,AI,12,short,human_vs_ai_sentences
"Moreover, being able to rise to the occasion and find innovative solutions to challenging issues can result in a sense of pride and accomplishment that stays with us long after the task is completed.",1,AI,34,medium,human_vs_ai_sentences
Do you participate in extracurricular activities?,0,Human,6,very_short,human_vs_ai_sentences
"Finally, the artical says that scientists have studied the face on Mars for along time and they can't find any signs that it was made by aliens.",1,AI,27,short,human_vs_ai_sentences
"Under the Electoral College, it is possible for a President to be elected without winning the popular vote.",1,AI,18,short,human_vs_ai_sentences
"Finally, residents living close together near coasts tend to build extremely strong relationships within their communities; this sense of tight-knit camaraderie among locals helps foster healthier lifestyles as well as stronger emotional connections between citizens themselves (especially when dealing with difficult times).",1,AI,42,medium,human_vs_ai_sentences
Some people have short attention spans; they can't multitask like others.,0,Human,11,short,human_vs_ai_sentences
"Many students are involved in sports, clubs, and other activities outside of school, and having more time for these activities would allow them to pursue their interests and develop new skills.",1,AI,31,medium,human_vs_ai_sentences
But the main reason is texting and driving.,0,Human,8,very_short,human_vs_ai_sentences
"I'm much happier this way."" Also another man from Columbia said during a day without cars, ""Its a good opportunity to take away stress..."" Most stress comes from roadrage or getting stuck in a major traffic jam.",0,Human,37,medium,human_vs_ai_sentences
Cars that run on diesel takes up 67% of France.,0,Human,10,very_short,human_vs_ai_sentences
Think about the people who are walking around you and driving around you.,0,Human,13,short,human_vs_ai_sentences
You can ask for someone's option and you might treally not agree with you on it but they might have a really good reason and facts to prove their option.,0,Human,30,short,human_vs_ai_sentences
"Since Telsa has projected to make a 2016 release for a car capable for driving on auto piolet 90 percent of the time, it seems as if car companies have a little more testing and fixing to do.",0,Human,38,medium,human_vs_ai_sentences
I think it's important to take time to explore our interests and passions without feeling like we have to rush into something we're not ready for.,1,AI,26,short,human_vs_ai_sentences
"The world of sports is filled with moments that allow us to look back fondly, but few stand out more than the 1997 NBA Finals.",1,AI,25,short,human_vs_ai_sentences
"Another way that the author suppprts their claim is by providing some solutions to studying Venus, despite the dangers it possesses.",0,Human,21,short,human_vs_ai_sentences
"I think it's a mix of both, to be honest.",1,AI,10,very_short,human_vs_ai_sentences
When your behind the wheel of the moving vehicle you need to be an alert driver.,0,Human,16,short,human_vs_ai_sentences
Phone companies and care companies are making it safer to drive while on the phone because they added Bluetooth to the cars to make it easier to talk on the phone without having to grab their phone.,0,Human,37,medium,human_vs_ai_sentences
People should focus on the growth that is achieved by learning from their mistakes and discovering creative solutions to the challenges they face.,1,AI,23,short,human_vs_ai_sentences
"Thirdly, university education can help students to prepare for their future.",1,AI,11,short,human_vs_ai_sentences
2.,1,AI,1,very_short,human_vs_ai_sentences
15.,1,AI,1,very_short,human_vs_ai_sentences
"Lack of sleep causes you to choose between sleep and school work laving majority of students to pick their sleep over work giving them the option of being behind, whereas others would choose to do work leaving little time to sleep which will then transfer to school.",0,Human,47,medium,human_vs_ai_sentences
"Now, let's talk about drama classes.",1,AI,6,very_short,human_vs_ai_sentences
"Though Edison is perhaps one of the most well-known examples of success despite failure, this concept can be seen in the stories of many people from all walks of life.",1,AI,30,short,human_vs_ai_sentences
"Therefore, driverless cars, while very advanced, should not be manufactured.",0,Human,10,very_short,human_vs_ai_sentences
"For example, if someone is trying to decide which college to attend, they might talk to a guidance counselor, a teacher, and a friend who has already gone to college.",1,AI,30,short,human_vs_ai_sentences
then the electoral college is useless in the sense of voting for who you want.,0,Human,15,short,human_vs_ai_sentences
"However, their is still difficulty in trusting students.",0,Human,8,very_short,human_vs_ai_sentences
3.,1,AI,1,very_short,human_vs_ai_sentences
You may discover new places or meet new people.,1,AI,9,very_short,human_vs_ai_sentences
If this kind of condition they have they do care for children.,0,Human,12,short,human_vs_ai_sentences
"Imagine if We the People actually got to vote OUR favorite president into office on OUR own terms instead of some idiots a political party throws together, imagine how much better off we would be than we are now.",0,Human,39,medium,human_vs_ai_sentences
Thanks for reading my essay.,1,AI,5,very_short,human_vs_ai_sentences
Not only have they be making car free streets but also have taken out parking spaces so that people can reduce the usage of cars.,0,Human,25,short,human_vs_ai_sentences
My favorite parts is the traveling and the games after the trip .,0,Human,13,short,human_vs_ai_sentences
"Ultimately, students should carefully consider the pros and cons of graduating in three years before making a decision.",1,AI,18,short,human_vs_ai_sentences
.,1,AI,1,very_short,human_vs_ai_sentences
"Under the Electoral College, it is entirely possible for a Presidential Candidate to win presidency, even with the majority of voters voting for the opposing candidate.",0,Human,26,short,human_vs_ai_sentences
that's why I would not allow phones at school,0,Human,9,very_short,human_vs_ai_sentences
"Also the text [

What is the Electoral College?",0,Human,9,very_short,human_vs_ai_sentences
For example communication must be clear between biological parents and stepparents regarding expectations about parenting styles/discipline tactics; boundaries must also be clearly outlined so that each person feels respected even if they're not related biologically or legally through marriage/partnership agreements etc.,1,AI,41,medium,human_vs_ai_sentences
If someone can help more it is better for everyone.,0,Human,10,very_short,human_vs_ai_sentences
"For example, plastic bags can take up to 1,000 years to decompose.",1,AI,12,short,human_vs_ai_sentences
We can avoid taking someone's family member.,0,Human,7,very_short,human_vs_ai_sentences
"However, I believe that the abolishment of the examination system will bring more problems than solutions.",1,AI,16,short,human_vs_ai_sentences
"Even if they were hidden, scientists would be able to find it by now.",0,Human,14,short,human_vs_ai_sentences
"Firstly, having faith in oneself is essential for success.",1,AI,9,very_short,human_vs_ai_sentences
"Clothing in Puerto Rico ranges from everyday casual to formal, with a focus on traditional dress for special occasions, whereas in El Salvador clothing is more casual and the focus is more on practicality.",1,AI,34,medium,human_vs_ai_sentences
"This is true, because the more that are influenced are the more that will make a difference to society.",0,Human,19,short,human_vs_ai_sentences
Setting goals and working hard to achieve them is one of the most effective strategies for success.,1,AI,17,short,human_vs_ai_sentences
I think homework is stupid.,1,AI,5,very_short,human_vs_ai_sentences
"It was about 10,000 votes away form a ""deadlock tie"".",0,Human,10,very_short,human_vs_ai_sentences
"Sincerely, Solomon",0,Human,2,very_short,human_vs_ai_sentences
"With the right environment, equipment, and skills, you can make the most out of your basketball experience.",1,AI,17,short,human_vs_ai_sentences
Teenagers and families would get more excersise then the normal.,0,Human,10,very_short,human_vs_ai_sentences
"Like, have you seen how easy it is to get distracted by your phone or your siblings when you're trying to focus on something?",1,AI,24,short,human_vs_ai_sentences
Education is not a one-size-fits-all thing.,1,AI,6,very_short,human_vs_ai_sentences
"Another big thing is that, at school there are plenty more oppertunities to join clubs and get into more volunteer activities that will help with college admssion or even day to day life.",0,Human,33,medium,human_vs_ai_sentences
Astronmers are givin long frames of time in space.,0,Human,9,very_short,human_vs_ai_sentences
With the temperature going over 800 degrees Fahrenheit and the pressure that could liquify metal its hard to reason why we should attempt to send probes to Venus let alone travaling there personaly and the author does not do a very good job covincing us that this is a good idea.,0,Human,51,medium,human_vs_ai_sentences
"For one thing, I've found that when I'm being myself, I'm way more confident.",1,AI,14,short,human_vs_ai_sentences
So why is it still here?,0,Human,6,very_short,human_vs_ai_sentences
That is one of the big reasons that children stop playing sports.,0,Human,12,short,human_vs_ai_sentences
They want to abolish the electoral college.,0,Human,7,very_short,human_vs_ai_sentences
"Burgess, Ted, et al.",0,Human,4,very_short,human_vs_ai_sentences
"For example, when a politician is caught in a scandal, the focus is often on their actions rather than the underlying problems in the political system that may have contributed to the scandal.",1,AI,33,medium,human_vs_ai_sentences
The face is a butte or mesa.,0,Human,7,very_short,human_vs_ai_sentences
"The Martian mesa has wierd shadowing on the top which, caused it to look like a face.",0,Human,17,short,human_vs_ai_sentences
I choose this reason because some kids never have time to do anything and making them do community service would just waist their time to have fun.,0,Human,27,short,human_vs_ai_sentences
"Sincerely,

[Your Name]
[City, State]",1,AI,5,very_short,human_vs_ai_sentences
"Geologists examine all aspects of rocks including their location, origin, composition and structure.",1,AI,13,short,human_vs_ai_sentences
* Take public transportation.,1,AI,4,very_short,human_vs_ai_sentences
He could've gone bankrupt if he went with Generic_Name's idea.,0,Human,10,very_short,human_vs_ai_sentences
"There are many resources available to people who need guidance from experts, including online forums, consultations, and professional organizations.",1,AI,19,short,human_vs_ai_sentences
They can put most of their time on this activity.,0,Human,10,very_short,human_vs_ai_sentences
"This is a major issue with distance learning; if everything is done at home, then kids will never have that push to be more social.",0,Human,25,short,human_vs_ai_sentences
As you read my story i hope now you want to be a seagoing cowboy because you will get to help and fell like your being loved for doing something good.,0,Human,31,medium,human_vs_ai_sentences
"This trend is a response to the negative impact of cars on greenhouse gas emissions, as passenger cars contribute to 12 percent of emissions in Europe and up to 50 percent in some areas of the United States.",1,AI,38,medium,human_vs_ai_sentences
"It is a physical game that requires balance and coordination, and can be played by people of all ages.",1,AI,19,short,human_vs_ai_sentences
"This allows them to gain insight into how their lives are connected with those who lived before them, which is essential for understanding our shared history as humans being on Earth.",1,AI,31,medium,human_vs_ai_sentences
"Cyberbullying poses a serious threat to modern society, particularly among young people who are increasingly using online communication tools as part of their everyday lives.",1,AI,25,short,human_vs_ai_sentences
Dear senator.,0,Human,2,very_short,human_vs_ai_sentences
I agree with this statement for a few reasons.,1,AI,9,very_short,human_vs_ai_sentences
"Furthermore, the constant pressure to perform well academically can be overwhelming for some students, leading to stress and burnout.",1,AI,19,short,human_vs_ai_sentences
I believe that children should learn to do both.,1,AI,9,very_short,human_vs_ai_sentences
When we get to choose what we do for projects like these it makes everyone feel good about what they are turning in.,0,Human,23,short,human_vs_ai_sentences
That is why I believe that using technology to read the emotional expressions of students in a classroom would be very valuable.,0,Human,22,short,human_vs_ai_sentences
only the future.,0,Human,3,very_short,human_vs_ai_sentences
"For instance, a student who excels in art or music might struggle in a standardized test because it does not assess their abilities in these areas.",1,AI,26,short,human_vs_ai_sentences
Students may not feel its nesecaery do to when its not assigned by a teacher.,0,Human,15,short,human_vs_ai_sentences
And it's important to have encouragement too.,1,AI,7,very_short,human_vs_ai_sentences
This essay provides reasons and examples to support this argument.,1,AI,10,very_short,human_vs_ai_sentences
Laws on texting and driving vary by state.,0,Human,8,very_short,human_vs_ai_sentences
"Therefore, I agree with Thomas Jefferson's sentiment and believe that it is crucial to be determined and never idle.",1,AI,19,short,human_vs_ai_sentences
Plenty of students get sick and have to stay in the hospital and miss a lot of class time.,0,Human,19,short,human_vs_ai_sentences
Christopher's story serves as a cautionary tale about the dangers of not seeking guidance when making big decisions.,1,AI,18,short,human_vs_ai_sentences
Nobody wants to be forced into doing anything in life.,0,Human,10,very_short,human_vs_ai_sentences
If i went to Spain i would love to train with a professional soccer club.,0,Human,15,short,human_vs_ai_sentences
"imagine all the stress a student may have to go through if a project is too difficult and confusing for them, by making a project student-designed a student will have less stress and will most likely succeed with there project and get a good grade on it.",0,Human,47,medium,human_vs_ai_sentences
"The country has been ruled by various empires and dynasties, including the Mauryan Empire, the Gupta Empire, and the Mughal Empire.",1,AI,21,short,human_vs_ai_sentences
"Plus, it's more fun to work with others!",1,AI,8,very_short,human_vs_ai_sentences
"By concentrating campaign efforts in swing states, candidates are incentivized to tailor their platforms and policies to the needs and preferences of these diverse electorates.",1,AI,25,short,human_vs_ai_sentences
Problem solving helps you when the same problem comes again.,0,Human,10,very_short,human_vs_ai_sentences
"The pharaoh look-alike of the mesa was named ""The Face on Mars"" has since become a pop icon.",0,Human,18,short,human_vs_ai_sentences
"For example, the story of the American Revolution is often presented as a heroic struggle for freedom against British tyranny.",1,AI,20,short,human_vs_ai_sentences
"By praising employees for their accomplishments, managers can encourage them to take on new challenges and try new things.",1,AI,19,short,human_vs_ai_sentences
It is not just about time management.,0,Human,7,very_short,human_vs_ai_sentences
"For example, we learn new things from the people we meet, the books we read, and the experiences we have.",1,AI,20,short,human_vs_ai_sentences
"Additionally, when learning online, students may find it more difficult to stay focused on the task at hand.",1,AI,18,short,human_vs_ai_sentences
The electors are chosen by the candidates political party.,0,Human,9,very_short,human_vs_ai_sentences
"Not only that, the right choice to a problem almost always requires a diversity in perspectives, but the usefulness of others' advice doesn't stop there.",0,Human,25,short,human_vs_ai_sentences
Electoral College is a process where electors gather for a meeting and count the electoral votes to determine the new president and vice president.,0,Human,24,short,human_vs_ai_sentences
"By performing directly in front of an audience, students learn to speak out loud and stand by their own words.",1,AI,20,short,human_vs_ai_sentences
"With fewer vehicles on the road, streets become safer for cyclists and pedestrians alike.",1,AI,14,short,human_vs_ai_sentences
This option of learning can be beneficial to some students.,0,Human,10,very_short,human_vs_ai_sentences
"Homework also provides an opportunity for students to practice and apply the knowledge they have gained, which can help them to better understand the material.",1,AI,25,short,human_vs_ai_sentences
"I can't really infer how many take part in this event nowadays, but it said millions participated twelve years ago.",0,Human,20,short,human_vs_ai_sentences
"It can be argued that online school will result in students not having face to face conversations, therefore creating anti-social students.",0,Human,21,short,human_vs_ai_sentences
"Since each state only has one vote a representative from Wyoming representing 500,000 wouldn't have as much say as the reps.",0,Human,21,short,human_vs_ai_sentences
"Ultimately, it's important to consider both of these paths when determining the best strategy for making important life decisions.",1,AI,19,short,human_vs_ai_sentences
"Although school and additional activities may be easy to balance for some students, It can be very difficult for others to find the time and the energy to do these things.",0,Human,31,medium,human_vs_ai_sentences
So i am going to try to apeal to your other sense and show the the beauty and advantages to a limited car comunity.,0,Human,24,short,human_vs_ai_sentences
Some people think that this is the case because the media is constantly trying to get close to famous people and they do not have the same privacy as other people.,1,AI,31,medium,human_vs_ai_sentences
So you believe that the face on Mars was alien made.,0,Human,11,short,human_vs_ai_sentences
Now there will be some student that will volunteer because maybe they have extra time on there hands and are bored and figure why no help out but you can not force anybody to do community service.,0,Human,37,medium,human_vs_ai_sentences
"While some assert that the system discourages voters in states dominated by a single party, we observe about half of the eligible American population voting, suggesting a desire to express political preferences despite perceived local electoral futility (23).",1,AI,38,medium,human_vs_ai_sentences
It opens your eyes to different ways of thinking and different ways of doing things.,0,Human,15,short,human_vs_ai_sentences
"But with almost 30 years of technology being developed since he was last in a classroom, you can theoretically instead do it online and cut out physical school entirely from your educational life.",0,Human,33,medium,human_vs_ai_sentences
"While older people may take everyday tasks for granted, young people often find joy in the little things.",1,AI,18,short,human_vs_ai_sentences
"With an attitude of enthusiasm and motivation, any individual can achieve greatness and success, regardless of the obstacles in their way.",1,AI,21,short,human_vs_ai_sentences
"These articles highlight the benefits of reducing car dependency, such as improved air quality, reduced greenhouse gas emissions, and increased physical activity.",1,AI,22,short,human_vs_ai_sentences
"In contrast, three-year programs may not offer as many courses, and students may be required to focus more on core subjects, which can limit their opportunities for exploration and personal growth.",1,AI,31,medium,human_vs_ai_sentences
Those who take the time to participate in classroom discussions and build relationships with faculty and peers are sure to reap the rewards in the long run.,1,AI,27,short,human_vs_ai_sentences
"Finally, technology is advancing, and new technologies are making cars more efficient and more environmentally friendly.",1,AI,16,short,human_vs_ai_sentences
Should technology be able to read students emontional expressions?,0,Human,9,very_short,human_vs_ai_sentences
"So many students do not wish to, or may not have time to, participate in community service.",0,Human,17,short,human_vs_ai_sentences
The money spent on zoos could be better spent on conservation efforts that protect animals in their natural habitats.,1,AI,19,short,human_vs_ai_sentences
"Sincerely,

[Your Name]",1,AI,3,very_short,human_vs_ai_sentences
"By giving swing states a decisive role, the Electoral College empowers these voters to play a significant part in choosing the president.",1,AI,22,short,human_vs_ai_sentences
"It would make kids enjoy school a whole lot more, trust me.",0,Human,12,short,human_vs_ai_sentences
.,0,Human,1,very_short,human_vs_ai_sentences
"Software like this would definitely take getting used to, but would be worth it in the end if we are optimistic enough.",0,Human,22,short,human_vs_ai_sentences
"In conclusion, while some people argue that famous people should accept the media attention as the price of their fame, I believe that they should be given more privacy.",1,AI,29,short,human_vs_ai_sentences
"i also have friends that have an A+ on their grades and are enjoying their sports activities such as basketball, soccer, volleyball, and also softball.",0,Human,25,short,human_vs_ai_sentences
"While some people may argue that zoos are cruel and unethical, I believe that they serve a greater purpose and are an essential tool in the fight to protect endangered species.",1,AI,31,medium,human_vs_ai_sentences
We can also carpool or rideshare instead of driving alone.,1,AI,10,very_short,human_vs_ai_sentences
They may not know where to start or what kinds of activities would be most helpful.,1,AI,16,short,human_vs_ai_sentences
It would cause them to do their very best and improve their creativity.,0,Human,13,short,human_vs_ai_sentences
"So, technology...",1,AI,2,very_short,human_vs_ai_sentences
It just doesnt sound right to me.,0,Human,7,very_short,human_vs_ai_sentences
They are a distraction and they are a safety issue.,0,Human,10,very_short,human_vs_ai_sentences
"On the other hand, I would agree that you would earn more money an have better opportunities in your career despite your personal life.",0,Human,24,short,human_vs_ai_sentences
Venus has a temperature of 800 degrees ferenheit and the atmospheric pressure is about 90 greater than what we get on Earth.,0,Human,22,short,human_vs_ai_sentences
affordable healthcare!,1,AI,2,very_short,human_vs_ai_sentences
"First, what evidence do the people that say it was created by aliens have.",0,Human,14,short,human_vs_ai_sentences
"While you have to pay for gas, car insurance, maintence, and the bill for the car if it's not paid off yet, people who walk to work or to the store and don't own a car are saving thousands of dollars a year.",0,Human,43,medium,human_vs_ai_sentences
"Bankrupt, spending more money on our military than our own health, wasting away this beautiful Earth by building more nucular powerplants to supply us with ticking time bombs!",0,Human,28,short,human_vs_ai_sentences
2.,1,AI,1,very_short,human_vs_ai_sentences
And guess what?,1,AI,3,very_short,human_vs_ai_sentences
The city of Paris stands as a glaring example of the adverse effects of heavy car use.,1,AI,17,short,human_vs_ai_sentences
and it is necessary.,0,Human,4,very_short,human_vs_ai_sentences
"Lastly, in paragraph 5 it explains that ""Hovering over Venus would avoid the unfriendly ground conditions by staying up and out of their way."" So even if you wanted to try to go to Venus, you would die of heat.",0,Human,40,medium,human_vs_ai_sentences
You should always be responsible while driving.,0,Human,7,very_short,human_vs_ai_sentences
It was perfect because it was a cloudless summer day in Cydonia.,0,Human,12,short,human_vs_ai_sentences
.,1,AI,1,very_short,human_vs_ai_sentences
This is the only way to ensure that our elections are fair and democratic.,1,AI,14,short,human_vs_ai_sentences
Aswell as that you will be able to tell if someone is lying about there true feelings which could really be a problem when it comes to things like depression leading to suicides and things.,0,Human,35,medium,human_vs_ai_sentences
The importance of recycling electronic waste cannot be overstated.,1,AI,9,very_short,human_vs_ai_sentences
I believe that the Electoral College should remain in place.,1,AI,10,very_short,human_vs_ai_sentences
Owning a car is pricey!,0,Human,5,very_short,human_vs_ai_sentences
"Sure, here's my attempt at writing an essay as an average 8th grade student:

Hey there,

Technology is pretty cool and all, but it's not all rainbows and butterflies.",1,AI,29,short,human_vs_ai_sentences
"By getting advice from multiple people it could help you make a better decision because you can't always trust one person to make a decision for you, you will get a majority of one answer so it is easier to choose, and people have different opinions so you don't just rely on one.",0,Human,53,medium,human_vs_ai_sentences
"With cell phone use now banned in many places, drivers learn not to rely on their phones when navigating traffic.",1,AI,20,short,human_vs_ai_sentences
It doesnt have a wide enough range for each person.,0,Human,10,very_short,human_vs_ai_sentences
"Therefore, students would have a better learning experience if they could do projects their own way and had design freedom and not be held down by a set learning path.",0,Human,30,short,human_vs_ai_sentences
"Sincearly, PROPER_NAME.",0,Human,2,very_short,human_vs_ai_sentences
And thats why smaller states feel left out cuse all the candidates want to go to the big states and try to win them over insted of allthe smaller states.,0,Human,30,short,human_vs_ai_sentences
"Currently, voters in non-competitive states may feel their votes do not really count.",1,AI,13,short,human_vs_ai_sentences
They are more likely to be working from home and are more likely to be living in cities.,1,AI,18,short,human_vs_ai_sentences
"Also more car companies are trying to make cars that are eco friendly like hybrid,Tesla, and the volt.",0,Human,18,short,human_vs_ai_sentences
"On the other hand, allowing students to use their cell phones has potential risks, including the possibility of students becoming distracted from the lesson or using the devices to cheat on tests and assignments.",1,AI,34,medium,human_vs_ai_sentences
"For example, many schools struggle to provide adequate funding for basic resources like textbooks, technology, and classroom supplies.",1,AI,18,short,human_vs_ai_sentences
"Enhanced Community Connectivity:
a.",1,AI,4,very_short,human_vs_ai_sentences
"And it's not just about talking to people in person, either.",1,AI,11,short,human_vs_ai_sentences
yet there is one thing that is more important than this.,0,Human,11,short,human_vs_ai_sentences
NASA´s plan to send humans to Venus safely could very well work but also the way they would be thirty miles above the planett floating will not reallu give them a good look at what they are trying to study.,0,Human,40,medium,human_vs_ai_sentences
We should inspire them to help.,0,Human,6,very_short,human_vs_ai_sentences
"Through all those negatives, there are still positives to this program.",0,Human,11,short,human_vs_ai_sentences
"But seeing the Acropolis in Greece was special,.",0,Human,8,very_short,human_vs_ai_sentences
"Students should not participate in activities because some kids might not have any interests, kids should be more worried about their education than their clubs, and last but not least, kids are missing missing the notes that the teachers provide for the kids so they can pass their test.",0,Human,49,medium,human_vs_ai_sentences
"From the way I introduce myself to someone new, to the way I greet a friend when we meet, I know that the small details of an initial interaction can have a tremendous impact on how people feel about one another.",1,AI,41,medium,human_vs_ai_sentences
They feel like the government will choose whoever will benefit them the best and they won't take the people into consideration.,0,Human,21,short,human_vs_ai_sentences
Teachers will also benefit from policy 1 because they won't have to wait for a parent to come pick up their child after school.,0,Human,24,short,human_vs_ai_sentences
"First, advertisers often use exaggeration and hyperbole to make their products seem more appealing.",1,AI,14,short,human_vs_ai_sentences
"Voters vote not for the president, but for the slate of electors, who in turn elect the president.",0,Human,18,short,human_vs_ai_sentences
Some people might think that speaking English is more important for Chinese learners because it is a more powerful language.,1,AI,20,short,human_vs_ai_sentences
"Additionally, electronic book checkout programs enable a large number of books to be borrowed at once without having to wait in line or deal with paperwork – simplifying an otherwise tedious process.",1,AI,32,medium,human_vs_ai_sentences
Having at least some time to use your phone is a lot better than not having it at all.,0,Human,19,short,human_vs_ai_sentences
Venus is the closet planet to be compared to Earth with its size and density.,0,Human,15,short,human_vs_ai_sentences
"And let me tell you, it's crazy!",1,AI,7,very_short,human_vs_ai_sentences
"TEACHER_NAME,

Please consider not making community service mandatory;

reasons supported by this essay:

""Agenda comment!"" OTHER_NAME teacher screeches when OTHER_NAME tells her that she does not have her homework due to the fact that her community service took so long.",0,Human,40,medium,human_vs_ai_sentences
This is where kids come in.,0,Human,6,very_short,human_vs_ai_sentences
This supports what the author suggets.,0,Human,6,very_short,human_vs_ai_sentences
"This job may be fun, but it still is a life changing experience.",0,Human,13,short,human_vs_ai_sentences
"As seen in examples like Vauban, Paris, and Bogota, these measures have the potential to make cities and suburbs more sustainable and enjoyable places to live.",1,AI,26,short,human_vs_ai_sentences
"Venus containes many mysteries to the human race, because of ourl lack of intel and capability to acces information.",0,Human,19,short,human_vs_ai_sentences
"In particular, advances such as online databases have made it possible for individuals all around the globe to quickly gain access to a wealth of material related to any given subject matter.",1,AI,32,medium,human_vs_ai_sentences
"And that's, like, super important in life.",1,AI,7,very_short,human_vs_ai_sentences
You might see some of the smarter kids grades drop and that means that if you had kids that aren't already doing well in school would be worse in school than usual.,0,Human,32,medium,human_vs_ai_sentences
"Details for the article of the use of this techonolgy to read the emotional expressions of students in a classroom is valuable becaues it helps us understand emotions, it helps us see true emotions, and it helps us connect with them.",0,Human,41,medium,human_vs_ai_sentences
With teenagers now a days emotions are very unpredictable.,0,Human,9,very_short,human_vs_ai_sentences
A GPS receiver sensor in the cars.,0,Human,7,very_short,human_vs_ai_sentences
And let's not forget about the motivation factor.,1,AI,8,very_short,human_vs_ai_sentences
"For example, Germany's transition to renewable energy has created hundreds of thousands of jobs and reduced their carbon emissions by 27%.",1,AI,21,short,human_vs_ai_sentences
"In the end, the author includes adequate evidence as to how they plan on getting in sight of Venus, why they want to study it, how they would communicate from Venus to Earth, and the difference of pressure and temperature.",0,Human,40,medium,human_vs_ai_sentences
"In my own experience, I have found the opportunity to focus on new topics has enabled me to challenge and broaden my knowledge in a creative way.",1,AI,27,short,human_vs_ai_sentences
"For instance, a student who comes from a low-income background may not have access to the same resources as a student from a more affluent family, which can affect their performance on standardized tests.",1,AI,34,medium,human_vs_ai_sentences
A national popular vote would ensure that every vote counts.,1,AI,10,very_short,human_vs_ai_sentences
""" Under the electoral college system, voters vote not for the president, but for a slate of electors, who in turn elect the president.",0,Human,24,short,human_vs_ai_sentences
What do you say?,0,Human,4,very_short,human_vs_ai_sentences
A spaceship has not touched Venus in over three decades.,0,Human,10,very_short,human_vs_ai_sentences
Being on the phone while driving has many reasons.,0,Human,9,very_short,human_vs_ai_sentences
"Furthermore, individuals who regularly practice self-reflection tend to have increased empathy since they have developed greater insight into their own perspectives which makes them better equipped at appreciating someone else's point of view thus leading to stronger connections with those around them.",1,AI,42,medium,human_vs_ai_sentences
"Don't try to be someone you're not, because the interviewer will probably find out.",1,AI,14,short,human_vs_ai_sentences
Can voters control whom their electors vote for?,0,Human,8,very_short,human_vs_ai_sentences
"Another HUGE problem is this, how in the world would police do their job?",0,Human,14,short,human_vs_ai_sentences
"By doing that, you'll hear many different opinions and it'll give you a long list of options to consider as you are hearing opinions from people with different views and beliefs, personal experience, and from people who may be completely different than you.",0,Human,43,medium,human_vs_ai_sentences
"However, if a student understands that the Earth is round because it is explained to them in terms of concepts, they will be less likely to misinterpret information.",1,AI,28,short,human_vs_ai_sentences
.,1,AI,1,very_short,human_vs_ai_sentences
This gave me a better idea of which option would be better for me in the long run.,1,AI,18,short,human_vs_ai_sentences
"Getting people's opinion to make a better choice can help people, for further instances from happening, and can help with having an idea to make a non-regrettable, better choice.",0,Human,29,short,human_vs_ai_sentences
So yeah!,0,Human,2,very_short,human_vs_ai_sentences
The Electoral College is overall unfair to the voters.,0,Human,9,very_short,human_vs_ai_sentences
"Well, we could start by identifying something that we're interested in but haven't tried before.",1,AI,15,short,human_vs_ai_sentences
"After researching different career opportunities, I identified a particular career of interest to me: video game designer.",1,AI,17,short,human_vs_ai_sentences
"They want us to have a ""holiday"" party instead.",0,Human,9,very_short,human_vs_ai_sentences
Another reason they should be banned is because of the rise in ones insurance.,0,Human,14,short,human_vs_ai_sentences
This new application has a bunch of cool features and innovations that can have some pretty practical applications.,0,Human,18,short,human_vs_ai_sentences
A lot of people think it's an actual face created by aliens because the time before we discovered it it was foggy up on Mars so they think aliens must have did it then.,0,Human,34,medium,human_vs_ai_sentences
"In Bogota, they have a car-free day.",0,Human,7,very_short,human_vs_ai_sentences
Those are the reasons why they should not allow cell phones during the school hours because is distracting and it makes to many noises .,0,Human,25,short,human_vs_ai_sentences
"Life is full of challenges, and having a good attitude can make all the difference.",1,AI,15,short,human_vs_ai_sentences
"😁

Now, let's talk about my talent.",1,AI,7,very_short,human_vs_ai_sentences
They wouldn't have to worry about being in a big classroom with lots of people.,1,AI,15,short,human_vs_ai_sentences
"Overall, the Electoral College needs to be abolished.",0,Human,8,very_short,human_vs_ai_sentences
"For example, the eyes are not symmetrical, and the nose is too long.",1,AI,13,short,human_vs_ai_sentences
Another benefit that could come from community service could be improving your reputation around your community.,0,Human,16,short,human_vs_ai_sentences
A concern with this could be distracting the driver from being alert incase the car needs assistance.,0,Human,17,short,human_vs_ai_sentences
Most of you are thinking most likely no.,0,Human,8,very_short,human_vs_ai_sentences
My opinion is that we be able to vote saying the most popular votes win because why would we give are opinion and stating it if it doesn't matter?,0,Human,29,short,human_vs_ai_sentences
Oh n i think that be in the community wouldn't be wasting your time..,0,Human,14,short,human_vs_ai_sentences
Kennedy.,0,Human,1,very_short,human_vs_ai_sentences
There are more problems than just an unfair vote.,0,Human,9,very_short,human_vs_ai_sentences
"As if this wasn’t enough, robots are even able to assist surgeons during operations by providing additional stability during delicate procedures so they can operate with greater precision than ever before!.",1,AI,31,medium,human_vs_ai_sentences
"10), which could lead to accidents or near-misses.",1,AI,8,very_short,human_vs_ai_sentences
There are many advantages that having this software used inside classrooms would bring.,0,Human,13,short,human_vs_ai_sentences
Who would miss having a great view to relax?,0,Human,9,very_short,human_vs_ai_sentences
"The reasons why cell phones should not be used while driving are fairly obvious, because even a two-second distraction - taking your eyes off the road to pick up your phone and see who's calling you for example- increases your risk of crashing.",0,Human,43,medium,human_vs_ai_sentences
Denim's shift from purely functional clothing into stylish apparel was started by Levi’s Jeans in 1973 with their introduction of pre-washed jeans that offered comfort and ease along with a faded look—a style which quickly caught on among youth culture everywhere.,1,AI,41,medium,human_vs_ai_sentences
"This is because the world is constantly changing and evolving, and we need to continuously adapt and update our knowledge in order to keep up.",1,AI,25,short,human_vs_ai_sentences
There are several ways to improve your first impression.,1,AI,9,very_short,human_vs_ai_sentences
In the essay the author states that it is known as Earth twin.,0,Human,13,short,human_vs_ai_sentences
This,1,AI,1,very_short,human_vs_ai_sentences
"If we were not able to play our sport anymore, we might not live up to our dreams.",0,Human,18,short,human_vs_ai_sentences
"Eating whole grains, fruits and vegetables, lean meats, nuts and seeds provide the body with essential nutrients needed for fuel throughout the day.",1,AI,23,short,human_vs_ai_sentences
"""Still, even if traffic laws change, new laws will be needed in order to cover liability in the case of an accident."" If there is an accident, we won't know who to blame because there are no drivers.",0,Human,38,medium,human_vs_ai_sentences
"This pressure can have both positive and negative influences on a person’s character, depending on how they choose to respond to it.",1,AI,22,short,human_vs_ai_sentences
But the one thing that remains constant is change.,1,AI,9,very_short,human_vs_ai_sentences
"Summer assignments prevent the hassle of reteaching information, giving students more time to learn and understand new information after their break, in the new school year.",0,Human,26,short,human_vs_ai_sentences
"So all of the details we don know now we will know

Another reason why it is worth it is because we will have have good devices that whelped us back in our old wars witch means the device could help us win a big time war.",0,Human,47,medium,human_vs_ai_sentences
"New technology, like the ""LIDAR"" (Paragraph 4) becoming more readily available to the average consumer and not sitting at a price point well out of the average persons reach allows for the driverless car to become more of a reality.",0,Human,40,medium,human_vs_ai_sentences
"Sincerely,

[Your Name]",1,AI,3,very_short,human_vs_ai_sentences
This can lead to a more well-rounded understanding of the subject matter.,1,AI,12,short,human_vs_ai_sentences
"There might be some positives to having a driverless car, but driverless cars seems to risky.",0,Human,16,short,human_vs_ai_sentences
They may need a car to get to work or to take care of errands.,1,AI,15,short,human_vs_ai_sentences
I believe this to be true for several reasons.,1,AI,9,very_short,human_vs_ai_sentences
Economic Impact: Businesses that rely on car-dependent customers may experience a decline in revenue in a car-free city.,1,AI,18,short,human_vs_ai_sentences
"Many are already set on developing their future careers, meaning that specializing in their passions is more important than core classes.",0,Human,21,short,human_vs_ai_sentences
"Finally their's one more that they tested on was the human communication of how people interact with each other and at the end the technology will give some hints,or tips that will support us in a way.",0,Human,37,medium,human_vs_ai_sentences
"Only few people have said it looked like an alien,but they have no proof of that being true.",0,Human,18,short,human_vs_ai_sentences
"Venus, sometimes called the 'Evening Star,"" is so seeable, that people can spot it by looking through a horoscope.",0,Human,19,short,human_vs_ai_sentences
"With work and other commitments, they have less time to dedicate to their community.",1,AI,14,short,human_vs_ai_sentences
"First of all, we could get more done.",1,AI,8,very_short,human_vs_ai_sentences
"com, www.",0,Human,2,very_short,human_vs_ai_sentences
"In Europe, cars contribute to 12% of greenhouse gas emissions, while in some car-intensive areas in the United States, this number can reach up to 50%.",1,AI,26,short,human_vs_ai_sentences
"In conclusion, some programs that allow high school students to graduate in three years are good for the students who knows what they want to do after the high schools like if they want to work or if they will still studing.",0,Human,42,medium,human_vs_ai_sentences
The author of the article believes it is possible to reach and explore the surface despite the danger.,0,Human,18,short,human_vs_ai_sentences
"Diesel fuel, often favored in France due to tax policies, is a major contributor to air pollution (Duffer, paragraph 16).",1,AI,20,short,human_vs_ai_sentences
"His attitude made the job easier and encouraged teamwork, even during difficult days.",1,AI,13,short,human_vs_ai_sentences
This would allow kids to have more free choice with how they receive their education.,0,Human,15,short,human_vs_ai_sentences
Exploring new things at a young age is also important.,1,AI,10,very_short,human_vs_ai_sentences
"All in all, our current system as major problems.",0,Human,9,very_short,human_vs_ai_sentences
"In conclusion, while the digital age has undoubtedly transformed how we access information, libraries continue to hold immense value in our society.",1,AI,22,short,human_vs_ai_sentences
"We must take action to ensure that technology is used in a productive, healthy way.",1,AI,15,short,human_vs_ai_sentences
Social media has had a huge impact on society.,1,AI,9,very_short,human_vs_ai_sentences
"First, it can help to reduce traffic congestion.",1,AI,8,very_short,human_vs_ai_sentences
"Now that I have listed the pros and cons of how students can be affected by after-school activities, I will conclude this prompt.",0,Human,23,short,human_vs_ai_sentences
"Finally, technology has had a positive impact on security.",1,AI,9,very_short,human_vs_ai_sentences
They could also talk to their friends in different fields to get a sense of what those industries are like.,1,AI,20,short,human_vs_ai_sentences
Some people when they loss they don't try it again.,0,Human,10,very_short,human_vs_ai_sentences
"Conformity is when we follow the crowd and do what everyone else is doing, without questioning or thinking for ourselves.",1,AI,20,short,human_vs_ai_sentences
"The Vauban suburb demonstrates that less space for parking enables the creation of compact, more accessible communities (Rosenthal, Passage 6).",1,AI,20,short,human_vs_ai_sentences
Reyes 4,0,Human,2,very_short,human_vs_ai_sentences
I am all for this new technology to read peoples emotions.,0,Human,11,short,human_vs_ai_sentences
This is not made made which makes it a lanform.,0,Human,10,very_short,human_vs_ai_sentences
"For these reasons, I believe that we should abolish the Electoral College and elect the president by popular vote.",1,AI,19,short,human_vs_ai_sentences
This is where asking other people takes part.,0,Human,8,very_short,human_vs_ai_sentences
"Lastly, it can have a negative impact on job responsibilities.",1,AI,10,very_short,human_vs_ai_sentences
"All of your friends say you should fight her, but your mother says it's just a waste of time and to not worry about it.",0,Human,25,short,human_vs_ai_sentences
"Additionally, this kind of customized instruction enables teachers to better assess a student’s progress more accurately over time – allowing them make adjustments accordingly in order for each learner achieve their goals in the best possible way.",1,AI,37,medium,human_vs_ai_sentences
This is not the first time that this has happened.,1,AI,10,very_short,human_vs_ai_sentences
Driverless cars seems like a great idea doesnt it?,0,Human,9,very_short,human_vs_ai_sentences
"Her producer told her that she should just tell them to go away, or get body guards.",0,Human,17,short,human_vs_ai_sentences
"Allowing a student to design a project the way they like it, creates passion.",0,Human,14,short,human_vs_ai_sentences
The detection of a student's emotion enables teacher's ability to customize their lesson plans based on the emotion students are portraying.,0,Human,21,short,human_vs_ai_sentences
"Plus, being productive can help you build confidence in yourself and your abilities.",1,AI,13,short,human_vs_ai_sentences
"First of all, it's like, invasion of privacy.",1,AI,8,very_short,human_vs_ai_sentences
community service is a good thing to do but some kids just need to take care of other things like watching little brothers or sisters while your mother is a way working and i think that community service should only if the children volunteers in this.,0,Human,46,medium,human_vs_ai_sentences
"These images revealed that the perceived ""features"" of the Face, such as eye sockets and a mouth, are merely darker and lighter patches that lose any clear definition at finer scales.",1,AI,31,medium,human_vs_ai_sentences
"Dear State Senator,

I am writing to you today to advocate for the abolition of the Electoral College.",1,AI,18,short,human_vs_ai_sentences
we like our two car white pickett fence houses and cutting that out of everyones lives would no go over well with the majority of Americans.,0,Human,26,short,human_vs_ai_sentences
And be proud of how you helped people in need.,0,Human,10,very_short,human_vs_ai_sentences
"Like, think about it.",1,AI,4,very_short,human_vs_ai_sentences
They won't have enough rest for them.,0,Human,7,very_short,human_vs_ai_sentences
We can start by investing in public transportation.,1,AI,8,very_short,human_vs_ai_sentences
This could lead to lower grades and less learning overall.,1,AI,10,very_short,human_vs_ai_sentences
"Overall, year-round school provides a great opportunity for students and educators to work together to achieve academic excellence.",1,AI,18,short,human_vs_ai_sentences
"One of the main benefits of graduating early is that students can skip some of the core courses they would normally take, saving them time.",1,AI,25,short,human_vs_ai_sentences
"By ensuring that children and adolescents can obtain a proper education online and from the comfort of their home environment, fewer people as a whole get sick and fewer carriers can actively spread a given malady.",0,Human,36,medium,human_vs_ai_sentences
"In conclusion, technology has had a huge impact on our society.",1,AI,11,short,human_vs_ai_sentences
"Having a positive attitude means that negative emotions are suppressed and stress levels are reduced, leading to a healthier mental state.",1,AI,21,short,human_vs_ai_sentences
"Some may say if they only show what they know how are they expanding their knowledge, if they show what they know they end up getting better and better eventually you will be able to branch off to do bigger and better things.",0,Human,43,medium,human_vs_ai_sentences
"As a supervisor, I would have more control over my work and be able to make decisions that would benefit the company.",1,AI,22,short,human_vs_ai_sentences
"Sincerely,

[Your Name]",1,AI,3,very_short,human_vs_ai_sentences
The atmosphere on Venus is toxic and unbarable to huma.,0,Human,10,very_short,human_vs_ai_sentences
The opinion of people is that is a good form of meeting a President and Vice President the reason for is good an electoral college is because having of discussion the work and  your can see from who vote.,0,Human,39,medium,human_vs_ai_sentences
"First, cars are a major source of pollution.",1,AI,8,very_short,human_vs_ai_sentences
"By reducing the number of cars on the road, we can improve air quality and reduce the risk of these health problems.",1,AI,22,short,human_vs_ai_sentences
Is it better fro you to ask for more advice or less?,0,Human,12,short,human_vs_ai_sentences
"However, there are some potential downsides to this practice.",1,AI,9,very_short,human_vs_ai_sentences
.,1,AI,1,very_short,human_vs_ai_sentences
"Also, limiting car usage means less pollution.",0,Human,7,very_short,human_vs_ai_sentences
"Additionally, games can be played individually or in groups, which can help students develop social skills and teamwork.",1,AI,18,short,human_vs_ai_sentences
"Would you believe that my principal, the proud representative of Generic_School Middle School is choosing to force students to stay after school for no less than one activities regardless of my or any other kids feelings?",0,Human,36,medium,human_vs_ai_sentences
"Maybe there was a reason for not allowing us to really vote for our President diectly instead of having the elecotrs vote for them along with Congress, or even it could have just been a big mess from the beginning that Congress and H.O.R and the Senate have been fixing.",0,Human,50,medium,human_vs_ai_sentences
Sometimes most students use their phones in school because either something happened to their family members' or their parents have to talk to them about something that they forgot when the saw them in the morning.,0,Human,36,medium,human_vs_ai_sentences
Beep!,0,Human,1,very_short,human_vs_ai_sentences
"Additionally, these devices can distinguish between different types of vegetation thanks to their sensors’ ability to recognize shapes and textures; this allows them to precisely target specific areas in need while avoiding those where no treatments are necessary.",1,AI,38,medium,human_vs_ai_sentences
"If I were to encounter any problems in the workplace, I would first try to identify the root cause of the issue and work with my colleagues to find a solution.",1,AI,31,medium,human_vs_ai_sentences
"Using computer letting you work faster, and find required information.",0,Human,10,very_short,human_vs_ai_sentences
"This is especially important in cities, where air pollution can be particularly bad.",1,AI,13,short,human_vs_ai_sentences
"Cars can tend to put out polluting gases, and endanger our earth.",0,Human,12,short,human_vs_ai_sentences
their are more reasons to support this.,0,Human,7,very_short,human_vs_ai_sentences
"In an age where everything has become digitized, it's a wonder as to why online classes are not yet an option outside of colleges and universities.",0,Human,26,short,human_vs_ai_sentences
"In Elisabeth Rosenthal's article ""The End of Car Culture,"" she highlights the decrease in car ownership, fewer miles driven, and a decline in the number of licenses being acquired in the United States.",1,AI,33,medium,human_vs_ai_sentences
Many believe that curfews are overly restrictive and take away their right to make their own decisions.,1,AI,17,short,human_vs_ai_sentences
"When students have so many questions that it just ends up stressing them out, they aren't going to want to go through with the project because they will feel scared that they havn't done anything right.",0,Human,36,medium,human_vs_ai_sentences
Also some people just like the feeling of knowing they have did a good thing to brighten someone's day and put a smile on a persons face.,0,Human,27,short,human_vs_ai_sentences
"I'm much happier this way,"".",0,Human,5,very_short,human_vs_ai_sentences
When he asked only one person he didnt get enough information so he had to ask more people for advice.,0,Human,20,short,human_vs_ai_sentences
It can also have a positive impact on the environment.,1,AI,10,very_short,human_vs_ai_sentences
Technology these days are getting to be way to much.,0,Human,10,very_short,human_vs_ai_sentences
"When driving your attention should be focused on the road at all times when looking down on your phone you can't tell who or what is coming at you, which is a easier way to cause you and or someone else to be injured.",0,Human,44,medium,human_vs_ai_sentences
"Dear Principal,

I am writing to express my opinion on the possible policy change that would require students to have at least a grade B average to participate in sports or other activities.",1,AI,33,medium,human_vs_ai_sentences
The possibilities of future advances in technology are virtually limitless.,1,AI,10,very_short,human_vs_ai_sentences
"On the other hand, some argue that when a student receives too much praise for a small accomplishment, it could possibly become detrimental to their self-confidence.",1,AI,26,short,human_vs_ai_sentences
.,1,AI,1,very_short,human_vs_ai_sentences
"In conclusion, limiting car usage is a great way to help our enviroment and our health.",1,AI,16,short,human_vs_ai_sentences
This can be particularly beneficial for remote or rural communities that may not have had access to energy sources in the past.,1,AI,22,short,human_vs_ai_sentences
"Being informed and aware of the consequences of their choice, taking a moment to consider their gut instinct, and then making a decision based on what is most important to them is the best course of action.",1,AI,37,medium,human_vs_ai_sentences
Another disadvantage of distance learning is the potential for distractions.,1,AI,10,very_short,human_vs_ai_sentences
Or what if we get distracted by our phones?,1,AI,9,very_short,human_vs_ai_sentences
;imiting car usage will also improve saety since there will be less cars on the roads.,0,Human,16,short,human_vs_ai_sentences
What are the job prospects for the career you are interested in?,1,AI,12,short,human_vs_ai_sentences
They can think of their own ideas and how they want to do their project.,0,Human,15,short,human_vs_ai_sentences
"And if they can't afford it, they shouldn't be in business.",1,AI,11,short,human_vs_ai_sentences
The world is a better place with limited car usage.,0,Human,10,very_short,human_vs_ai_sentences
"So, let's keep summer alive and well, 'kay?",1,AI,8,very_short,human_vs_ai_sentences
"Instead, apply to other colleges and work hard to improve your grades.",1,AI,12,short,human_vs_ai_sentences
"Finally, books and written words are more personal.",1,AI,8,very_short,human_vs_ai_sentences
"Next, When you are a Seagoing Cowboy it may open up the world to you like it did to me.",0,Human,20,short,human_vs_ai_sentences
"Additionally, they argue that experts and authorities often have a wealth of knowledge and experience that can be valuable in making important decisions, and that individuals should seek their guidance in order to make the best possible choices.",1,AI,38,medium,human_vs_ai_sentences
!,1,AI,1,very_short,human_vs_ai_sentences
"As you may or may not know, Vice President Richard Nixon, validated only his opponent's electors.",0,Human,16,short,human_vs_ai_sentences
However little do they know you are helping them and at the end your hard work will pay off.,0,Human,19,short,human_vs_ai_sentences
"Such courses can help students develop a holistic understanding of the world around them, which is essential for their personal growth and development.",1,AI,23,short,human_vs_ai_sentences
It is important for teenagers to take the time to explore their individual goals and get the most out of their high school experience before taking on the responsibility of a job.,1,AI,32,medium,human_vs_ai_sentences
What do you do?,0,Human,4,very_short,human_vs_ai_sentences
"This trend is likely to continue as the technology improves, making it cheaper and more convenient than owning a car.",1,AI,20,short,human_vs_ai_sentences
"Tragic events happen to people everyday, and that's a factor in what can affect people's opinions.",0,Human,16,short,human_vs_ai_sentences
It is essential that we continue to acquire new facts and information in our academic or professional fields in order to grow and succeed.,1,AI,24,short,human_vs_ai_sentences
Thanks You for listening and taking my thought into consideration on changing and keeping the policy accurate .,0,Human,18,short,human_vs_ai_sentences
My opinion cars are no nessasary for everything.,0,Human,8,very_short,human_vs_ai_sentences
"And if Sarah hadn't listened to her friends and tried out for the play, she might have missed out on a great experience and regret it later.",1,AI,27,short,human_vs_ai_sentences
I believe that community service is an excellent way to help others and give back to the community.,1,AI,18,short,human_vs_ai_sentences
"When people become overwhelmed with school they begin to stop doing work and paying attention because they feel as though their is no point in doing work, if they are just going to fail anyways.",0,Human,35,medium,human_vs_ai_sentences
"Now if you live in Lebron's house, that is ridiculous.",0,Human,10,very_short,human_vs_ai_sentences
"It has created new job opportunities, increased productivity, made education more accessible, and improved family dynamics.",1,AI,16,short,human_vs_ai_sentences
This limiting of car usage really cuts down on traffic congestion and new community projects have been established to ease the transition to alternative transportation.,0,Human,25,short,human_vs_ai_sentences
"Research has shown that people who have a positive attitude tend to have better overall health, including lower levels of stress, anxiety, and depression.",1,AI,24,short,human_vs_ai_sentences
"Furthermore , phones interfere directly in our productivity since many times users get easily distracted when browsing through different apps only wasting valuable work hours every day where you could dedicate yourself towards something more meaningful that makes full utilization out your potentials .",1,AI,44,medium,human_vs_ai_sentences
"All students at SCHOOL_NAME

should take part and help.",0,Human,9,very_short,human_vs_ai_sentences
Most states take a winnertakeall system where the majority of votes for a candidate would determine that all the electors will vote for that candidate.,0,Human,25,short,human_vs_ai_sentences
This is because it allows the student and their family members to make the best decision based on the student's interests and abilities.,1,AI,23,short,human_vs_ai_sentences
"It reinforces what students have learned in class, prepares them for the future, and helps them develop responsibility and discipline.",1,AI,20,short,human_vs_ai_sentences
"Cars produce a significant amount of pollution, which contributes to climate change and other environmental problems.",1,AI,16,short,human_vs_ai_sentences
He does control our country and our future of what might happen.,0,Human,12,short,human_vs_ai_sentences
There are several reasons why I believe that the Electoral College should be abolished.,1,AI,14,short,human_vs_ai_sentences
"For example, if a successful person is the CEO of a company, they should be happy with their job because they are able to do something that they love.",1,AI,29,short,human_vs_ai_sentences
Thank you for considering my views on this important issue.,1,AI,10,very_short,human_vs_ai_sentences
"According to the passage ""The Indefensible Electoral College"" it states how, ""Under the Electoral College system, voters vote not for the president, but for a slate of electors who in turn elect the president."" Do you think that is fair?",0,Human,40,medium,human_vs_ai_sentences
"Sincerely,
[Your Name]",1,AI,3,very_short,human_vs_ai_sentences
In my oppinion this is not made by aliens.,0,Human,9,very_short,human_vs_ai_sentences
I am in favor of the legalization of marijuana.,1,AI,9,very_short,human_vs_ai_sentences
"This has happened five times in American history, most recently in 2016.",1,AI,12,short,human_vs_ai_sentences
This has helped the country reduce its carbon footprint and become a leader in sustainable energy.,1,AI,16,short,human_vs_ai_sentences
"Voters in states that are considered “safe” for one party or the other have little incentive to vote, because their vote is not likely to affect the outcome of the election.",1,AI,31,medium,human_vs_ai_sentences
"By letting students design their own projects, they can choose topics that they are passionate about and that they want to learn more about.",1,AI,24,short,human_vs_ai_sentences
"She's always been super into art, but she never thought she was good enough to actually make a career out of it.",1,AI,22,short,human_vs_ai_sentences
"However, the Electoral College is no longer necessary in the 21st century.",1,AI,12,short,human_vs_ai_sentences
The purpose of a university education is a subject of debate among academics and lay people alike.,1,AI,17,short,human_vs_ai_sentences
"We read article, take test, and wright.",0,Human,7,very_short,human_vs_ai_sentences
"This can lead to burnout and stress, which can negatively impact their performance in school.",1,AI,15,short,human_vs_ai_sentences
"When you are on the trips, you see many beautiful sights.",0,Human,11,short,human_vs_ai_sentences
Also imagine the cost of a driverless car.,0,Human,8,very_short,human_vs_ai_sentences
"It is important for the patient to be as informed as possible about their condition, so that they can make informed decisions about their treatment.",1,AI,25,short,human_vs_ai_sentences
"Additionally, since most localities depend heavily on state support for financing various projects related directly or indirectly with municipal development (such as housing subsidies), unequal distributions of money at any given time between richer and poorer jurisdictions might lead either group into further economic imbalance over time if nothing is done about it from above (i.e., at a federal level).",1,AI,60,medium,human_vs_ai_sentences
"Well, for starters, there’s a certain nostalgia associated with it – many people grew up with records playing on their parents' turntable when they were kids; hearing those same songs on vinyl brings back memories from another time.",1,AI,38,medium,human_vs_ai_sentences
As stated by Judge Richard A.,1,AI,6,very_short,human_vs_ai_sentences
they wouldn't be able to do these things because they would have to do Community service and then when they got home they would have to do home work.,0,Human,29,short,human_vs_ai_sentences
"But, honestly, I think four year programs are way better.",1,AI,10,very_short,human_vs_ai_sentences
"PUT YOUR

CELL PHONE AWAY OR IM GONNA KEEP IT!",0,Human,10,very_short,human_vs_ai_sentences
"But, like, still, it's like, not totally safe, man.",1,AI,9,very_short,human_vs_ai_sentences
"He met a nice woman who fell in love with him, and they got married.",1,AI,15,short,human_vs_ai_sentences
Most people don't express there feelings anyway so a computer sofware couldn't find it unless it has the best DNA sofware or best way to find how someones feeling on the inside.,0,Human,32,medium,human_vs_ai_sentences
It's important for us to be aware of both the positive and negative aspects of technology and to use it in a responsible and sustainable way.,1,AI,26,short,human_vs_ai_sentences
How about taking other methods of transportation for a change?,0,Human,10,very_short,human_vs_ai_sentences
"Additionally, many companies now offer remote working options, allowing employees to work from home or other locations.",1,AI,17,short,human_vs_ai_sentences
"People now walk, take the tram, or ride bicycles to school and work, and yet these people are very happy about it.",0,Human,22,short,human_vs_ai_sentences
"If anyone has a good argument for putting the fate of the presidency in the hands of a few swing voters in Ohio, they have yet to make it.",0,Human,29,short,human_vs_ai_sentences
"Hey, I'm super stoked to be writing about skateboarding!",1,AI,9,very_short,human_vs_ai_sentences
"We can go deeper into our beliefs, building on them and strengthening them to be more robust and reliable.",1,AI,19,short,human_vs_ai_sentences
"another good reason was named ""Big States"".",0,Human,7,very_short,human_vs_ai_sentences
"For example, this one study found that people who were initially perceived as being friendly and outgoing were actually rated as more intelligent and competent after getting to know them better.",1,AI,31,medium,human_vs_ai_sentences
According to the National Safety Council 6 million crashes occur each year due to using cell phones while driving.,0,Human,19,short,human_vs_ai_sentences
"Sincerely,

Your 8th grade student",0,Human,5,very_short,human_vs_ai_sentences
Success does not come without encountering failures along the way.,1,AI,10,very_short,human_vs_ai_sentences
This can improve air quality and make the environment healthier.,1,AI,10,very_short,human_vs_ai_sentences
Hey there!,1,AI,2,very_short,human_vs_ai_sentences
The advantages of limiting car usage are many.,1,AI,8,very_short,human_vs_ai_sentences
"The average annual cost of owning a car in the United States is over $10,000.",1,AI,15,short,human_vs_ai_sentences
"I've also done some research into different color combinations for a birthday party, to help give my party more of a cohesive look.",1,AI,23,short,human_vs_ai_sentences
This has been a game changer for kids like me who might struggle in a traditional classroom setting.,1,AI,18,short,human_vs_ai_sentences
"In conclusion, the author supported their idea extremely well with concrete evidence that exploring Venus is worth the risk.",0,Human,19,short,human_vs_ai_sentences
"When I create projects that allow me to be creative and enjoy myself and others, I am able to learn properly and perform well in my classes, which is the case for most student.",0,Human,34,medium,human_vs_ai_sentences
"Overall, this experiment taught me a lot about the frog's respiratory system and how it works.",1,AI,16,short,human_vs_ai_sentences
"Animals are kept in inhumane conditions, deprived of sunlight, fresh air, and space to move.",1,AI,15,short,human_vs_ai_sentences
"Also notable, Venus has the hottest sufrace temperature of any planet of solar system, wheather present additional impediments like erupting volcanoes, and powerful earthquakes.",0,Human,24,short,human_vs_ai_sentences
"We are facing dangerous pollution; ""After days of near-record pollution, Paris enforced a partial driving ban to clear the air of the global city"" (Source 2, 10).",0,Human,27,short,human_vs_ai_sentences
Trying to explore Venus has failed for over three decades.,0,Human,10,very_short,human_vs_ai_sentences
Another way is to improve bike lanes and pedestrian-friendly infrastructure.,1,AI,10,very_short,human_vs_ai_sentences
"As students get older, they want more freedom and rights.",0,Human,10,very_short,human_vs_ai_sentences
Having better health also is a advantage of the limitation of car usage.,0,Human,13,short,human_vs_ai_sentences
"The self driving cars are the new tomorrow and big dreamers will make it a reality, all we can do is be ready.",0,Human,23,short,human_vs_ai_sentences
org.,0,Human,1,very_short,human_vs_ai_sentences
The purpose of this essay is persuade people not to go to Venus beause its deadly.,0,Human,16,short,human_vs_ai_sentences
The involvement of swing states in determining election outcomes ensures that the most thoughtful and informed voters hold the power to decide the fate of the nation.,1,AI,27,short,human_vs_ai_sentences
And that's not fair.,1,AI,4,very_short,human_vs_ai_sentences
"In exploring the concept of failure and its role in achieving success, it is important to consider Winston Churchill's words about staying enthusiastic to handle failures.",1,AI,26,short,human_vs_ai_sentences
"The texts says, that no one has past over that ""face"" in awhile.",0,Human,13,short,human_vs_ai_sentences
With this technology the teacher will be able to go to the student and help the student.,0,Human,17,short,human_vs_ai_sentences
I also think you shouldn't is because some kids don't have the brain to work but could make a living out of a sport and if you don't let them then your squandering their talents.,0,Human,35,medium,human_vs_ai_sentences
These paradoxes raise questions about whether tampering with historical events might create unforeseen outcomes due to divergent timelines existing side-by-side within alternate universes; thereby leaving us uncertain about how our actions will influence reality going forward from hereonin!.,1,AI,38,medium,human_vs_ai_sentences
"Like, have you ever seen a giraffe in person?",1,AI,9,very_short,human_vs_ai_sentences
"In a world that values conformity, it can be difficult to stand up for what we believe in.",1,AI,18,short,human_vs_ai_sentences
"It is an archaic system and unreliable system in which the whole of the presidential election is decided by the bias of the few whom are ""pledged"" to a certain party but at the end can choose whoever the like the most.",0,Human,42,medium,human_vs_ai_sentences
"Hey there, Mrs.",1,AI,3,very_short,human_vs_ai_sentences
For informing teachers on how a student feel about the work that the student is given.,0,Human,16,short,human_vs_ai_sentences
"Additionally, mistakes should not be seen as shameful or embarrassing, but rather, enable us to gain valuable insight and understanding.",1,AI,20,short,human_vs_ai_sentences
Let's start with personality.,1,AI,4,very_short,human_vs_ai_sentences
That is what the author is saying.,0,Human,7,very_short,human_vs_ai_sentences
"That pressure, which usually complicates the election process, is cut back by the Electoral College, which will give a clear answer.",0,Human,21,short,human_vs_ai_sentences
Broad knowledge of many academic subjects is better than specializing in one specific subject because it allows students to learn about a variety of different topics and to develop skills that will be useful in many different fields.,1,AI,38,medium,human_vs_ai_sentences
Let's just enjoy the ride!,1,AI,5,very_short,human_vs_ai_sentences
"However, this approach has the potential to be more error-prone, as there is a lack of the experience and knowledge that others can provide.",1,AI,24,short,human_vs_ai_sentences
Therefore Drivers should not be able to use cell phones in any capacity while operating a vehicle for the safety of others and for themselves.,0,Human,25,short,human_vs_ai_sentences
Cell phones can also help students remember things like tests or homework.,0,Human,12,short,human_vs_ai_sentences
"However, I also believe that their problems deserve the attention of governments, and that there are a number of ways for young people to be heard.",1,AI,26,short,human_vs_ai_sentences
"A healthy lifestyle is a key factor in modern life, and it's no secret that regular exercise and proper nutrition can have a great impact on our physical and mental well-being.",1,AI,31,medium,human_vs_ai_sentences
With one wrong letter or number the address you type cant get mixed up with a diffrent address and you will not know where you are at.,0,Human,27,short,human_vs_ai_sentences
Now her paint is hanging in the museum of art and is displayed every month downtown.,0,Human,16,short,human_vs_ai_sentences
"But for some students, science experiments can be intimidating and can lead to a negative outlook on science and the laboratory.",1,AI,21,short,human_vs_ai_sentences
"Last is death, Think about how many people you can kill in a car crash.",0,Human,15,short,human_vs_ai_sentences
This makes them the best person at school for advice.,0,Human,10,very_short,human_vs_ai_sentences
This leads to more time for extracurricular activities that in the end help develop these students into better citizens.,0,Human,19,short,human_vs_ai_sentences
It has the same relative desity and size as Earth.,0,Human,10,very_short,human_vs_ai_sentences
"For instace, who are the electors?",0,Human,6,very_short,human_vs_ai_sentences
I would say the biggest issue today is global warming.,1,AI,10,very_short,human_vs_ai_sentences
"By reframing problems as chances to do their best, people are motivated to put forth their best efforts and overcome obstacles.",1,AI,21,short,human_vs_ai_sentences
The ban resulted in a 60 percent decrease in congestion and a significant reduction in air pollution.,1,AI,17,short,human_vs_ai_sentences
We would be saving money and we would be making the streets a safer place to be.,0,Human,17,short,human_vs_ai_sentences
"Ultimately, students desire rest and time to enjoy personal activities during the summer; they are more likely to create a manageable project for themselves, since they should know how much personal time they allot during school and a summer completely free from obligation and can create a balance between them.",0,Human,50,medium,human_vs_ai_sentences
"In conclusion, the decision of whether to implement an extended school day should be carefully assessed by the school and district, taking into account both the potential positives and negatives of such a measure.",1,AI,34,medium,human_vs_ai_sentences
"If the world leader made a choice based just on what he thought, then the country would probably get mad.",0,Human,20,short,human_vs_ai_sentences
Going to the park with friends or people you like surrounding yourself with is fun and enjoyable because you guys can make up a game or play a game and play in different teams and see which team wins first.,0,Human,40,medium,human_vs_ai_sentences
"So, let's dive in!",1,AI,4,very_short,human_vs_ai_sentences
They argrued that the face was 41 degrees north of the martian latitude where it was winter at the time of the picture.,0,Human,23,short,human_vs_ai_sentences
.,1,AI,1,very_short,human_vs_ai_sentences
The Ability to Persevere: A Reflection on the Role of Resilience in Our Lives.,1,AI,14,short,human_vs_ai_sentences
"Which we do have the technology to do all this, but it will take time to make sure everything should be how it should be so that things are capable of the planets atmosphere, like a rocket ship that could be launched to Venus.",0,Human,44,medium,human_vs_ai_sentences
"Shaped like a boot, it is just a land form that naturally occured, looking like something we know.",0,Human,18,short,human_vs_ai_sentences
The Facial Action Coding System doesnt teach kids realting to their school subjects.,0,Human,13,short,human_vs_ai_sentences
Now there are some benefits if the Electoral College.,0,Human,9,very_short,human_vs_ai_sentences
.,1,AI,1,very_short,human_vs_ai_sentences
Some people might think that being in an extracurricular activity can be a waste of time.,0,Human,16,short,human_vs_ai_sentences
"There are many reasons for this, but the most important ones are that it will help reduce poverty, stimulate the economy, and ensure that workers are paid a fair wage for their labor.",1,AI,33,medium,human_vs_ai_sentences
"Another concern is that some students may find distance learning dull, and struggle to concentrate and learn on their own.",1,AI,20,short,human_vs_ai_sentences
"Giving praise too often can lead students to become dependent on external validation, making them less likely to take initiative and self-motivate if it doesn't come with the promise of a reward.",1,AI,32,medium,human_vs_ai_sentences
"It also helps learners to develop their vocabulary and grammar skills, and to improve their confidence when using English.",1,AI,19,short,human_vs_ai_sentences
"Many studies have also shown that a day without a car is a very effective stress reliever, as stated in Source 3.",0,Human,22,short,human_vs_ai_sentences
"This is due to a number of factors, including the increasing cost of car ownership, the environmental impact of car emissions, and the desire to live in more walkable and bikeable communities.",1,AI,32,medium,human_vs_ai_sentences
Teacher may want to have them design them because they think students would make it extremely easy which is fair.,0,Human,20,short,human_vs_ai_sentences
"💡 Becoming a forensic scientist is like, totally my dream job!",1,AI,11,short,human_vs_ai_sentences
This serves as a reminder that – while it’s important to go into a situation with an open mind – it’s not always wise to judge a book by its cover.,1,AI,31,medium,human_vs_ai_sentences
"According to the article, the Face is about 1.5 miles wide, which means that it would have taken a massive amount of resources and technology to construct.",1,AI,27,short,human_vs_ai_sentences
Technology can also help people in difficult situations.,1,AI,8,very_short,human_vs_ai_sentences
"It can help to reduce pollution, improve traffic flow, and save money.",1,AI,12,short,human_vs_ai_sentences
"It is important to assess the individual needs of our students and provide access to a wide variety of classes, both electives and core classes, which will ultimately prepare them for any career of their choosing.",1,AI,36,medium,human_vs_ai_sentences
As stated by Judge Richard A.,1,AI,6,very_short,human_vs_ai_sentences
It implies that people are inherently inadequate and must strive to be perfect in order to be worthy of love and acceptance.,1,AI,22,short,human_vs_ai_sentences
If you were to join the Seagoing Cowboys you would be a part of a very important program.,0,Human,18,short,human_vs_ai_sentences
"I've realized that it's so much better to just be yourself, no matter what.",1,AI,14,short,human_vs_ai_sentences
"If they cant do the activity, and find it hard, that would just make the whole school year harder for them.",0,Human,21,short,human_vs_ai_sentences
Ummm...Hey there!,1,AI,2,very_short,human_vs_ai_sentences
"In conclusion, there examples, rock formation, camera quality, and the fact that NASA said it was a landform, that aliens were not the ones who created this face but it is a natural landform.",0,Human,34,medium,human_vs_ai_sentences
What college would you like to attend?,0,Human,7,very_short,human_vs_ai_sentences
Communites like Vauban are set up in a way that makes life easy for the car-less citizens.,0,Human,17,short,human_vs_ai_sentences
"With self driving cars, the possibilities are endless.",0,Human,8,very_short,human_vs_ai_sentences
Learning requires focus.,0,Human,3,very_short,human_vs_ai_sentences
"If we can find ways to make it easier for people to get around without a car, we can make our cities healthier, more efficient, and more enjoyable places to live.",1,AI,31,medium,human_vs_ai_sentences
"It's not all fun and games, though – you'll also learn valuable skills like navigation, teamwork, and responsibility.",1,AI,18,short,human_vs_ai_sentences
"We need to take action now, before it's too late.",1,AI,10,very_short,human_vs_ai_sentences
"Therefor, being later in night dose not meant that young people are doing bad stuff or their are in gangs also they are just having fun in their way.",0,Human,29,short,human_vs_ai_sentences
"In Conclusion, Making a facial movements and expression while communicating with others is important because it will tell the others how you feels.",0,Human,23,short,human_vs_ai_sentences
"Of course, facts are still important.",1,AI,6,very_short,human_vs_ai_sentences
Driverless cars are thought to be the future; I want no part in such a dangerous place.,0,Human,17,short,human_vs_ai_sentences
"In several elections, including 2000 and 2016, the winner of the national popular vote did not win the presidency due to the current system.",1,AI,24,short,human_vs_ai_sentences
In each paragraph I will be supporting my reasons.,0,Human,9,very_short,human_vs_ai_sentences
The whole point of even having a president is to control and keep the United States Of America happy.,0,Human,19,short,human_vs_ai_sentences
"One of the headlines however are if students will benefit from taking classes at the comfort of one's home, or if it should be in a composed classroom.",0,Human,28,short,human_vs_ai_sentences
"If you simply cannot resist the urge to check messages or talk on the phone while driving, take the time to pull off of the roadway and park your vehicle before picking up your cell phone.",0,Human,36,medium,human_vs_ai_sentences
This is not true.,0,Human,4,very_short,human_vs_ai_sentences
As shown in Source 1: What Is the Electoral College?,0,Human,10,very_short,human_vs_ai_sentences
The limitation of car usage will provide a more healthy enviornment for the earth as well as those who live on it.,0,Human,22,short,human_vs_ai_sentences
"This can lead to a breakdown in teamwork, communication, and collaboration, which can ultimately harm the organization's success.",1,AI,18,short,human_vs_ai_sentences
"By doing so, we can make the most of our high school years, make more informed decisions about our education and personal development, and navigate the college application process more effectively.",1,AI,31,medium,human_vs_ai_sentences
"However, it is often said that successful people are those who are willing to try new things and take risks.",1,AI,20,short,human_vs_ai_sentences
"For example, some celebrities may not want to do interviews because they do not want their personal life to be discussed, and they may not want their children to be photographed.",1,AI,31,medium,human_vs_ai_sentences
I believe it is even more of a hassle than driving ever would be.,0,Human,14,short,human_vs_ai_sentences
"[Your Name]
[Your Address]
[City, State ZIP Code]
[Date]

[State Senator's Name]
[Address]
[City, State ZIP Code]

Dear Senator [Last Name],

As a high school student studying American government, I feel compelled to express my thoughts on the upcoming presidential election and the role of the Electoral College in determining the winner.",1,AI,52,medium,human_vs_ai_sentences
"By viewing university education in this light, students will be able to make the most out of the experience and gain the skills and knowledge that will benefit them in the future.",1,AI,32,medium,human_vs_ai_sentences
Biodiversity loss resulting from these threats could lead future generations,1,AI,10,very_short,human_vs_ai_sentences
"However, it is also important to take breaks and allow ourselves time to rest and recover.",1,AI,16,short,human_vs_ai_sentences
"But, like, sometimes I think it's not all good.",1,AI,9,very_short,human_vs_ai_sentences
You have now seen the great benefits of becoming a sea cowboy.,0,Human,12,short,human_vs_ai_sentences
Developing positive habits such as attending lectures regularly and forming relationships with professors can make learning easier by providing support both academically and emotionally; It’s also important to take breaks now and then as burning out too quickly won’t do any good either!.,1,AI,43,medium,human_vs_ai_sentences
You should always ask more than one person.,0,Human,8,very_short,human_vs_ai_sentences
"Secondly, distance learning classes allow students the opportunity for students to take extra classes and expand their knowledge.",0,Human,18,short,human_vs_ai_sentences
With this group the students grades can improve.,0,Human,8,very_short,human_vs_ai_sentences
"If we have our phones in class, we can easily call our parents or a trusted teacher if we need help or if something happens.",1,AI,25,short,human_vs_ai_sentences
"In conclusion, keeping the Electoral College is crucial for the health and stability of our democratic system.",1,AI,17,short,human_vs_ai_sentences
Even though there are many reasons for using a phone while driving there are some benefits.,0,Human,16,short,human_vs_ai_sentences
Generic_Name asked another person who dealt with money as their job and they gave the advice that you should not buy it until you need to do so and buy the shirt and pants when you know you have enough money.,0,Human,41,medium,human_vs_ai_sentences
This can lead to better grades and more opportunities for academic success.,1,AI,12,short,human_vs_ai_sentences
"Many students state, ""I can't sit anymore"".",0,Human,7,very_short,human_vs_ai_sentences
"Thins will be more convienient, and more environmentally friendly.",0,Human,9,very_short,human_vs_ai_sentences
"Moreover, books are carefully curated and edited, ensuring that the information they contain is accurate and reliable.",1,AI,17,short,human_vs_ai_sentences
"Although teacher-designed summer projects would help set guidelines so that the students can learn as much as they can, student-designed projects will let the students showcases their creativity.",0,Human,28,short,human_vs_ai_sentences
Limiting car usage can also save money.,1,AI,7,very_short,human_vs_ai_sentences
This opportunity will help students in so many ways.,0,Human,9,very_short,human_vs_ai_sentences
The impact of modern professional soccer goes far beyond simply entertainment value too; many studies have shown that playing regularly can help reduce stress levels (especially among children) whilst offering an effective form of exercise that keeps minds sharper for longer periods of time than traditional sports like running or cycling do.,1,AI,52,medium,human_vs_ai_sentences
Okay!,1,AI,1,very_short,human_vs_ai_sentences
"While it may seem like an extra hour would give students more time to learn and study, research has shown that students' cognitive abilities peak in the morning and early afternoon.",1,AI,31,medium,human_vs_ai_sentences
"Whether it's the pressure to succeed in school, the desire to advance in a career, or the drive to achieve personal goals, the path to success is rarely a straight line.",1,AI,31,medium,human_vs_ai_sentences
"Dear Senator of Florida,

Recently I have begun to research the difference in effect on the people of Ameirca, between the Electoral College and the result of popular cote for President.",0,Human,31,medium,human_vs_ai_sentences
"Evidence: According to the article ""Unmasking the Face on Mars,"" the Face is just a mesa, which is a flat-topped mountain.",1,AI,21,short,human_vs_ai_sentences
Therefore there was not alien monument.,0,Human,6,very_short,human_vs_ai_sentences
"According to source 2: Paris bans driving due to smog, ""Congestion was down 60 percent in the capital of France..."" in just five short days.",0,Human,25,short,human_vs_ai_sentences
"And, like, seriously, dress codes are so sexist.",1,AI,8,very_short,human_vs_ai_sentences
Technological advances have been essential for humanity’s progress and development.,1,AI,10,very_short,human_vs_ai_sentences
"By adopting a ""smart planning"" approach, as seen in Vauban, neighborhoods can be designed with amenities within walking or biking distance.",1,AI,21,short,human_vs_ai_sentences
thezebra.,0,Human,1,very_short,human_vs_ai_sentences
Another example of the benefits of making my own decisions is when I decided to switch majors in college.,1,AI,19,short,human_vs_ai_sentences
People smile at the screen all the time and has different feelings.,0,Human,12,short,human_vs_ai_sentences
"Like, you might have to miss out on some fun stuff with your friends or family because you gotta work.",1,AI,20,short,human_vs_ai_sentences
"Without being able to collect samples, the author weakens his argument to study Venus despite the dangers it presents.",0,Human,19,short,human_vs_ai_sentences
The way this benefits you is because now that you got three different opinions on your matter you can pick which one that you would like to do.,0,Human,28,short,human_vs_ai_sentences
In my conclution we should not have self driveing cars.,0,Human,10,very_short,human_vs_ai_sentences
Some students have after school sports that take up much of their time.,0,Human,13,short,human_vs_ai_sentences
The Constitution is a document of equality for the people.,0,Human,10,very_short,human_vs_ai_sentences
"Working in groups help to have everything done on time, since we are gathering many types of ideas and information from everyone.",0,Human,22,short,human_vs_ai_sentences
"In this essay, I will discuss the importance of hard work and determination for success, provide a personal example of when I had to fight for a goal, explore an influential person who achieved success through hard work and perseverance, and analyze the implications of hard work for accomplishing goals and feeling pride.",1,AI,53,medium,human_vs_ai_sentences
The computer knows when you are sad and happy.,0,Human,9,very_short,human_vs_ai_sentences
"Furthermore,Somebody who is smart might not be the best person to ask, sure they are smart but they have not gone thought the things wise and elderly people have experienced.",0,Human,30,short,human_vs_ai_sentences
What if something happens to one of your family members and you can't use your cell then that's when policy one comes in and your family member was in a car crash or something then you won't get in trouble for using your phone at lunch because lunch is like a little break from school.,0,Human,55,medium,human_vs_ai_sentences
"Yes, they should.",0,Human,3,very_short,human_vs_ai_sentences
Thousands of injuries and deaths happen yearly due to distracted drivers harming others and those people could be passengers or just pedestrians.,0,Human,22,short,human_vs_ai_sentences
There are many advantages of limiting car usage in society.,0,Human,10,very_short,human_vs_ai_sentences
That way they will not have to go to the office to call during class.,0,Human,15,short,human_vs_ai_sentences
"find in paragraph 1)"", but in my opinoin i think that we should change the election by the popular votes.",0,Human,20,short,human_vs_ai_sentences
"When i was in the 6th grade, for fun, our teacher assigned the class to design a volcano that had to shoot up as far as possible into the air, made with paper mache, glue, and other accessible materials.",0,Human,39,medium,human_vs_ai_sentences
The founding fathers established the electoral college in the Constitution as a compromise between election of the president by a vote in Congress and election by the popular vote of the citizens.,0,Human,32,medium,human_vs_ai_sentences
"Another is to build more sidewalks and bike lanes, which would make it easier for people to walk or bike instead of driving.",1,AI,23,short,human_vs_ai_sentences
"So, you know how people always say that dreams are important and stuff?",1,AI,13,short,human_vs_ai_sentences
every day we have differnt caract or diferent emotional feeling and i don't know how Monna Lisa can be really intended tom bring a smile for us face.,0,Human,28,short,human_vs_ai_sentences
"For some people, this might be a real issue.",1,AI,9,very_short,human_vs_ai_sentences
But are students really doing educational purposes?,0,Human,7,very_short,human_vs_ai_sentences
There is a lot of evidence that support my claim.,0,Human,10,very_short,human_vs_ai_sentences
It's also about helping people in need.,1,AI,7,very_short,human_vs_ai_sentences
"However, there are some potential downsides to setting high goals.",1,AI,10,very_short,human_vs_ai_sentences
"Heidrun Walter, one of the citizens there stated ""When i had a car I was always tense.",0,Human,17,short,human_vs_ai_sentences
The Electoral College essentially gives us a definitive outcome and deters the complications that could arise from run-off elections.,1,AI,19,short,human_vs_ai_sentences
I think that lower amounts cars out driving would improve the air quality and the health of wildlife in the area.,0,Human,21,short,human_vs_ai_sentences
"I mean, I had never played anything before, so it was hard to even hold the thing!",1,AI,17,short,human_vs_ai_sentences
Its best if all drivers will stay off their phones while they drive.,0,Human,13,short,human_vs_ai_sentences
"It can open the door for us to take advantage of greater opportunities, foster better relationships, and lead to a healthier, happier life.",1,AI,23,short,human_vs_ai_sentences
"That person will eventually become bankrupt, have to sell their house, and their car, and live in a box for their entire life.(Yahoo news) And no one wants to live in a box.",0,Human,33,medium,human_vs_ai_sentences
Another reason is that we are often buying products that are packaged in plastic.,1,AI,14,short,human_vs_ai_sentences
I turned to my left to tell Generic_Name about the girl.,0,Human,11,short,human_vs_ai_sentences
"Also, research has consistently shown that hiring decisions are strongly influenced by first impressions – a candidate's interview appearance, mannerisms, and written resume usually play a major role in the ultimate xdecision.",1,AI,32,medium,human_vs_ai_sentences
"For centuries, we have followed a certian system estabolished by our founding fathers.",0,Human,13,short,human_vs_ai_sentences
"For instance, I've been playing football since 5 years old because my dad is also a football player.",0,Human,18,short,human_vs_ai_sentences
When a driver is on their phone at a red light this can cause them to not pay attention to the stop light which means the other drivers are most likely to get mad and result into nasty behavior such as blowing the horn or simply putting their selves in jeopardy by going around the other person.,0,Human,57,medium,human_vs_ai_sentences
"In this essay, I will argue in favor of the development of driverless cars, using details from the article to support my position.",1,AI,23,short,human_vs_ai_sentences
Is the FACS (known as the Facial Action Coding System) a good idea to read the emotional expessions of students in a classroom valuable?,0,Human,24,short,human_vs_ai_sentences
"In 2008 when Barack Obama won his election to become the 44th president of the United States, he didn't win by being the popular canadite, Obama won by his passion to make this country better than it already is.",0,Human,39,medium,human_vs_ai_sentences
In the country that we the people live in.,0,Human,9,very_short,human_vs_ai_sentences
It only takes an hour or so to help clean up the neighborhood or give a homeless person food or clothing.,0,Human,21,short,human_vs_ai_sentences
"Hey, I'm like totally stoked to be writing this essay about the city council's new curfew for teenagers!",1,AI,18,short,human_vs_ai_sentences
"Firstly, more viewpoints means more perspectives are considered.",1,AI,8,very_short,human_vs_ai_sentences
School is the best way to learn how to comunicate.,0,Human,10,very_short,human_vs_ai_sentences
If we change that then we will have to change the whole world.,0,Human,13,short,human_vs_ai_sentences
"Posner)

While opponents argue that the Electoral College discourages voters in states where their preferred candidate has no chance of winning, it is important to note that voter turnout is not solely driven by the belief that one vote can decide an election.",1,AI,43,medium,human_vs_ai_sentences
Or why play video games with just person whe you can have your whole freind group play to.,0,Human,18,short,human_vs_ai_sentences
the point is the students need to prepare for their future.,0,Human,11,short,human_vs_ai_sentences
"Relying on one voting could put the wrong president in place, and our country is at stake in this situation.",0,Human,20,short,human_vs_ai_sentences
"Sincerely,

[Your Name]",1,AI,3,very_short,human_vs_ai_sentences
"While there are valid criticisms of the Electoral College system, such as the winner-take-all system and the potential for faithless electors, the advantages outlined above make a compelling case for retaining this system.",1,AI,33,medium,human_vs_ai_sentences
"Secondly, legalizing marijuana can help the government make money.",1,AI,9,very_short,human_vs_ai_sentences
"To begin with, it is important to recognize that hunger and unemployment are serious issues that can lead to dire consequences.",1,AI,21,short,human_vs_ai_sentences
Sometimes the students forget about the project that the teachers designed to them because they don't want to do it or they just didn't understand the idea the teacher was giving them.,0,Human,32,medium,human_vs_ai_sentences
Let's make a change for the better!,1,AI,7,very_short,human_vs_ai_sentences
Good communication between yourself and those around you such as employees or suppliers is essential if things are going to run smoothly within the workplace environment; taking into account their needs whilst not losing sight of yours will create a harmonious atmosphere where everyone feels respected and valued for their contribution towards achieving common goals .,1,AI,56,medium,human_vs_ai_sentences
"Middle school is tough, yes we should try our best and some of us do and we still have a C average or lower.",0,Human,24,short,human_vs_ai_sentences
"Kid President once said ""Use your brain"".",0,Human,7,very_short,human_vs_ai_sentences
"For example, students who are more active may need more protein and carbohydrates to fuel their bodies, while students who are less active may need fewer calories and more fruits and vegetables.",1,AI,32,medium,human_vs_ai_sentences
"In 1947, Luke had made nine trips-the most of any Seagoing Cowboy.",0,Human,12,short,human_vs_ai_sentences
I strongly agree with the statement that successful people try new things and take risks rather than only doing what they already know how to do well.,1,AI,27,short,human_vs_ai_sentences
Cars also contribute to climate change.,1,AI,6,very_short,human_vs_ai_sentences
I wouldnt have understood it as well if I hadn't stayed for a study group to help me.,0,Human,18,short,human_vs_ai_sentences
Typically if someone has an opinion of something they try to fight the opposing side.,0,Human,15,short,human_vs_ai_sentences
"Biking with loved ones creates a sense of camaraderie and adventure, and it's a great way to spend quality time together.",1,AI,21,short,human_vs_ai_sentences
"When you're young, you have the time and energy to focus on your career goals without the added stress of other responsibilities like a job or family.",1,AI,27,short,human_vs_ai_sentences
"Okay, so, first off, college degrees are super beneficial.",1,AI,9,very_short,human_vs_ai_sentences
The Electoral College also discourages voter participation.,1,AI,7,very_short,human_vs_ai_sentences
So the pet could die also.,0,Human,6,very_short,human_vs_ai_sentences
I disagree with the following statement.,1,AI,6,very_short,human_vs_ai_sentences
Self-confidence is really important for people to feel good about their own selves.,0,Human,13,short,human_vs_ai_sentences
"""It's good oppurtunity to take away stress..."" (source 3 paragraph 24) said businessman Carlos Artura Plaze when he was asked about the banning of cars for the third straight year in Germany( source 3 paragraph 24).",0,Human,36,medium,human_vs_ai_sentences
"This is because the more I learn about a particular subject, the better I will be at solving problems in that field of study.",1,AI,24,short,human_vs_ai_sentences
And then the owner of the car doesn't have the money to go out and buy a new one.,0,Human,19,short,human_vs_ai_sentences
One reason is that young people are more likely to have fun and enjoy their life.,1,AI,16,short,human_vs_ai_sentences
"In conclusion, a person's first impression can have a significant impact on their life.",1,AI,14,short,human_vs_ai_sentences
"Many people argue that, during their school age, students require more guidance and are not capable of making their own decisions.",0,Human,21,short,human_vs_ai_sentences
"So, what can we do about it?",1,AI,7,very_short,human_vs_ai_sentences
A facial action coding system sounds very confusing.,0,Human,8,very_short,human_vs_ai_sentences
"People with a C average should be able to be on the team, but maybe just not play in the games.",0,Human,21,short,human_vs_ai_sentences
"Finally, the Electoral College is simply confusing and unnecessary.",1,AI,9,very_short,human_vs_ai_sentences
"Now we have phones, television, etc.",0,Human,6,very_short,human_vs_ai_sentences
"In the article ""The Challenge of Exploring Venus"" the author suggests that studying Venus is a worthy persuit despite its dangers through the uses of facts and examples.",0,Human,28,short,human_vs_ai_sentences
"The author states Venus has ""valleys, mountains, and craters."" Telling the readers this information makes it seem as if seeing Venus would feel comfortable to us and nothing too out of the ordinary.",0,Human,33,medium,human_vs_ai_sentences
"For example in Vauban, Germany a suburban community has made car use generally forbidden.",0,Human,14,short,human_vs_ai_sentences
edgarsnyder.,0,Human,1,very_short,human_vs_ai_sentences
"Sincerely,

An 8th grade student",0,Human,5,very_short,human_vs_ai_sentences
Like the example given in the story the Zygomatic major ( muscles that begin at youR cheek bones) lift the corners of your mouth.,0,Human,24,short,human_vs_ai_sentences
"Semantic encoding, the act of obtaining memories by relating information directly to the source, increases retention time because the students grapple with the topic, and they encode the information to long-term memory.",0,Human,32,medium,human_vs_ai_sentences
"Without the stress of sitting in a tiny box in todays new trafic jam, yelling at the car infont of you, behind you, or next to you, you could be out enjoying the fresh air not having to worry about being late because of an accident you weren't even in.",0,Human,50,medium,human_vs_ai_sentences
Some teenagers might have to work instead of schooling just to help their families survive.,0,Human,15,short,human_vs_ai_sentences
"People who become famous, millionaires, and company owners they had good and bad ideas but they still became rich or powerful people by learning their mistakes.",0,Human,26,short,human_vs_ai_sentences
"However, I have also felt demotivated and discouraged by failure.",1,AI,10,very_short,human_vs_ai_sentences
This is simply not fair.,1,AI,5,very_short,human_vs_ai_sentences
"They felt overwhelmed and uncertain, and they didn't know where to turn for help.",1,AI,14,short,human_vs_ai_sentences
We could have a chart over a year and the child has to do so many hours of service can get credits for graduation.,0,Human,24,short,human_vs_ai_sentences
"And sometimes, like, the classes are even free!",1,AI,8,very_short,human_vs_ai_sentences
"But, it's not just about the game developers.",1,AI,8,very_short,human_vs_ai_sentences
"For example, the media might print untrue stories about a celebrity's personal life, which can ruin their reputation.",1,AI,18,short,human_vs_ai_sentences
"So even if you're setting a good example, they might not notice or care.",1,AI,14,short,human_vs_ai_sentences
"Overall, while focusing on a single task can be extremely beneficial and help you achieve better results, it is important to remember that there are also some limitations to be aware of.",1,AI,32,medium,human_vs_ai_sentences
It was so worth it in the end.,1,AI,8,very_short,human_vs_ai_sentences
For starters some people might want to know what to Electoral College is and they might want to send you a letter about it and what would you say?,0,Human,29,short,human_vs_ai_sentences
"Some examples are sports, music, and helping our neighborhood out.",0,Human,10,very_short,human_vs_ai_sentences
Are driverless cars a bad thing?,0,Human,6,very_short,human_vs_ai_sentences
I will make a project on the history of dance.,0,Human,10,very_short,human_vs_ai_sentences
There is no denying that facts are important.,1,AI,8,very_short,human_vs_ai_sentences
"After conducting research and analyzing the classes offered in both types of high schools, I have come to the conclusion that taking four years of high school provides more benefits than taking three years.",1,AI,34,medium,human_vs_ai_sentences
"Indeed, distance learning gives students the chance to learn in a calm and safe environment, hone their independence and autonomy, and gain access to a variety of courses and resources beyond what they might usually find in their local school system.",1,AI,41,medium,human_vs_ai_sentences
"We can go to Europe,Greece,and even Antartica!",0,Human,7,very_short,human_vs_ai_sentences
That's a tough one.,1,AI,4,very_short,human_vs_ai_sentences
"Summer is a time when people don't have too much going on, so it promotes laziness and procrastination, but with an interesting assignment it could bring students off the couch.",0,Human,30,short,human_vs_ai_sentences
"It serves as a compromise of the presidential election in Congress and by popular vote"" (paragraph 1).",0,Human,17,short,human_vs_ai_sentences
"In conclusion, while it is understandable why so many people choose to look at the most pragmatic considerations when making their decision, I believe that one should take into account their natural talents and interests when making this decision.",1,AI,39,medium,human_vs_ai_sentences
"I would not get in a car without a human being behind the wheel I would not put my life in the ""hands"" of a car.",0,Human,26,short,human_vs_ai_sentences
I know I would be.,1,AI,5,very_short,human_vs_ai_sentences
"For example, it would be difficult to regulate and control the sale of marijuana.",1,AI,14,short,human_vs_ai_sentences
"First off, app development is becoming increasingly essential for businesses from every industry due to its immense potential for creating unique user experiences, driving customer engagement and loyalty with innovative features, optimizing processes and increasing efficiency across departments.",1,AI,38,medium,human_vs_ai_sentences
"From my personal experience, I can relate to having others critic and check my work because I know the helpfulness and understanding I get, can make a real impact on me.",0,Human,31,medium,human_vs_ai_sentences
"Extracurricular activities should be left to the students and their families because students would do something they like, and students will concentrate more in class.",0,Human,25,short,human_vs_ai_sentences
"The so-called ""Face on Mars"" is simply a natural landform and was not created by aliens.",1,AI,16,short,human_vs_ai_sentences
This is putting into perspective that even futurists didn't believe it was possible but Google has achieved this monument to perfection.,0,Human,21,short,human_vs_ai_sentences
"If I need to rewatch a lesson or take a break, I can do that without feeling like I'm falling behind.",1,AI,21,short,human_vs_ai_sentences
Sometimes the after effect are worse.,0,Human,6,very_short,human_vs_ai_sentences
Working together during a game or other type of cooperative activity encourages teamwork while helping kids develop problem solving skills through communication with each other -all important life lessons which will benefit them outside of classroom walls as well!.,1,AI,39,medium,human_vs_ai_sentences
I was completely overwhelmed by a seemingly insurmountable challenge that had been set before me: to build a complex website in a very short amount of time.,1,AI,27,short,human_vs_ai_sentences
These particular formations are especially common in the Cydonia region of Mars.,0,Human,12,short,human_vs_ai_sentences
The Electoral College also maintains certainty of outcome.,1,AI,8,very_short,human_vs_ai_sentences
And what about the now large amount of illeagal emmagints whom can't get a vote because of citizenship.,0,Human,18,short,human_vs_ai_sentences
The policy would make it so that you would get a chance to learn the subject completely and that you would have a week and a half or so to get your grade up.,0,Human,34,medium,human_vs_ai_sentences
It will also help us on our back history like wars and thing like that.,0,Human,15,short,human_vs_ai_sentences
"Overall, while there are potential benefits to conserving energy and resources, the implications of an extended school day should be carefully considered when considering the needs of families, jobs, and other responsibilities.",1,AI,32,medium,human_vs_ai_sentences
Is it worth paying the prices?,0,Human,6,very_short,human_vs_ai_sentences
"[Your Name]
[Your Address]
[City, State ZIP Code]
[Date]

[Senator’s Name]
[Address]
[City, State ZIP Code]

Dear [Senator’s Name],

I am writing to you today to express my opinion on the Electoral College system that we use to elect the President of the United States.",1,AI,45,medium,human_vs_ai_sentences
Just to impress girls or to look cool.,0,Human,8,very_short,human_vs_ai_sentences
"I mean, I'm not sure how much, but it's gotta be a pretty good amount, right?",1,AI,16,short,human_vs_ai_sentences
Having to trust your car to do the things you want it to do is stomach wrenching.,0,Human,17,short,human_vs_ai_sentences
There are a lot of different reasons why people might want to use the university education for both purposes.,1,AI,19,short,human_vs_ai_sentences
Driverless cars are the future.,0,Human,5,very_short,human_vs_ai_sentences
"Thirdly, it is better for people to have inactive times because they get more energy.",0,Human,15,short,human_vs_ai_sentences
It is decided uponthe general population of the sate.,0,Human,9,very_short,human_vs_ai_sentences
"Some start to feel that they shouldn't vote because their one vote wouldn't have the power to change anything, and wouldn't even ensure the election of the president they want.",0,Human,30,short,human_vs_ai_sentences
The author supports this idea by describing how Venus might have once been the most Earth-like planet in our solar system.,0,Human,21,short,human_vs_ai_sentences
"If the teacher ignores this behavior and only praises the good behavior of other students, the disruptive student may feel left out and unimportant.",1,AI,24,short,human_vs_ai_sentences
It's like having a personalized tutor in our pocket!,1,AI,9,very_short,human_vs_ai_sentences
"In conclusion, limiting car usage has several advantages for individuals and society.",1,AI,12,short,human_vs_ai_sentences
"Young people may be more likely to engage in a wide range of thrilling activities, such as extreme sports, that can leave them feeling exhilarated and alive.",1,AI,27,short,human_vs_ai_sentences
"______________________________________________________________________

The Creation of Recess

______________________________________________________________________________

Dear principal TEACHER_NAME,

I'm aware that you are attempting to improve the GPA of the students by taking away sports from those with a c grade average.",0,Human,33,medium,human_vs_ai_sentences
Students will have a harder time missing school due to an emergency or due to a sickness that could prevent them from going school because online learning can provide students with access to all the classes they need from anywhere.,0,Human,40,medium,human_vs_ai_sentences
What is the worst that can happen when you try something new?,0,Human,12,short,human_vs_ai_sentences
"So, yeah.",1,AI,2,very_short,human_vs_ai_sentences
"You can help out you next door naboheir or you can help out at school or you can simply help someone take there food to the car, when your at the grocery store.",0,Human,33,medium,human_vs_ai_sentences
"Even if the car wasn't ""fully automated"" and the driver would have to take over at some point, the less work you have to do, the more time you have to work on something else.",0,Human,35,medium,human_vs_ai_sentences
When you tighten your lips some tipes it shows anger.,0,Human,10,very_short,human_vs_ai_sentences
"I was a Seagoing

Cowboy.",0,Human,5,very_short,human_vs_ai_sentences
The fahrenheit of Venus is extremely hot.,0,Human,7,very_short,human_vs_ai_sentences
"Through social media and video-conferencing, family members who live far away can easily stay in touch, filling thousands of miles of physical space with the warmth of digital connection.",1,AI,29,short,human_vs_ai_sentences
"Libraries continue to play a crucial role in today's society, and their importance should not be underestimated.",1,AI,17,short,human_vs_ai_sentences
This can work as a foundation for students to build upon throughout the year.,0,Human,14,short,human_vs_ai_sentences
You can look at your phone when you get home or when your parked in a parking lot.,0,Human,18,short,human_vs_ai_sentences
"First, it can save you money.",1,AI,6,very_short,human_vs_ai_sentences
Having the students work harder on their projects would increase their learning within the assignment that was handed to them.,0,Human,20,short,human_vs_ai_sentences
"Moreover, the policy could also take away from essential resources such as teacher salaries and classroom materials.",1,AI,17,short,human_vs_ai_sentences
The cars will be found all over the world.,0,Human,9,very_short,human_vs_ai_sentences
His persistence and determination led to a groundbreaking invention.,1,AI,9,very_short,human_vs_ai_sentences
This system is unfair because it means that voters in small states have more influence on the outcome of the election than voters in large states.,1,AI,26,short,human_vs_ai_sentences
Cars also take up a lot of space.,1,AI,8,very_short,human_vs_ai_sentences
"Leading to my next point comprehension of information you know little to nothing about is often But, in my experience and understanding projects are a fun more exciting way to learn a subject and should be.",0,Human,36,medium,human_vs_ai_sentences
And who doesn't love performing in front of an audience?!,1,AI,10,very_short,human_vs_ai_sentences
Or both since it would have such high energy usage with all of the cameras.,0,Human,15,short,human_vs_ai_sentences
These people are known as 'anti-educationists' and their views are not shared by the majority of the people in this country.,1,AI,21,short,human_vs_ai_sentences
"Limiting car usage can have a number of benefits, both for individuals and for the environment.",1,AI,16,short,human_vs_ai_sentences
"What if I make a mistake?""  And that's totally fine!",1,AI,10,very_short,human_vs_ai_sentences
The traditional classroom is not always right for everyone.,0,Human,9,very_short,human_vs_ai_sentences
The authors idea had talked about danger in venus.,0,Human,9,very_short,human_vs_ai_sentences
"For nearly seventy years, cars and car products have been a cultural and economical stimulant in both developed and developing countries.",0,Human,21,short,human_vs_ai_sentences
One example of this is in the field of math.,1,AI,10,very_short,human_vs_ai_sentences
There are many ways to limit car usage.,1,AI,8,very_short,human_vs_ai_sentences
These things most likely will not happen but you have to think outside the box because anything can happen in this crazy mixed up world.,0,Human,25,short,human_vs_ai_sentences
And that’s where concepts come in.,1,AI,6,very_short,human_vs_ai_sentences
Should we have electoral collage or not?,0,Human,7,very_short,human_vs_ai_sentences
"Ultimately, transitioning towards sustainable energy won't happen overnight but rather requires everyone doing what they can contribute whether its big investments made by large corporations down small lifestyle changes implemented daily by ordinary citizens - each action helps move us closer towards",1,AI,42,medium,human_vs_ai_sentences
I hope you will do the same too.,0,Human,8,very_short,human_vs_ai_sentences
"First of all, they're a total distraction.",1,AI,7,very_short,human_vs_ai_sentences
"People have begun getting healthier, emission rates have decreased.",0,Human,9,very_short,human_vs_ai_sentences
"Therefore, nowadays cell phones are unnecessary devices because they are unreliable in emergency situations while On Star is always prepare to help you in an accidents.",0,Human,26,short,human_vs_ai_sentences
"The other evidence I found to support my claim is in the fourth paragraph where is says,""By weighting the the different units, the software can even identify mixed emotions."" With this technology, it could help doctor, nurses, theraphist, and even school counselors, to see the real emotion that their patients are feeling at a certain time.",0,Human,56,medium,human_vs_ai_sentences
One of the main benefits of playing basketball is that it is a great way to stay active and fit.,1,AI,20,short,human_vs_ai_sentences
"But, also put us in debt, made us loss jobs.",0,Human,10,very_short,human_vs_ai_sentences
"By leveraging technology, businesses like Ford, restaurants, and Walmart have stayed ahead of the competition and provided better customer experiences.",1,AI,20,short,human_vs_ai_sentences
"However, this approach has the potential to be more error-prone, as there is a lack of the experience and knowledge that others can provide.",1,AI,24,short,human_vs_ai_sentences
"Which in this case I'm not saying community service is important, but kids have things to do so I believe community service should be a chose not a demanding decision made by others for you, because I feel if you don't chose your own community service then it's just like punishment.",0,Human,51,medium,human_vs_ai_sentences
"We have a responsibility to take care of our environment, help those in need, and find ways to work together for the benefit of all.",1,AI,25,short,human_vs_ai_sentences
Greenhouse gas is slowly chipping away at Earths ozone layer and if the ozone layer went away human life itself will soon start to go away.,0,Human,26,short,human_vs_ai_sentences
"That is where they are wrong, ""Their cars have driven more than half a million miles without a crash"".",0,Human,19,short,human_vs_ai_sentences
The Day Without Cars has been part of an improvement campaign since the mid-1990s.,0,Human,14,short,human_vs_ai_sentences
"While some argue that it should be raised, others claim that it would have adverse effects on the economy.",1,AI,19,short,human_vs_ai_sentences
They would not want the worst for you.,0,Human,8,very_short,human_vs_ai_sentences
Some voters feel trapped because they know their vote won't effect the state ruling.,0,Human,14,short,human_vs_ai_sentences
.,1,AI,1,very_short,human_vs_ai_sentences
"Finally, limiting car usage would make our cities more livable.",1,AI,10,very_short,human_vs_ai_sentences
"The Electoral College is not a perfect system, but it offers crucial benefits that should not be disregarded.",1,AI,18,short,human_vs_ai_sentences
"You will not just want your school to be recognized as a great and fabulous academic school, but also a school who does sports/activities and wins them too.",0,Human,28,short,human_vs_ai_sentences
"The orange hue reflects the warmth of autumn, reminding me fondly of cozy evenings spent around crackling bonfires or gathered around the dinner table sharing stories from days past while enjoying homemade apple pie or another seasonal favorite made with freshly picked pumpkins straight from the patch.",1,AI,47,medium,human_vs_ai_sentences
That would really make kids strive for excellence.,0,Human,8,very_short,human_vs_ai_sentences
And who wants to be stuck in the same old routine forever?,1,AI,12,short,human_vs_ai_sentences
where as with the electoral college they spend more individualized time with each state to try to sway the majority to get all the electoral votes since they cant split them between the candidates.,0,Human,34,medium,human_vs_ai_sentences
"It was in a movie,books, magazines, radio talk shows, and even griocery stores.",0,Human,13,short,human_vs_ai_sentences
"Most people have already experienced what you have, which is why it is good to listen to them.",0,Human,18,short,human_vs_ai_sentences
"However, with teacher-designed projects, individuality may be sacrificed, as the projects are often assigned to a group of students as one whole.",1,AI,22,short,human_vs_ai_sentences
You only have persons opinion to go by and you don't know if their are more ways or ideas on how to do that thing.,0,Human,25,short,human_vs_ai_sentences
It drives students away from negative influences like drugs and gives them more positive influences by helping others.,0,Human,18,short,human_vs_ai_sentences
Please everybody stay safe and don't use your phone while driving because its not that important and you can check it later.,0,Human,22,short,human_vs_ai_sentences
"By allowing students to grade their teachers, we can get a better understanding of which teachers are doing a good job and which ones need to improve.",1,AI,27,short,human_vs_ai_sentences
"Also stated by Bradford Plumer is that ""The American people should consider themselves lucky that the 2000 fiasco was the biggest election crisis in a century; the system allows for much worse"".",0,Human,32,medium,human_vs_ai_sentences
The time for action is today: let’s take advantage of modern technology advances combined with traditional,1,AI,16,short,human_vs_ai_sentences
One example of how setting a good example can lead to positive outcomes is the story of Malala Yousafzai.,1,AI,19,short,human_vs_ai_sentences
Having cars is great for getting around efficiently but ther are some down sides to driving motor vehicles.,0,Human,18,short,human_vs_ai_sentences
See when the people are voting for electors they dont know what that elector is going to vote for they can only hope for what he is going to vote for.,0,Human,31,medium,human_vs_ai_sentences
"According to ""edgarsnyder.",0,Human,3,very_short,human_vs_ai_sentences
The average percent of kid's and adults admitting they still text and drive is 35% that mean over 35% of kids around the world is texting and driving everyday putting their life and our life in jeopardy to.,0,Human,38,medium,human_vs_ai_sentences
"These skills are invaluable in the workplace, as employers are looking for individuals who can think outside the box and come up with creative solutions to problems.",1,AI,27,short,human_vs_ai_sentences
"Some people might say that, given the opportunities available to them, today's young people are more engaged in helping their communities than ever before.",1,AI,24,short,human_vs_ai_sentences
"For instance, many famous artists and writers have reported that they are able to think more clearly and creatively when they are not actively working on a project.",1,AI,28,short,human_vs_ai_sentences
Most people drive and text which shouldn't be allowed.,0,Human,9,very_short,human_vs_ai_sentences
One reason you should join is that you travel around the world.,0,Human,12,short,human_vs_ai_sentences
"Facial expression analysis is complex, since the same expression can mean different things depending on context.",1,AI,16,short,human_vs_ai_sentences
"So, be careful who you hang out with and where you live – it could shape your character in ways you never expected!",1,AI,23,short,human_vs_ai_sentences
It may seem tedious at first but making lists of relevant topics as well as taking notes about each source during initial searches will save time later when attempting to write an organized paper using all this information gathered from different places across the web.,1,AI,45,medium,human_vs_ai_sentences
"On the positive side, curfews can lead to improved safety levels, as they restrict the number of hours that teens can be out and potentially engaging in risky activities.",1,AI,29,short,human_vs_ai_sentences
"It has also changed the way we communicate with each other, with more people preferring to communicate through messaging apps and social media platforms.",1,AI,24,short,human_vs_ai_sentences
Another way to teach children to cooperate is to have them participate in cooperative games.,1,AI,15,short,human_vs_ai_sentences
One major advantage of investing in index funds is that they typically have lower fees than traditional mutual funds or actively managed portfolios.,1,AI,23,short,human_vs_ai_sentences
One reason the system is valuable is because it is a better way of getting to know people.,0,Human,18,short,human_vs_ai_sentences
"Education teaches us about ourselves as individuals and how we interact with our peers, providing essential building blocks for personal growth throughout our lives.",1,AI,24,short,human_vs_ai_sentences
"Secondly, advice is never something you should take for granted.",0,Human,10,very_short,human_vs_ai_sentences
"Moreover, having the strength to fight for your beliefs encourages others around you do so as well which results in collective growth as a community or organization working towards one unified goal—positive change.",1,AI,33,medium,human_vs_ai_sentences
Also there's no need to know there emotions some people don't want you to.,0,Human,14,short,human_vs_ai_sentences
"Finally, car traffic can be dangerous for pedestrians and cyclists.",1,AI,10,very_short,human_vs_ai_sentences
"While this type of advertising can be effective in convincing people to purchase a product, it is important to remember that it is often not an accurate representation of the product’s true quality.",1,AI,33,medium,human_vs_ai_sentences
"But when you multiply or divide, you can do it way faster!",1,AI,12,short,human_vs_ai_sentences
The thing is with the idea is that most students have C averages.,0,Human,13,short,human_vs_ai_sentences
Hey there!,1,AI,2,very_short,human_vs_ai_sentences
"It's called ""Call of Duty"" or something like that.",1,AI,9,very_short,human_vs_ai_sentences
A large laser?,0,Human,3,very_short,human_vs_ai_sentences
"For example, they needed a whole lot of sensors.",0,Human,9,very_short,human_vs_ai_sentences
People dont have their rights with the Electoral College.,0,Human,9,very_short,human_vs_ai_sentences
"With more time in the school day, teachers would need to be more productive and efficient with their time.",1,AI,19,short,human_vs_ai_sentences
"Finally, cars can be bad for our health.",1,AI,8,very_short,human_vs_ai_sentences
Meeting new people is always a good thing we should strive for.,0,Human,12,short,human_vs_ai_sentences
"Like, sometimes I feel like I'm just a copy of my mom or dad, instead of being my own person.",1,AI,20,short,human_vs_ai_sentences
"In 2016, Hillary Clinton won the popular vote by nearly 3 million votes, but Donald Trump won the Electoral College and the presidency.",1,AI,23,short,human_vs_ai_sentences
"On the other hand, cooperation can help children to develop their sense of responsibility and their ability to work together.",1,AI,20,short,human_vs_ai_sentences
I urge you to support abolishing the Electoral College.,1,AI,9,very_short,human_vs_ai_sentences
"For many people, however, finding the motivation to exercise can be difficult - especially when it comes to outdoor activities like running or cycling.",1,AI,24,short,human_vs_ai_sentences
Mrs.,0,Human,1,very_short,human_vs_ai_sentences
Electricians are another career opportunity in the automotive industry.,1,AI,9,very_short,human_vs_ai_sentences
"It's like, how would we even entertain ourselves?",1,AI,8,very_short,human_vs_ai_sentences
"They provide quiet spaces for individuals to study or read, host events such as book clubs and author talks, and offer resources like computers and internet access for those who may not have these facilities at home.",1,AI,37,medium,human_vs_ai_sentences
"Today, small states have just as much of a voice in the Electoral College as large states.",1,AI,17,short,human_vs_ai_sentences
Take a position on this issue.,0,Human,6,very_short,human_vs_ai_sentences
One of the coolest things about technology is online shopping.,1,AI,10,very_short,human_vs_ai_sentences
"I wanna hang out with you!"" And you'll be like, ""Yeah, for sure!",1,AI,13,short,human_vs_ai_sentences
"However, Edison's journey to success was not easy.",1,AI,8,very_short,human_vs_ai_sentences
It's unbelievable to know what can happen when you limit yourself.,0,Human,11,short,human_vs_ai_sentences
"There is a lot of hard work and somtimes it wont get easy for you, so you shoudln't get used to things getting easier.",0,Human,24,short,human_vs_ai_sentences
"Finally, a car can either force a driver to pull over if it detects that the driver is driving recklessly or alert athorities so that they can stop the driver before he or she has the chance to hurt someone else.",0,Human,41,medium,human_vs_ai_sentences
"Overall, taking classes online has its positives and negatives.",1,AI,9,very_short,human_vs_ai_sentences
With the electoral college it does not go down that way the people of the state dont get for the president the electors do and it is sectiond by them to.,0,Human,31,medium,human_vs_ai_sentences
Huang's emotion detector in classrooms around the world.,0,Human,8,very_short,human_vs_ai_sentences
"We will never forget the experience.""

""Well, I suppose so."" said John, trying to hide his grin.",0,Human,17,short,human_vs_ai_sentences
Ummm...,1,AI,1,very_short,human_vs_ai_sentences
"Doing so can help to improve air quality, public health, and financial security.",1,AI,13,short,human_vs_ai_sentences
This is why we should limit the use of cars and start thinking of other ways to get around such as walking or riding a bike.,0,Human,26,short,human_vs_ai_sentences
The sensors are what the should be adding to cars.,0,Human,10,very_short,human_vs_ai_sentences
"As Judge Posner argues, this regional diversity ensures that no single region dominates the election, preventing the majority from feeling disenfranchised.",1,AI,21,short,human_vs_ai_sentences
Planes are now taking this concept to the suburbs.,0,Human,9,very_short,human_vs_ai_sentences
Yes a activity benefits a student very much.,0,Human,8,very_short,human_vs_ai_sentences
"Not only would this help students become more engaged citizens, but it would also create an avenue of connection between students of different backgrounds.",1,AI,24,short,human_vs_ai_sentences
They found out what it was and it didn't come frome alliens.,0,Human,12,short,human_vs_ai_sentences
Because he doesn't have a cell phone.,0,Human,7,very_short,human_vs_ai_sentences
"At the same time rate, drivers still talk on cell phones and send text messages while driving.",0,Human,17,short,human_vs_ai_sentences
"It's like, what's up with that?!",1,AI,6,very_short,human_vs_ai_sentences
"To become an engineer, students must attend college and earn a degree in engineering.",1,AI,14,short,human_vs_ai_sentences
"However, on the technological aspect, how can one know how reliable a computer is on detecting somebody's facial expression?",0,Human,19,short,human_vs_ai_sentences
Remove the Electoral College system.,0,Human,5,very_short,human_vs_ai_sentences
They get the most feed back for the government.,0,Human,9,very_short,human_vs_ai_sentences
"In addition, these areas of nature provide a chance for people to appreciate the beauty of the natural world as well as the cultural history and diversity of the surrounding landscape.",1,AI,31,medium,human_vs_ai_sentences
"Many college assignments involve projects or group work, and distance learning students would likely not be able to perform as well in those assignments than as students who attended regular school.",0,Human,31,medium,human_vs_ai_sentences
This extremly high smog ratio and prooves the pollutin from automobiles is causing the problem because after a week with the band the smog had almost cleared fully.,0,Human,28,short,human_vs_ai_sentences
"Of course no matter what the situation, there will be risks to take.",0,Human,13,short,human_vs_ai_sentences
I happen to agree with the latter perspective.,1,AI,8,very_short,human_vs_ai_sentences
Following life lessons like respecting your elders and being responsible with assignments may positively shape how employers view potential candidates.,1,AI,20,short,human_vs_ai_sentences
"Furthermore, another key issue raised by those opposed to using these chemicals involves their contribution towards global pollution through water runoff from factory sites where high concentrations can be found polluting local waterways due to inadequate waste removal systems being utilized by producers/manufacturers that process them en masse each day (which could negatively affect wildlife living nearby).",1,AI,57,medium,human_vs_ai_sentences
"In conclusion, while there are certainly potential downsides to a curfew, I believe that the benefits outweigh the costs.",1,AI,19,short,human_vs_ai_sentences
This demonstrates that limiting car usage can have a direct impact on reducing traffic and improving air quality.,1,AI,18,short,human_vs_ai_sentences
"I thought to myself, why did I hate practicing and going to lessons so much?",0,Human,15,short,human_vs_ai_sentences
"Students with computers have to ensure that it does not break and a stable connection is upheld, which can never be guaranteed.",0,Human,22,short,human_vs_ai_sentences
"She must review it more times than she ever imagined, ultimately taking up more time than she had anticipated.",1,AI,19,short,human_vs_ai_sentences
"Obviously, the use of technology is growing fast in this age.",0,Human,11,short,human_vs_ai_sentences
Online school will have you relaxed most of the time.,0,Human,10,very_short,human_vs_ai_sentences
Fights could be caused and happen on phones without any teachers knowing it.,0,Human,13,short,human_vs_ai_sentences
"Whether that is in the way they learn, look, speak, or comprehend.",0,Human,12,short,human_vs_ai_sentences
"However, I also acknowledge that online schooling can have its drawbacks, such as struggling to understand the material or forgetting assignments due to lack of reminders.",1,AI,26,short,human_vs_ai_sentences
The solution is simple.,0,Human,4,very_short,human_vs_ai_sentences
"[Your Name]
[Your Address]
[City, State, ZIP]
[Email Address]
[Phone Number]
[Date]

[Senator's Name]
[Senator's Address]
[City, State, ZIP]

Dear Senator [Senator's Last Name],

I am writing to express my opinion on the matter of the Electoral College and its role in electing the President of the United States.",1,AI,49,medium,human_vs_ai_sentences
Meditation and mindfulness practices can help them do that.,1,AI,9,very_short,human_vs_ai_sentences
Maybe they will end up doing something great all because they were able to play sports this one year in school.,0,Human,21,short,human_vs_ai_sentences
"And, omg, have you heard about the Implicit Association Test?",1,AI,10,very_short,human_vs_ai_sentences
Simple facts and statistics show us textual evidence in how texting while driving is life threatening.,0,Human,16,short,human_vs_ai_sentences
"Lastly, the Electoral College avoids the need for run-off elections.",1,AI,10,very_short,human_vs_ai_sentences
maybe by 2040 we would have a whole new world.,0,Human,10,very_short,human_vs_ai_sentences
They might also use persuasive language to make their products seem more effective or useful than they really are.,1,AI,19,short,human_vs_ai_sentences
Another reason why electoral college should get replaced is because it is not fair sometimes.,0,Human,15,short,human_vs_ai_sentences
"Homework also helps students to develop good study habits, such as time management and organization, which are essential for success in school and in life.",1,AI,25,short,human_vs_ai_sentences
"With policy 1, we can still use our phones during lunch and free time, which means we can stay in touch with our friends and family, and look up information for our school work.",1,AI,34,medium,human_vs_ai_sentences
that way you can ask questions and tell him/her the area you do not understand and need extra help on.,0,Human,20,short,human_vs_ai_sentences
"Secondly, student evaluations may not always reflect the teacher's true effectiveness in the classroom.",1,AI,14,short,human_vs_ai_sentences
"These activities can be fun and enjoyable, but they do not help students retain the information they learned in class.",1,AI,20,short,human_vs_ai_sentences
"I don't know if I want to be a doctor or a professional gamer, you know?!"" And they're like, ""Well, you need to decide what you want to do with your life,"" and I'm like, ""But why can't I just figure it out later?!",1,AI,44,medium,human_vs_ai_sentences
"It can also help to shape attitudes, providing access to information the average person would not have had in years past.",1,AI,21,short,human_vs_ai_sentences
"Like, for sports or clubs or stuff?",1,AI,7,very_short,human_vs_ai_sentences
"For example, courses in history and philosophy can help to develop a student’s understanding of the world, while courses in economics and business can help to give them the skills they need to succeed in the business world.",1,AI,38,medium,human_vs_ai_sentences
"Thirdly, libraries have evolved to meet the changing needs of their communities in the digital age.",1,AI,16,short,human_vs_ai_sentences
"The candidate who wins the popular vote in a state receives all of that state's electoral votes, except in Maine and Nebraska, which award their electoral votes proportionally.",1,AI,28,short,human_vs_ai_sentences
People with a low average should be rewarded doing things that they like to do because then they will think its okay to have low grades because no matter what your going to let them play on the sports teams.,0,Human,40,medium,human_vs_ai_sentences
"In conclusion, there are many advantages to limiting your car usages.",0,Human,11,short,human_vs_ai_sentences
"In recent years, the use of cars has been on the rise, and this has resulted in increased traffic, pollution, and accidents.",1,AI,22,short,human_vs_ai_sentences
Now what if the wrong president get picked?,0,Human,8,very_short,human_vs_ai_sentences
The people that need more advice than just one person they go to multiple to get more advice.,0,Human,18,short,human_vs_ai_sentences
"Moreover, some students may have different learning styles or preferences that may not align with literary studies.",1,AI,17,short,human_vs_ai_sentences
"Its not just adventure you make new friends, you have fun, and you see new things.",0,Human,16,short,human_vs_ai_sentences
"On the other hand, making decisions about their future at a young age can be overwhelming for students as they are not yet fully aware of the range of possibilities available to them.",1,AI,33,medium,human_vs_ai_sentences
"Phones & Driving

Should people use their phones while driving?",0,Human,10,very_short,human_vs_ai_sentences
And it's all over a simple little text you could have read after you got to a stopping point or could have even waited until you got home.,0,Human,28,short,human_vs_ai_sentences
It could be as small as asking if our hair look's alright to the complicated payment's of a house.,0,Human,19,short,human_vs_ai_sentences
But votes can be counted faster if there's only a tiny amount.,0,Human,12,short,human_vs_ai_sentences
But I guess I'll give it a shot.,1,AI,8,very_short,human_vs_ai_sentences
"Finishing high school in three years can also better prepare students for college, as they may be able to take college classes as early as the end of their junior year.",1,AI,31,medium,human_vs_ai_sentences
.,1,AI,1,very_short,human_vs_ai_sentences
Why are multiple opinions better than one?,0,Human,7,very_short,human_vs_ai_sentences
"Everybody has to do it but just only yourself, it might seem like you are just the only one that's doing the work but like I said everybody has to do it.",0,Human,32,medium,human_vs_ai_sentences
You can also do it more than once .,0,Human,9,very_short,human_vs_ai_sentences
Drivers need to understand how easily it is to take someone life or themselves.,0,Human,14,short,human_vs_ai_sentences
"Plumer says it best writing: ""Under the electoral college system, voters vote not for the president, but for a slate of electors, who in turn elect the presiden."" Anyone who disagrees that is irrational is wrong.",0,Human,36,medium,human_vs_ai_sentences
but if you were a girl you mom take away you sail phone for a month and you can do anything about it if you grade is good you can get you sail phone back or if you boy you can get you game back.,0,Human,45,medium,human_vs_ai_sentences
in today's life Americans don't realize how addicted they are to their phones.,0,Human,13,short,human_vs_ai_sentences
"By providing infrastructure and incentives for walking, cycling, and using public transportation, cities can encourage people to choose these modes of transportation, resulting in less congested roads and more efficient transportation networks.",1,AI,32,medium,human_vs_ai_sentences
Some people say they they enjoy this new policy.,0,Human,9,very_short,human_vs_ai_sentences
One could also lose or have less friends.,0,Human,8,very_short,human_vs_ai_sentences
However if you become very good at the sport that you do you maybe even get a scholarship for going to college witch is very very good.,0,Human,27,short,human_vs_ai_sentences
"But, on the other hand, it could also lead to increased energy consumption in the evenings and weekends.",1,AI,18,short,human_vs_ai_sentences
"[Your Name]
[Your Address]
[City, State, ZIP]
[Email Address]
[Phone Number]
[Date]

[Senator's Name]
[Senator's Address]
[City, State, ZIP]

Subject: In Favor of Keeping the Electoral College

Dear Senator [Senator's Last Name],

I hope this letter finds you in good health and high spirits.",1,AI,44,medium,human_vs_ai_sentences
"For example, ""Because of the winner-take-all system in each state, candidates don't spend time in states they know they have no chance of winning...""

The Office of the Federal Register , this shows how it is not really fair to all the states as even if the popular vote comes close, the winning candidate takes all the electoral votes.",0,Human,59,medium,human_vs_ai_sentences
People don't know what it is doing to our environment.,0,Human,10,very_short,human_vs_ai_sentences
"Less car usage can mean less pollution, more human interaction, and can save people money.",0,Human,15,short,human_vs_ai_sentences
Well this all ties into asking others for their opinions or helping you make a better choice then what you originally going pick or decide to go with.,0,Human,28,short,human_vs_ai_sentences
"If people are able to use phones while driving it would increase the accident rates , slow down traffic , and cause more deaths and injury's.",0,Human,26,short,human_vs_ai_sentences
The Electoral College also has several other flaws.,1,AI,8,very_short,human_vs_ai_sentences
Last of all it's better to ask more people because like I said you can get more knoallige on the topic and will help you one making the better choices as will.,0,Human,32,medium,human_vs_ai_sentences
Thanks for reading!,1,AI,3,very_short,human_vs_ai_sentences
"I agree with plumer, the electoral College needs to go.",0,Human,10,very_short,human_vs_ai_sentences
"Dear Senator,

I hope this letter finds you in good health.",1,AI,11,short,human_vs_ai_sentences
Requiring that each student participate in at least one extracurricular activity can help get their mind off of the stressful factors in their lives.,0,Human,24,short,human_vs_ai_sentences
"I belive the program is really thoughtful, even to people in other countries.",0,Human,13,short,human_vs_ai_sentences
I hope that you will continue to support the Electoral College system.,1,AI,12,short,human_vs_ai_sentences
Students keep learning during their break.,0,Human,6,very_short,human_vs_ai_sentences
The effects of using phones in the classroom can be wide-ranging and depend largely on how phones are used.,1,AI,19,short,human_vs_ai_sentences
"If you graduate early, you might not get to experience all that.",1,AI,12,short,human_vs_ai_sentences
This would also allow the teacher to persicely point out who knows what they are doing and how need help.,0,Human,20,short,human_vs_ai_sentences
"And, like, constructive criticism is, like, super helpful.",1,AI,8,very_short,human_vs_ai_sentences
"not every thing is about the worth of pay.""oh'?",0,Human,9,very_short,human_vs_ai_sentences
Numbers have been going down steadily since 2005.,0,Human,8,very_short,human_vs_ai_sentences
I think you should always seek the advice of others.,0,Human,10,very_short,human_vs_ai_sentences
People may think that since it is in space it has to do with aliens in some possible way.,0,Human,19,short,human_vs_ai_sentences
You can tell by there facial expression.,0,Human,7,very_short,human_vs_ai_sentences
"It would also add additional strain on teachers, who would be responsible for teaching more material to a larger class in reduced time frames.",1,AI,24,short,human_vs_ai_sentences
The author exaplains that it's our closest planet to Earth and it's right terms like density and size; meaning that the author is telling us the similarties between Earth and Venus.,0,Human,31,medium,human_vs_ai_sentences
Posner discuss the potential flaws and merits of this system.,1,AI,10,very_short,human_vs_ai_sentences
"In summary, distance learning can be a beneficial option for certain types of students, but it is important to consider the advantages and disadvantages and provide adequate support and resources to ensure its effectiveness and equity.",1,AI,36,medium,human_vs_ai_sentences
"And for some students, possibly the ones with disabilities or other challenges, it may be the correct option.",0,Human,18,short,human_vs_ai_sentences
One of the main advantages of graduating early is the educational benefit.,1,AI,12,short,human_vs_ai_sentences
stewartlawoffices.,0,Human,1,very_short,human_vs_ai_sentences
What would you do?,0,Human,4,very_short,human_vs_ai_sentences
"For example in source one ""Vauban's streets are completely ""car-free"" except the main thoroughfare, where the tram to downtown Freiburg runs..."" in Vauban, Germany there are alot of suburban communities who have giving up using cars or have sold their cars to make their houses where they live.",0,Human,48,medium,human_vs_ai_sentences
I am the few students who are in the middle.,0,Human,10,very_short,human_vs_ai_sentences
The new policy on weather a student should be able to bring a cell phone to school is not a hard one to make.,0,Human,24,short,human_vs_ai_sentences
"Firstly, the Electoral College ensures the certainty of the outcome.",1,AI,10,very_short,human_vs_ai_sentences
But who has the time to test it.,0,Human,8,very_short,human_vs_ai_sentences
Schools believe that during the summer students need to actively learn.,0,Human,11,short,human_vs_ai_sentences
this is a very smart idea for the future and I think that most people would like this idea too.,0,Human,20,short,human_vs_ai_sentences
Johnson!,1,AI,1,very_short,human_vs_ai_sentences
"The Electoral College is not only outdated, but it is also an extremely complex voting method.",0,Human,16,short,human_vs_ai_sentences
"Another case we need to gain back our culture and becoming the people that say "" lets do this "" and lets not be the people that say "" Lets let them do it "" we are becoming more dependable on technology more than ever .",0,Human,46,medium,human_vs_ai_sentences
Your point of view is better than a computers understanding.,0,Human,10,very_short,human_vs_ai_sentences
Some countries may be hotter than others but no one is near 800 degrees.,0,Human,14,short,human_vs_ai_sentences
"Additionally, graduating early may not always be financially beneficial, as students may not have enough time to find a job or secure internships.",1,AI,23,short,human_vs_ai_sentences
"Because of this they will be more prepared, and have a different mentality for future problems.",0,Human,16,short,human_vs_ai_sentences
"Throughout its long history, the city has seen the rise and fall of numerous empires, with each one leaving their mark on the town.",1,AI,24,short,human_vs_ai_sentences
"I know we're supposed to be learning and all, but that doesn't mean we can't have any fun.",1,AI,18,short,human_vs_ai_sentences
"Similarly, the car-free planning of Vauban, an experimental German suburb, aims to drastically reduce greenhouse gas emissions from tailpipes that pose a vast impediment to worldwide efforts to limit climate change (Rosenthal).",1,AI,32,medium,human_vs_ai_sentences
"Many children nowadays do a lot of extracurricular activities in and out of school, these activities are mostly sports, musically oriented activities, and artistic activities.",0,Human,25,short,human_vs_ai_sentences
"Taking the pictures wasn't easy, You had to find the face first and then be able to take a picture.",0,Human,20,short,human_vs_ai_sentences
Disc golf (sometimes called Frisbee golf) is a sport that involves throwing a specialized flying disc into a target to score points.,1,AI,22,short,human_vs_ai_sentences
"Lastly, the Electoral College is the best way to determine a president, but there are some flaws.",0,Human,17,short,human_vs_ai_sentences
"Like, beans and lentils have a lot of protein.",1,AI,9,very_short,human_vs_ai_sentences
"Third, limiting car usage can help to reduce traffic congestion.",1,AI,10,very_short,human_vs_ai_sentences
"In 1998 a MOC team captured a picture that proved the ""Face"" was a mesa land form.",0,Human,17,short,human_vs_ai_sentences
"Like, I mean, I'm not gonna lie, I've made some pretty bad choices before, like choosing to eat a whole pizza by myself in one sitting (don't tell my mom, okay?).",1,AI,31,medium,human_vs_ai_sentences
"Sincerely,
[Your Name]",1,AI,3,very_short,human_vs_ai_sentences
"I've just found 10,000 ways that won't work.” This exemplifies how failure can aid us on our path to success.",1,AI,20,short,human_vs_ai_sentences
They have their cell phone in their pockets and they stat texting their friends.,0,Human,14,short,human_vs_ai_sentences
Tempeture average over 800 degrees fehenheit and atmosphice pressure is 90 time greater than our planet.,0,Human,16,short,human_vs_ai_sentences
You can not stop technology.,0,Human,5,very_short,human_vs_ai_sentences
So I think students would benefit from being able to attend classes from home.,0,Human,14,short,human_vs_ai_sentences
For example an expert giving advice to a person that is trying to get good credit to buy a house.,0,Human,20,short,human_vs_ai_sentences
"If ypu look at the pictures long enough, the longer ""the face"" has been there there more it transfors into a dent and looks nothing like a face.",0,Human,28,short,human_vs_ai_sentences
Who knows?,0,Human,2,very_short,human_vs_ai_sentences
Having a positive attitude can open up many doors and provide opportunities that would not be accessible without it.,1,AI,19,short,human_vs_ai_sentences
This is simply not acceptable in a democracy.,1,AI,8,very_short,human_vs_ai_sentences
The uniqueness of the Face made it stand out more to others.,0,Human,12,short,human_vs_ai_sentences
New technology called the Facial Action Coding System allows the computer to identify humans emotions.,0,Human,15,short,human_vs_ai_sentences
"In recent years, technology has taken over every aspect of our lives.",1,AI,12,short,human_vs_ai_sentences
Caring for animals requires responsibility.,0,Human,5,very_short,human_vs_ai_sentences
Many companies are looking into ways that they can help better serve this market as well; there have been several innovations aimed at improving comfort levels for domestic ferrets along with new housing solutions designed around current best practices for animal welfare standards set forth by veterinarians across the globe.,1,AI,50,medium,human_vs_ai_sentences
"Hey, I'm just an average 8th grade student, and I'm here to give you my thoughts on whether or not schools should allow students to use their cellphones during school hours.",1,AI,31,medium,human_vs_ai_sentences
"Best Regards, 

[Your Name]",1,AI,4,very_short,human_vs_ai_sentences
"That is why summer projects should be the students responsibility, so that they can learn to learn by themselves.",0,Human,19,short,human_vs_ai_sentences
"Overall, spending time outdoors can lead to a healthier and more fulfilling lifestyle.",1,AI,13,short,human_vs_ai_sentences
"As I said earlier, many students believe community service is a waste of time.",0,Human,14,short,human_vs_ai_sentences
"Sincerely,

STUDENT_NAME",0,Human,2,very_short,human_vs_ai_sentences
But then I started to reflect on why I didn't get the position.,1,AI,13,short,human_vs_ai_sentences
"This means that the government cannot take away the right of individuals to own and carry guns."" (Lubbock, 1876) While this may seem like a straightforward statement, it is important to consider the potential consequences of allowing the sale and purchase of guns on the street.",1,AI,46,medium,human_vs_ai_sentences
"It's a traditional Brazilian dish made with black beans, beef, and pork.",1,AI,12,short,human_vs_ai_sentences
"In conclusion, both positive and negative feedback have their advantages and disadvantages, depending on the situation and the audience.",1,AI,19,short,human_vs_ai_sentences
"Even though i think the electoral college is bad there are some good things about it, For example it states in the text ""A dispute over the outcome of an Electoral College vote is possible...but it's less likely than a disput over the popular vote"".",0,Human,45,medium,human_vs_ai_sentences
Their were people who voiced their opinion who weren't so kind and made that person even stronger as a person because they wanted to prove that they can .,0,Human,29,short,human_vs_ai_sentences
This changes is a great feat that we can achieve as long as everyone is on the same page.,0,Human,19,short,human_vs_ai_sentences
The primary reason is that students may be unmotivated to learn on their own.,0,Human,14,short,human_vs_ai_sentences
"The reasons could be that they speak another language, like Spanish or French an may not fully understand us so well.",0,Human,21,short,human_vs_ai_sentences
"The Environmental Protecton Agency is promothing ""car reduced"" communties.",0,Human,9,very_short,human_vs_ai_sentences
"Like, have you heard of AP classes?",1,AI,7,very_short,human_vs_ai_sentences
Now lets talk about how you can explore if you join Seagoing so when you would join you would have to get to that place meaning travel and when you are traveling you get a chance to see different sightings which is really cool.,0,Human,44,medium,human_vs_ai_sentences
Dangerous and challenging it is Scientist believe it is worth it because we can gain knowledge about the planet.,0,Human,19,short,human_vs_ai_sentences
"In addition, university education gives students the opportunity to meet people from all over the world and learn about different cultures.",1,AI,21,short,human_vs_ai_sentences
"In conclusion, asking for multiple opinions is extremely helpful.",0,Human,9,very_short,human_vs_ai_sentences
"Ultimately, whether or not an advertisement makes a product seem better than it really is depends on the specific product and the specific ad.",1,AI,24,short,human_vs_ai_sentences
"Many students struggle during the school year because of missing school days, whether it's due to weather or due to a family situation, and distance learning would be a great option for those students to be able to stay on track with the school curriculum while missing school.",0,Human,48,medium,human_vs_ai_sentences
When you actually want to smile the zygomatic major lift the corners of your mouth.,0,Human,15,short,human_vs_ai_sentences
"In conclusion, while it is possible that there will be fewer cars in use in twenty years, it is also possible that there will not be.",1,AI,26,short,human_vs_ai_sentences
"However, the United States has changed dramatically since the 18th century.",1,AI,11,short,human_vs_ai_sentences
"In conclusion, meditation and mindfulness practices are good for schools.",1,AI,10,very_short,human_vs_ai_sentences
Now moving on to the benefits for teachers.,0,Human,8,very_short,human_vs_ai_sentences
So in conclusion is better to ask multiple people rather than just one person because it can get you to know more so asking more than one person is a good thing to do so next time you want to know something ask multiple people rather than one.,0,Human,48,medium,human_vs_ai_sentences
But that doesn't mean they're good at finding out who's smart.,1,AI,11,short,human_vs_ai_sentences
It's gonna be chaos!,1,AI,4,very_short,human_vs_ai_sentences
Kids often go home and just sit on the couch and watch television.,0,Human,13,short,human_vs_ai_sentences
"By engaging people’s curiosity about whales instead of relying solely on conservation efforts alone, we may create a more sustainable relationship between humans and our planet's most magnificent sea life creatures—one based on respect rather than exploitation.",1,AI,37,medium,human_vs_ai_sentences
"As the article ""Driverless Cars Are Coming"" says, when driving a so-called driverless car, the driver is constantly on call.",0,Human,20,short,human_vs_ai_sentences
Those take forever too!,1,AI,4,very_short,human_vs_ai_sentences
Take Christopher Columbus as in example.,0,Human,6,very_short,human_vs_ai_sentences
I could not agree more with this statement.,1,AI,8,very_short,human_vs_ai_sentences
"Morton, Carol Cruzan.",0,Human,3,very_short,human_vs_ai_sentences
"So, yeah, I'm definitely against changing the school's sports policy.",1,AI,10,very_short,human_vs_ai_sentences
"But if you practice role-playing that situation in class, you'll feel more comfortable and confident when it comes time to present.",1,AI,21,short,human_vs_ai_sentences
"For example, "" Congestion was down 60 percent in the capital of France, after five-days of intensifying smog."" ( Paris bans driving due to smog, Robert Duffer, Paragraph 14).",0,Human,29,short,human_vs_ai_sentences
*,1,AI,1,very_short,human_vs_ai_sentences
"FACS can recognize when students are confused or bored by analyzing their facial expressions and each ""action unit,"" which is movement of one or more facial muscles.",0,Human,27,short,human_vs_ai_sentences
Should you be able to text and drive?,0,Human,8,very_short,human_vs_ai_sentences
And trustworthiness is also a big deal.,1,AI,7,very_short,human_vs_ai_sentences
"In this essay, I will explain why I agree with this statement and provide some examples to support my position.",1,AI,20,short,human_vs_ai_sentences
10-14).,1,AI,1,very_short,human_vs_ai_sentences
It was covered in large oceans with a suitable way for forms of life to live there.,0,Human,17,short,human_vs_ai_sentences
Technology has revolutionized the way we live our lives.,1,AI,9,very_short,human_vs_ai_sentences
Some student don't want to join any after school program for some reason.,0,Human,13,short,human_vs_ai_sentences
It will be less likely for one to not complete a task or struggle with a task if is idle.,0,Human,20,short,human_vs_ai_sentences
"By allowing students to attend classes from home, they can complete their coursework on their own time and according to their own learning style, which can lead to better retention of material and improved academic performance.",1,AI,36,medium,human_vs_ai_sentences
"Sincerely,
[Your Name]",1,AI,3,very_short,human_vs_ai_sentences
"First, I must identify a specific goal for the project.",1,AI,10,very_short,human_vs_ai_sentences
"🌧️🌞

But, wait, there's more!",1,AI,5,very_short,human_vs_ai_sentences
And because i can have more free time i can do more things and i can have a job.,0,Human,19,short,human_vs_ai_sentences
"If you are considering limiting car usage, there are a number of resources available to help you make the transition.",1,AI,20,short,human_vs_ai_sentences
"For students with physical disabilities, attending traditional classes may be difficult or impossible.",1,AI,13,short,human_vs_ai_sentences
The candidates running for presidant have their own electors.,0,Human,9,very_short,human_vs_ai_sentences
Disobeying unjust laws sends a powerful message that we will not tolerate oppression and encourages others to do the same.,1,AI,20,short,human_vs_ai_sentences
"And they're, like, super fun.",1,AI,5,very_short,human_vs_ai_sentences
"It ensures certainty of outcome, encourages trans-regional appeal, focuses on swing states, provides balance between big and small states, and avoids run-off elections.",1,AI,23,short,human_vs_ai_sentences
This chance could allow them to reach their goals and accomplish achievements they never thought they could.,0,Human,17,short,human_vs_ai_sentences
I belive that it wasnt a very smaert idea to make a car that you cant controll.,0,Human,17,short,human_vs_ai_sentences
"The author of ""The Challenge of Exploring Venus"", uses many scientific facts, data, and explanations to support their idea of exploring Venus.",0,Human,22,short,human_vs_ai_sentences
"It's like, privacy issues, man.",1,AI,5,very_short,human_vs_ai_sentences
"Then after she tells you to give her your homework but you already did,so you tell her that you already gave it to her but she doesn't believe you so she just gives you a 0 for your work.",0,Human,39,medium,human_vs_ai_sentences
"Lastly, the Electoral College prevents the need for run-off elections.",1,AI,10,very_short,human_vs_ai_sentences
The bell signals the end of school.,0,Human,7,very_short,human_vs_ai_sentences
"All in all, being apart of a group not only forms a deeper love for the sport, but friendships beyond compare.",0,Human,21,short,human_vs_ai_sentences
"This comes in the form of anything that requires you to pay attention to things other than the road, such as a text message.",0,Human,24,short,human_vs_ai_sentences
I don't remember the material from my psychology summer assignment this year.,0,Human,12,short,human_vs_ai_sentences
I think that the policy is stupid.,0,Human,7,very_short,human_vs_ai_sentences
"Sincerely,

STUDENT_NAME",0,Human,2,very_short,human_vs_ai_sentences
"First off, let's talk about the advantages of graduating early.",1,AI,10,very_short,human_vs_ai_sentences
"This encourages voters in swing states to pay close attention to the campaign, leading to thoughtful and informed decision-making.",1,AI,19,short,human_vs_ai_sentences
.,1,AI,1,very_short,human_vs_ai_sentences
"And as often as it may happen people still continue doing it, thinking they are safe but anyone who does it is automatically in danger the moment they turn their phone on while behind the wheel.",0,Human,36,medium,human_vs_ai_sentences
The software is going to get the wrong information when it tries to figure out our feelings.,0,Human,17,short,human_vs_ai_sentences
I think they should offer it to students.,0,Human,8,very_short,human_vs_ai_sentences
"This can lead to a decline in their spelling ability, which can have negative consequences in both academic and professional settings.",1,AI,21,short,human_vs_ai_sentences
"In this essay, I will research the various career paths available to high school students and identify the one that best suits my abilities and aspirations.",1,AI,26,short,human_vs_ai_sentences
These courses are typically taught by experienced professors from leading institutions and cover topics ranging from programming languages to engineering principles.,1,AI,21,short,human_vs_ai_sentences
"Secondly,students can transition easier into future careers they choose by doing teacher-designed projects.",0,Human,13,short,human_vs_ai_sentences
"Gardening brings out one's creative side too; whether you're designing your own flowerbeds or finding ways to maximize space when dealing with urban restrictions , each plot presents its own unique challenges which allows for endless opportunities for self expression!",1,AI,40,medium,human_vs_ai_sentences
There are many things that could go wrong with the way we the United states are voting now which is why we should use election by popular vote.,0,Human,28,short,human_vs_ai_sentences
And I personally don't like this thing.,0,Human,7,very_short,human_vs_ai_sentences
"So, like, let's just do it.",1,AI,6,very_short,human_vs_ai_sentences
Only rich people will be able to afford them.,1,AI,9,very_short,human_vs_ai_sentences
"By advocating for a half day school plan, we can ensure that our students get the best educational and personal experiences.",1,AI,21,short,human_vs_ai_sentences
Making it mandatory to do community service would serve as a punishment and would take time away from things students like or need to do.,0,Human,25,short,human_vs_ai_sentences
"On the other hand, a student who only knows facts about these topics will be limited in their ability to apply their knowledge to new situations.",1,AI,26,short,human_vs_ai_sentences
"Another example is if the student(s) do community service at a recycling factory, they learn about what is going on in the world and what is the amount of waste humans produce in their country or other counties.",0,Human,38,medium,human_vs_ai_sentences
"Secondly, university education should involve critical thinking and analysis.",1,AI,9,very_short,human_vs_ai_sentences
"I feel more energized and focused now, and I am grateful for",1,AI,12,short,human_vs_ai_sentences
"So, there you have it!",1,AI,5,very_short,human_vs_ai_sentences
"While some people believe that it could be very beneficial in improving the quality of life for many people, others are much more concerned about potential risks associated with its implementation.",1,AI,31,medium,human_vs_ai_sentences
"We may know a lot of vocabulary and grammar rules, but we can’t use them properly in conversation.",1,AI,18,short,human_vs_ai_sentences
But I dont think that's true.,1,AI,6,very_short,human_vs_ai_sentences
"Several students jump to the idea of online schooling or video conferencing with a personal tutor, thinking it is easier and more convenient, but there are ultimatelly more disadvantages than advantages when looking at distance learning from a short-term and long-term perspective.",0,Human,42,medium,human_vs_ai_sentences
"Even though people could argue that it is undemocratic, the way they elect the electors and having the president promote themselves in a certain way does make the system every one bit of it democratic.",0,Human,35,medium,human_vs_ai_sentences
"Therefore, I firmly believe that the most essential quality of an effective leader is the ability to remain consistently committed to particular principles and objectives.",1,AI,25,short,human_vs_ai_sentences
Help make that change!,0,Human,4,very_short,human_vs_ai_sentences
You can find people with similar interests as you.,0,Human,9,very_short,human_vs_ai_sentences
One reason is to have more opinions.,0,Human,7,very_short,human_vs_ai_sentences
"It's restricting, especially when it pops into place so suddenly.",0,Human,10,very_short,human_vs_ai_sentences
"Despite how popular the conspiracy theories about the Face of Mars being an alien monument, it was only a standard landform the whole time.",0,Human,24,short,human_vs_ai_sentences
"In conclusion, the Electoral College system has served our nation well for centuries, providing stability, fairness, and a balanced representation of states.",1,AI,22,short,human_vs_ai_sentences
People will not life it and won't do it .,0,Human,10,very_short,human_vs_ai_sentences
Research has shown that excessively violent first person shooter titles may cause heightened aggression levels amongst players due to desensitization towards violence caused through repetitive exposure (Barnes et al.).,1,AI,29,short,human_vs_ai_sentences
Working together allows students with diverse strengths and perspectives to share ideas while developing skills like collaboration and communication.,1,AI,19,short,human_vs_ai_sentences
I am against the idea of students grading their teachers.,1,AI,10,very_short,human_vs_ai_sentences
Phones become very distracted.,0,Human,4,very_short,human_vs_ai_sentences
But they are not worth the polution and traffic.,1,AI,9,very_short,human_vs_ai_sentences
"Nearly 1.6 million wrecks happen from cell phone use while driving and 390,000 are injured or killed from that.",0,Human,19,short,human_vs_ai_sentences
"There was no alien monument after all."" On April 5, 1998 it was confirmed that the face was just a natural landform not an alien monument as people thought.",0,Human,29,short,human_vs_ai_sentences
"Climate change has become an increasingly urgent issue in recent years, and it is one that we must address immediately if society is to continue living life of relative comfort.",1,AI,30,short,human_vs_ai_sentences
"So, I gotta write this essay about why it's important to make our own decisions and do things we enjoy to achieve success in life.",1,AI,25,short,human_vs_ai_sentences
"By building self-confidence, fostering quality relationships, and encouraging persistence, a positive attitude can help individuals reach their goals.",1,AI,18,short,human_vs_ai_sentences
All you hear in this city are bikes and people talking which drowns out the car noises in the far cities.,0,Human,21,short,human_vs_ai_sentences
"In reality, some people think that other students would best benefit on learning by having video conferencing with someone.",0,Human,19,short,human_vs_ai_sentences
"Limiting car usage has several very influential advantages, such as increasing mental health, reducing air pollution, and eliminating problems associated with traffic.",0,Human,22,short,human_vs_ai_sentences
Using computer to communicate with them is a great ideas.,0,Human,10,very_short,human_vs_ai_sentences
It is important to consider the pros and cons of making a career choice at a young age.,1,AI,18,short,human_vs_ai_sentences
"Ultimately, it comes down to what the individual wants to achieve with their English language skills.",1,AI,16,short,human_vs_ai_sentences
"This can help them develop important skills such as time management, organization, and self-discipline.",1,AI,14,short,human_vs_ai_sentences
"In 2016, a study from UC Berkeley reported no evidence linking increased immigration levels with negative wage trends across industries analyzed by researchers*.",1,AI,23,short,human_vs_ai_sentences
"They would be able to learn wherever and whenever they deem fit, allowing them to incorporate more school into their lives.",0,Human,21,short,human_vs_ai_sentences
If it comes to that point to where you would rather take your chances with the driverless car that is up to you.,0,Human,23,short,human_vs_ai_sentences
many people have skill on many different things when you get to high school you will to choose something.,0,Human,19,short,human_vs_ai_sentences
"No?, well on April 5, 1998, when Mars GLobal Surveryor flew over Cydonia for the first time and the MOC team snapped a picture ten times sharer than the origina Viking photos.",0,Human,32,medium,human_vs_ai_sentences
"This can be a disadvantage, because you cannot judge the credibility of the information.",1,AI,14,short,human_vs_ai_sentences
Having a pet also provides structure - walking the dog twice daily encourages regular activity that gives the person something positive to focus on during low moments while at home there’s always someone needing your attention so you don’t dwell too much on negative thoughts or emotions.,1,AI,47,medium,human_vs_ai_sentences
Thats why i think it should be casted on popular vote instead of the electoral college and the United States of America would be better off with what our whole country thinks instead of our size because we represent freedom and need to prove it.,0,Human,45,medium,human_vs_ai_sentences
"We're all about those TikTok videos and Instagram reels, right?",1,AI,10,very_short,human_vs_ai_sentences
Humans are not ready for such an advanced way of transpertation quite yet.,0,Human,13,short,human_vs_ai_sentences
"However, an election by popular vote would make the conundrum even further unlikely by the general logic of the fact that it is a lot less possible for the opinion of an entire nation to be split down the middle than that of 538 electors.",0,Human,45,medium,human_vs_ai_sentences
Phones and driving are very convenient and helpful.,0,Human,8,very_short,human_vs_ai_sentences
Nobody.,0,Human,1,very_short,human_vs_ai_sentences
Also they might be doing nothing just sitting in their house.,0,Human,11,short,human_vs_ai_sentences
One way is to walk or bike instead of driving.,1,AI,10,very_short,human_vs_ai_sentences
Thats not what the people want.,0,Human,6,very_short,human_vs_ai_sentences
Another way the author supports the idea that studying Venus is a worthy pursuit is by discussing the technological challenges that must be overcome.,1,AI,24,short,human_vs_ai_sentences
"It is not necessary to think of something completely new in order to be original; often times, the best ideas come from combining old ideas in creative and innovative ways.",1,AI,30,short,human_vs_ai_sentences
"While all of this can make our lives easier, you have to wonder where what these robots see goes.",0,Human,19,short,human_vs_ai_sentences
"A prime example here at Generic_School is a geometry teacher, although she assigns a handful of work, she knows that if the students completes it, it will be extremely helpful to them.",0,Human,32,medium,human_vs_ai_sentences
"In the article,""The Challenge of Exploring Venus,"" the author uses the conditions of the dangerous planet to spark some interest into the article and to express their own interest into the topic.",0,Human,32,medium,human_vs_ai_sentences
Some student can be more benefit because they have to work and be able to do online is good opportunity to all students can finish the school.,0,Human,27,short,human_vs_ai_sentences
"For example, a study conducted by the University of California found that students who ate a healthy breakfast were more likely to perform better on standardized tests than those who did not eat breakfast.",1,AI,34,medium,human_vs_ai_sentences
"When you're at home, you're usually by yourself.",1,AI,8,very_short,human_vs_ai_sentences
"When we encounter obstacles, it's easy to become discouraged and lose motivation.",1,AI,12,short,human_vs_ai_sentences
Committing to a career at a young age can have both advantages and drawbacks.,1,AI,14,short,human_vs_ai_sentences
"Next, time is one of the most important things in every day life dealing with work, school, or even free time.",0,Human,21,short,human_vs_ai_sentences
"Well, the less usage of cars creates no smog to inhale, would promote alternative transportation, and the culture in this society helps create less dependence on cars which leds to a better environment.",0,Human,33,medium,human_vs_ai_sentences
This can lead to a stronger sense of community and belonging.,1,AI,11,short,human_vs_ai_sentences
Heidren Walker and Andrew Selsky can both support that argument that having a car is a lead to stress that a reduction of cars can elimanate.,0,Human,26,short,human_vs_ai_sentences
"For example, when I graduated from college, I decided to take a risk and move to a new city for a job.",1,AI,22,short,human_vs_ai_sentences
"The electoral vote is dominent over the popular vote, but it shouldnt be.",0,Human,13,short,human_vs_ai_sentences
This program would benefit our students significantly.,1,AI,7,very_short,human_vs_ai_sentences
"People's moods may change, and there are plenty of other ways of transportation.",0,Human,13,short,human_vs_ai_sentences
The best arrguments in favor of it are mostly asserstions without much basis in reality.,0,Human,15,short,human_vs_ai_sentences
Next time you need advice ask more than one person!,0,Human,10,very_short,human_vs_ai_sentences
And that something is wrong with the electoral college.,0,Human,9,very_short,human_vs_ai_sentences
Teenagers and others cause crashes because of being distracted.,0,Human,9,very_short,human_vs_ai_sentences
"That information can be very important because the decision maker could decide to ask that person for advice more frequently, depending on what they think of them or their advice.",0,Human,30,short,human_vs_ai_sentences
"Furthermore, we will identify examples of successful people who embody positive attitudes in their professional and personal lives.",1,AI,18,short,human_vs_ai_sentences
A doctor would give good advice on your health.,0,Human,9,very_short,human_vs_ai_sentences
"So, what can we do to help?",1,AI,7,very_short,human_vs_ai_sentences
"In ""The Challenge of Exploring Venus,"" the author explaines all the dangers of Venus and how to over come them.",0,Human,20,short,human_vs_ai_sentences
"That's pretty cool, right?",1,AI,4,very_short,human_vs_ai_sentences
It is very helpful for students to be concentrate.,0,Human,9,very_short,human_vs_ai_sentences
"In the passage ""In German Suburb, Life Goes on Without Cars"" according to Rosenthal in paragraph 7 he suggests, ""'All of our development since World War II has been centered on the car, and that will have to change,' said David Goldberg, and official of transportation for America, a fast-growing coalition of hundreds of groups in the United States .",0,Human,60,medium,human_vs_ai_sentences
ebscohost.,0,Human,1,very_short,human_vs_ai_sentences
Helping some one in need then becoming there friend is great.,0,Human,11,short,human_vs_ai_sentences
"Which is, like, a total win-win.",1,AI,6,very_short,human_vs_ai_sentences
Venus may have evidence on the surface about what could have happened to cause it to be inhospitable.,0,Human,18,short,human_vs_ai_sentences
It was the best time of your life.,0,Human,8,very_short,human_vs_ai_sentences
"Therefore, she makes the right decision at the end.",0,Human,9,very_short,human_vs_ai_sentences
"Paragraph four states, ""Long ago, Venus was probably covered largely with oceans ans could have supported various forms of life, just like Earth."" This proves that the planet had sustained life a long time ago.",0,Human,35,medium,human_vs_ai_sentences
"Sincerely,

[Your name]",1,AI,3,very_short,human_vs_ai_sentences
"In recent years, the value of community service and volunteerism has been steadily increasing in our society.",1,AI,17,short,human_vs_ai_sentences
"If you graduate early, you're gonna be stuck with a bunch of random electives that don't really count for anything.",1,AI,20,short,human_vs_ai_sentences
"Accomplishment doesn't come easily, and it requires strength and dedication.",1,AI,10,very_short,human_vs_ai_sentences
Pursuing activities that make us happy is essential in life.,1,AI,10,very_short,human_vs_ai_sentences
the face could have just been another butte or mesa.,0,Human,10,very_short,human_vs_ai_sentences
because sometimes you have more than one option so they go to ask some people for there advice.,0,Human,18,short,human_vs_ai_sentences
"To address this, schools can implement healthier lunch options to reduce the risk of obesity-related diseases.",1,AI,16,short,human_vs_ai_sentences
"President Obama's ambitious goals to curb the United States' greenhouse has emissions, unveiled last week, will get a fortuitious assist from a incipient shift in American behavior.",0,Human,27,short,human_vs_ai_sentences
Limiting car usage has a number of benefits.,1,AI,8,very_short,human_vs_ai_sentences
My final reason is the right of choice.,0,Human,8,very_short,human_vs_ai_sentences
Ethics is a subject that involves analyzing complex moral issues and determining which course of action is the most justifiable.,1,AI,20,short,human_vs_ai_sentences
It's know that cellphones are the key factor that cause accidents.,0,Human,11,short,human_vs_ai_sentences
"Dear principle,

The cell phone use policy's have come to my attention.",0,Human,12,short,human_vs_ai_sentences
"Moreover, texting and driving may have a reachable desire but there is a solution by placing your phone out of reach.",0,Human,21,short,human_vs_ai_sentences
"""Proof""

By: PROPER_NAME.",0,Human,3,very_short,human_vs_ai_sentences
This could include budgeting and saving wisely over time or putting aside specific amounts each month into investments that will grow steadily over time without incurring too much risk depending on individual preferences.,1,AI,33,medium,human_vs_ai_sentences
What these teachers that's are coaches is that they have a lot of potential and success and they be who ever they i want to be .,0,Human,27,short,human_vs_ai_sentences
.,1,AI,1,very_short,human_vs_ai_sentences
"That's like, really mean.",1,AI,4,very_short,human_vs_ai_sentences
"This helped them choose a college that best fit their needs and interests, rather than simply choosing the most popular or well-known college.",1,AI,23,short,human_vs_ai_sentences
This perspective is illustrated in Plumer's description of various historical inconsistencies and loopholes (articles 10 and 11).,1,AI,17,short,human_vs_ai_sentences
We use cars every day.,0,Human,5,very_short,human_vs_ai_sentences
"In conclusion, for those looking to make the most of their high school experience, four years is often the right choice.",1,AI,21,short,human_vs_ai_sentences
"In

Source #2 paragraph 9 , it says; ""...",0,Human,9,very_short,human_vs_ai_sentences
They go almost everywhere.,0,Human,4,very_short,human_vs_ai_sentences
.,1,AI,1,very_short,human_vs_ai_sentences
The Electorial college also avoids the problem of run-off elections.,0,Human,10,very_short,human_vs_ai_sentences
"Doing so will yield tremendous rewards, both personally and professionally.",1,AI,10,very_short,human_vs_ai_sentences
Scientists had proven that people talking over the phone image person who they talking to and that doesn't interfere with driving.,0,Human,21,short,human_vs_ai_sentences
"Firstly, laws that are too rigid can lead to injustice.",1,AI,10,very_short,human_vs_ai_sentences
Summer projects are often assigned to students to ensure learning continues over the summer.,0,Human,14,short,human_vs_ai_sentences
It makes me bring out my creativeness out.,0,Human,8,very_short,human_vs_ai_sentences
"While this system was implemented by our founding fathers as a compromise, it no longer serves our nation effectively.",1,AI,19,short,human_vs_ai_sentences
"This is reliterated when The Office of the Federal Register statees, "" Your state's entitled allotment of electors equals the number of members in its Congressional Delegation: one for each member in the House of Representatives plus two for your Senators...(Office of the Federal Register 1).",0,Human,46,medium,human_vs_ai_sentences
"Similarly, stainless steel water bottles and glass straws are affordable and can be used repeatedly, eliminating the need for single-use plastic water bottles and straws.",1,AI,25,short,human_vs_ai_sentences
Why should we study the Venus as a worthy pursuit?,0,Human,10,very_short,human_vs_ai_sentences
This helps us to become more aware of our surroundings and to make better decisions.,1,AI,15,short,human_vs_ai_sentences
"When we're creating art, we're not just following a recipe or formula, we're using our imagination and problem-solving skills to bring our ideas to life.",1,AI,25,short,human_vs_ai_sentences
"Wyoming, a smaller state, had only 3 electoral votes.",0,Human,9,very_short,human_vs_ai_sentences
.,0,Human,1,very_short,human_vs_ai_sentences
"By diversifying lesson plans and making them available through different mediums such as video lectures or interactive websites, students have greater access to tailored instruction based on their own needs and abilities rather than being required to learn through one standard method.",1,AI,42,medium,human_vs_ai_sentences
"Lastly, other people would like to join instead of the people that have that good grade.",0,Human,16,short,human_vs_ai_sentences
Everyone should trust the electors.,0,Human,5,very_short,human_vs_ai_sentences
"First, risk-taking allows people to achieve things that they never thought possible.",1,AI,12,short,human_vs_ai_sentences
All though electoral votes keeps the amount of work tallying up votes down; popular votes will give you a more accurate percentage of votes each candidate recieves.,0,Human,27,short,human_vs_ai_sentences
It is important that people remember the importance of the park in our lives.,1,AI,14,short,human_vs_ai_sentences
"Like, let's say you're trying to solve a puzzle.",1,AI,9,very_short,human_vs_ai_sentences
"If we vote for a representative of our state to elect our president, how can we be certain that he/she will vote as planned?",0,Human,24,short,human_vs_ai_sentences
Students should be in a public classroom setting to develop their social skills and get reminded about the work that they need to focus on.,0,Human,25,short,human_vs_ai_sentences
We're following our own instincts and doing what makes us happy!,1,AI,11,short,human_vs_ai_sentences
The temperature are also extreme on Venus.,0,Human,7,very_short,human_vs_ai_sentences
"However, there are also potential disadvantages to having the skill of talking to people in these settings.",1,AI,17,short,human_vs_ai_sentences
All things revolves around staying connected via these devices.,0,Human,9,very_short,human_vs_ai_sentences
This well-known city was car-free for almost an entire week.,0,Human,10,very_short,human_vs_ai_sentences
"I could see the nice green grass moving side to side, smell the fresh air, and see the pretty nice tall green trees giving a nice long shadow to the ground.",0,Human,31,medium,human_vs_ai_sentences
I used to baby sit this little girl named Generic_Name she went to school for two years now shes in the third grade and her parents are homeschooling her.,0,Human,29,short,human_vs_ai_sentences
"""It's a good oppurtunity to take away stress and lower air pollution"" said a business man with the name of Carlos Arturo Plaza, as time has gone on other cities including Cali and Valleduar have participated in the event.",0,Human,39,medium,human_vs_ai_sentences
I wouldn't like it at all.,0,Human,6,very_short,human_vs_ai_sentences
"The beautiful, ancient sights of Machu Picchu were mesmerizing.",1,AI,9,very_short,human_vs_ai_sentences
Those are the great advanatges of having our usage of cars be limited.,0,Human,13,short,human_vs_ai_sentences
Cars are also expensive.,0,Human,4,very_short,human_vs_ai_sentences
This states why venus is not safe for human life but survivable to withstand.,0,Human,14,short,human_vs_ai_sentences
Communication is important for every one.,0,Human,6,very_short,human_vs_ai_sentences
"Dear senator, I agree with keeping the Electoral College until it pulls off a mistake.",0,Human,15,short,human_vs_ai_sentences
I do not think that face masks are a new trend that everyone would like to start wearing.,0,Human,18,short,human_vs_ai_sentences
Using cell phones during lunch periods isn't bad.,0,Human,8,very_short,human_vs_ai_sentences
"At the time, the United States was a much smaller country, and communication and travel were much more difficult.",1,AI,19,short,human_vs_ai_sentences
"With so many different activities available to enjoy outdoors, it can be hard to know where to start.",1,AI,18,short,human_vs_ai_sentences
"Students can get their online assignments done while still being to do other things like hanging out with friends or family, going to the gym, work, traveling, cleaning or if there is something new they want to learn.",0,Human,38,medium,human_vs_ai_sentences
"This brilliant computer ""constructs a 3-D computer model of the face"" (3).",0,Human,12,short,human_vs_ai_sentences
"for exapmle, with less cars we would have less pollution being emitted into the air which i killing the atmosphere as we speak, people would be happier with less cars because they dont have to stress over driving and paying full attention on the road and conditions.",0,Human,47,medium,human_vs_ai_sentences
"This is certainly true, and it is important to recognize how young people can impact their communities in a positive way.",1,AI,21,short,human_vs_ai_sentences
People are finally staring to realize that cars cause pollution to the Earth.,0,Human,13,short,human_vs_ai_sentences
"According to the NHTSA, driving while texting is six times more dangerous than driving drunk.",0,Human,15,short,human_vs_ai_sentences
"Like, whoa!",1,AI,2,very_short,human_vs_ai_sentences
My Principal wants to change that we must have a B average to be in any sport.,0,Human,17,short,human_vs_ai_sentences
This certainty is essential for maintaining confidence in our electoral process.,1,AI,11,short,human_vs_ai_sentences
"I feel like I have more opportunities and am more engaged in my community than I did when I was older, and I can see life as a journey, not a straight path.",1,AI,33,medium,human_vs_ai_sentences
This can contribute to a healthier environment and enhanced quality of life for residents.,1,AI,14,short,human_vs_ai_sentences
"Hope keeps us believing that if we keep trying, we can eventually reach success.",1,AI,14,short,human_vs_ai_sentences
* Livability: Cars can make our cities less livable.,1,AI,9,very_short,human_vs_ai_sentences
This system can detect emotional expressions of the user which would then cause change in the computer teaching.,0,Human,18,short,human_vs_ai_sentences
"On April 8, 2001, Mars Global Surveyor drew close enough for a second look at the face.",0,Human,17,short,human_vs_ai_sentences
They can get into a car accident for not paying attention.,0,Human,11,short,human_vs_ai_sentences
People are constantly on the go and life can be busy.,0,Human,11,short,human_vs_ai_sentences
"Second, One of the best things about home school is that It can be done at anytime because It can be done at any time, children have a flexible time schedule with mean that the parents can helps.",0,Human,38,medium,human_vs_ai_sentences
"It enables individuals to understand and appreciate diverse cultures, values, and beliefs, which promotes social cohesion and harmony.",1,AI,18,short,human_vs_ai_sentences
"George had pursued greatness and achieved success, Jasmine had taken one step at a time to aim higher, and Peter had actively tried to avoid setting his aim too high to ensure safety.",1,AI,33,medium,human_vs_ai_sentences
"The Electoral College process consists of the selection of the selectors, the meeting of the electors where they vote for president and vice president,and the counting of the electoral votes by congress.",0,Human,32,medium,human_vs_ai_sentences
"The People will get what they asked for, their has been times In which it that is not always the case, but the electors usually make the decision the people has asked for.",0,Human,33,medium,human_vs_ai_sentences
"In conclusion, working in a group setting has many advantages over working alone.",1,AI,13,short,human_vs_ai_sentences
"So a good behavior is excellent, because you always can find friends, and maybe a girlfriend but den pent of you.",0,Human,21,short,human_vs_ai_sentences
"So, it's important to not judge someone based on one little thing, like how they look or act.",1,AI,18,short,human_vs_ai_sentences
"The term success has a different meaning for everyone, but still it is what everyone wants.",0,Human,16,short,human_vs_ai_sentences
The benefits of determination and effort in achieving goals are numerous.,1,AI,11,short,human_vs_ai_sentences
"There are many reasons to keep, as well as dispose of the Electoral College.",0,Human,14,short,human_vs_ai_sentences
"[Your Name]
[Your Address]
[City, State, ZIP Code]
[Email Address]
[Phone Number]
[Date]

[Senator's Name]
[Address]
[City, State, ZIP Code]

Subject: The Importance of Retaining the Electoral College for Presidential Elections

Dear Senator [Senator's Last Name],

I hope this letter finds you in good health and high spirits.",1,AI,48,medium,human_vs_ai_sentences
"After hearing about this, the bully makes a better decision to not bully the boy anymore.",0,Human,16,short,human_vs_ai_sentences
I don't think it's valuable because there is really no need to check how people feel.,0,Human,16,short,human_vs_ai_sentences
"And let me tell you, it's pretty interesting stuff!",1,AI,9,very_short,human_vs_ai_sentences
"Hey, so for this essay, I had to think about how technology has affected communication and social interaction.",1,AI,18,short,human_vs_ai_sentences
"Finally, speaking is more important than reading for practical purposes.",1,AI,10,very_short,human_vs_ai_sentences
This is an unacceptable result.,1,AI,5,very_short,human_vs_ai_sentences
"When teens limit themselves to one career chosen too early, they miss out on the exploration and excitement of figuring out what their true passions are and can find themselves feeling stuck in a job they’re not passionate about.",1,AI,39,medium,human_vs_ai_sentences
Imagine if everyone who was commuting to work with you in traffic found another way to get to work.,0,Human,19,short,human_vs_ai_sentences
Paris had 147 micrograms of particulate matter.,0,Human,7,very_short,human_vs_ai_sentences
Raise your lips at the corners of your mouth.,0,Human,9,very_short,human_vs_ai_sentences
"Using this advance system most people will say she is just happy and smiling, 'but she's actually 83 percent happy, 9 percent disgusted,6 percent fearful, and 2 percent angry'.",0,Human,29,short,human_vs_ai_sentences
The Electoral College was created in the 18th century when the United States was a much smaller country.,1,AI,18,short,human_vs_ai_sentences
"First of all, having a positive attitude can help you succeed in life.",1,AI,13,short,human_vs_ai_sentences
It is perfectly feasible for the entire country to vote directly for President.,1,AI,13,short,human_vs_ai_sentences
"This requires a huge amount of risk-taking and courage, as often these entrepreneurs have no prior experience in their chosen field.",1,AI,21,short,human_vs_ai_sentences
"Additionally, limiting car usage can take some getting used to, and it can be difficult to make the change.",1,AI,19,short,human_vs_ai_sentences
When you think og driving with phonesyou should only think of bad things because it never usually ends well if you are on the phone while also in control of a vehicle.,0,Human,32,medium,human_vs_ai_sentences
"In conclusion, failure is a part of life.",1,AI,8,very_short,human_vs_ai_sentences
"For example, if a student learns the concept of supply and demand, he or she can apply this concept to understand how the prices of goods and services are determined in the market.",1,AI,33,medium,human_vs_ai_sentences
.,1,AI,1,very_short,human_vs_ai_sentences
After this he never applied his phone again.,0,Human,8,very_short,human_vs_ai_sentences
"My cousins in Texas feel they have no need for their license, when they always have someone to carpool them, or their parents just take them, or the city bus.",0,Human,30,short,human_vs_ai_sentences
"Secondly, a vegetarian or vegan diet can also have numerous health benefits.",1,AI,12,short,human_vs_ai_sentences
i just feel like that humans should have 2 planets and were more then capable of doing that so and the author has a point that our travels on earth and beyond should not be limited by danger and doubts but should be expanded to meet the vey edge of imagination and innovtion.,0,Human,53,medium,human_vs_ai_sentences
"Requiring students to decide on a career when they first enter high school can lead to many of them feeling overwhelmed, stressed out, and unprepared.",1,AI,25,short,human_vs_ai_sentences
It has been proven that individuals who engage in regular physical activity are more likely to achieve their goals than those who are inactive.,1,AI,24,short,human_vs_ai_sentences
money.,0,Human,1,very_short,human_vs_ai_sentences
"This can help prevent disruptive behavior in the classroom, creating a more conducive learning environment for all students.",1,AI,18,short,human_vs_ai_sentences
"Another issue is that sometimes in a close election, the popular vote winner could lose the presidency.",0,Human,17,short,human_vs_ai_sentences
"When people engage in activities that they enjoy, they are able to express themselves in a unique and authentic way.",1,AI,20,short,human_vs_ai_sentences
This technology could be very valuable and helpful for educators.,0,Human,10,very_short,human_vs_ai_sentences
This is because the Electoral College gives more weight to the votes of people in less populous states.,1,AI,18,short,human_vs_ai_sentences
"Since I was learning this subject independently, I conducted my own research and designed my own experiment, allowing me to gain valuable skills in project-design (a skill that can be useful in the real world too).",0,Human,36,medium,human_vs_ai_sentences
"This is their country, they should be able to decide who does and doesn't govern it.",0,Human,16,short,human_vs_ai_sentences
Summer projects are beneficial for learning.,0,Human,6,very_short,human_vs_ai_sentences
It would be so clean and beautiful!,1,AI,7,very_short,human_vs_ai_sentences
"clearly, they would have to pay out of their pockets if they bring their cars or motorcycle.",0,Human,17,short,human_vs_ai_sentences
"Another thing is that, there are ways to make meat production better for the environment.",1,AI,15,short,human_vs_ai_sentences
"To sum every thing up, The school systems should allow the students to have free choice of what they do, schools need to make the kids of tomorrow more independent and allow them to choice their own path of what they want to do.",0,Human,44,medium,human_vs_ai_sentences
"Overall ,the debate concerning mandatory pitches appears complex but necessary given its potential impact on player safety and competitive balance within professional sports leagues worldwide .",1,AI,26,short,human_vs_ai_sentences
New restaurants and upscale shopping districts have ctopped up.,0,Human,9,very_short,human_vs_ai_sentences
"With the rise of social media and other communication tools, people are now able to connect with others from all over the world in real-time.",1,AI,25,short,human_vs_ai_sentences
"I could ask for help, but would it make a difference if I didn't feel happy about it?",0,Human,18,short,human_vs_ai_sentences
These small acts of kindness can leave a lasting impression and brighten someone’s day.,1,AI,14,short,human_vs_ai_sentences
"It guarantees a certain outcome, encourages candidates to appeal to a broader audience, ensures thoughtful voting in swing states, balances the interests of large and small states, and eliminates the need for run-off elections.",1,AI,34,medium,human_vs_ai_sentences
"In conclusion, driverless cars may not be the best way to go.",0,Human,12,short,human_vs_ai_sentences
"The author states that they have been influenced by the actions of others in their life, such as their parents and friends, and that these examples have had a lasting impact on their own behavior.",1,AI,35,medium,human_vs_ai_sentences
Advice from many can be experienced based or logical thinking.,0,Human,10,very_short,human_vs_ai_sentences
"For example, when I use to play baseball, I could not hit the ball as far as my friends did.",0,Human,20,short,human_vs_ai_sentences
"For some, it is an opportunity to escape the hustle and bustle of everyday life and find solace in nature; for others, it's a chance to showcase their creative flair as they bring beauty into their environment.",1,AI,37,medium,human_vs_ai_sentences
"With a safe driverless car developed, the handicapped community would get a better way of transportation.",0,Human,16,short,human_vs_ai_sentences
Science has a significant impact on people's day-to-day lives.,1,AI,9,very_short,human_vs_ai_sentences
I'm going to give you a few reasons as to why I think that.,0,Human,14,short,human_vs_ai_sentences
Voters can't always control whom thier electors vote for.,0,Human,9,very_short,human_vs_ai_sentences
"So, like, try to have good attitudes, 'kay?",1,AI,8,very_short,human_vs_ai_sentences
It's supposed to help you be more present and focused.,1,AI,10,very_short,human_vs_ai_sentences
"The law was applied on july 1, 2018.",0,Human,8,very_short,human_vs_ai_sentences
I have also researched how I can become better than others in the same fields as me.,1,AI,17,short,human_vs_ai_sentences
"There are, of course, those who will argue that all standards are arbitrary, and that each art-form must have it's own set of standards.",1,AI,24,short,human_vs_ai_sentences
I need go to every park and everithyng can i go.,0,Human,11,short,human_vs_ai_sentences
"For example, if you see a friend who is afraid of public speaking but decides to run for student council, you may be inspired to step out of your own comfort zone and run for a leadership position.",1,AI,38,medium,human_vs_ai_sentences
"Of course, there is a balance to be struck.",1,AI,9,very_short,human_vs_ai_sentences
.,1,AI,1,very_short,human_vs_ai_sentences
"Yet that has happened very rarely."" The opposition even admits that the President may not be who the nation wants as their leader.",0,Human,23,short,human_vs_ai_sentences
"With a higher self-esteem, I tend to try harder and feel more powerful with my abilities.",0,Human,16,short,human_vs_ai_sentences
"The driverless cars will have installed,¨ in-car entertainment and information systems that use heads-up displays.¨(driverless cars are coming 8) allowing for a fun ¨Drive¨ to the destination while also having a safe one.",0,Human,33,medium,human_vs_ai_sentences
"For example, my friend was assigned a history time line by one of her teachers and decided she was not going to do it, however her English teacher told them to create a project on any book of her choice and she finished it all in one day.",0,Human,48,medium,human_vs_ai_sentences
Students should design their own summer projects because it will enable them to be more invested in their project.,0,Human,19,short,human_vs_ai_sentences
"in China one of the most polluted cities in the world.''

That statement right there goes to show if we limit ourselves to less car rides and more walking or biking, our health would increase and problems would decrease.",0,Human,39,medium,human_vs_ai_sentences
"For instance, the system provides certainty of outcome, requiring a candidate to have trans-regional appeal to win.",1,AI,17,short,human_vs_ai_sentences
Some of my friends and family members think its okay and the rest dont.,0,Human,14,short,human_vs_ai_sentences
"To pursue their desired courses of study and life goals, students should consider a variety of strategies.",1,AI,17,short,human_vs_ai_sentences
"However, thats why there is representatives.",0,Human,6,very_short,human_vs_ai_sentences
"and people can say that you are a great person because of your attitude how you treat other's people having a good attitude can make people think you are a different person than people say, how you treat others people thats why being good can help you count on different types of people including your friends and your family.",0,Human,59,medium,human_vs_ai_sentences
Also if you use your phone in the halls you could fall and get really injured or bump into someone.,0,Human,20,short,human_vs_ai_sentences
Second conviction fine is a $100 and 2 points added to driver's license.,0,Human,13,short,human_vs_ai_sentences
"In conclusion, I believe that it is more important for students to understand ideas and concepts than it is for them to learn facts.",1,AI,24,short,human_vs_ai_sentences
"Everyone has different interests and abilities, and it is important to continue learning in order to find out what you are good at and what you enjoy.",1,AI,27,short,human_vs_ai_sentences
Keeping the diagnosis from the patient can cause a great deal of stress for both the patient and the family.,1,AI,20,short,human_vs_ai_sentences
When i say older I mean around 13 years and up.,0,Human,11,short,human_vs_ai_sentences
"Although, It might be easier for teachers just to do all the planning themselves, actually it would much faster and less stressful if students came up with their own ideas because teachers plan everything students have to do for class already.",0,Human,41,medium,human_vs_ai_sentences
the downfall was that the car still relied on driver control in situations such as traffic construction zones.,0,Human,18,short,human_vs_ai_sentences
The United States of America has even passed their peak of driving in 2005 and dropped steadily since.,0,Human,18,short,human_vs_ai_sentences
"This has happened in 1824, 1876, 1888, 2000, and 2016.",1,AI,10,very_short,human_vs_ai_sentences
"There are many advantages to limiting car usage, both for individuals and for society as a whole.",1,AI,17,short,human_vs_ai_sentences
"Join in and make the world a better place, literally.",0,Human,10,very_short,human_vs_ai_sentences
This reduces the need for long distance travel and reliance on cars.,1,AI,12,short,human_vs_ai_sentences
Limiting car usage can help to improve air quality and make our cities healthier places to live.,1,AI,17,short,human_vs_ai_sentences
The author did a great job supporting his/her previous statements.,0,Human,10,very_short,human_vs_ai_sentences
"And while it is near voting times, I believed it's best for me to send you my side on this continuous debate to change your mind on the matter.",0,Human,29,short,human_vs_ai_sentences
"Businessman Carlos Arturo Plaza said, ""[i]t's a good opportunity to take away stress and lower air pollution, as he rode a two- seat bicycle with his wife"" (paragraph 24).",0,Human,29,short,human_vs_ai_sentences
It allows these students to access educational opportunities without having to navigate the many obstacles they often face in a physical classroom setting.,1,AI,23,short,human_vs_ai_sentences
Is a text more important than a life?,0,Human,8,very_short,human_vs_ai_sentences
"When Generic_Name asked his mother, she said that he shouldn't and be prepared for the bill in case there was an increase.",0,Human,22,short,human_vs_ai_sentences
"In conclusion, the car culture is now coming to its end.",0,Human,11,short,human_vs_ai_sentences
Let's get rid of the electoral college!,0,Human,7,very_short,human_vs_ai_sentences
"In the text it says ""..",0,Human,6,very_short,human_vs_ai_sentences
These projects could be a really good and efficient thing or a stressful unmotiving thing.,0,Human,15,short,human_vs_ai_sentences
"Let them chouse their path, let them feel good, or learn from their mistakes.",0,Human,14,short,human_vs_ai_sentences
Most students require peace and quite while learning.,0,Human,8,very_short,human_vs_ai_sentences
A student with the experience of working through the class would have a keener understanding of what to expect from the class in terms of rigor and would hopefully reflect their experiences in the assignment.,0,Human,35,medium,human_vs_ai_sentences
The article has some interesting things to say.,0,Human,8,very_short,human_vs_ai_sentences
Talking to more than one person for advice is the best solution.,0,Human,12,short,human_vs_ai_sentences
"I think going to school is the better option because if you take online classes you cant ask questions,dont get the full experience of class,and you also dont meet new friends and people.",0,Human,33,medium,human_vs_ai_sentences
"Well, it's totally true!",1,AI,4,very_short,human_vs_ai_sentences
"In summary, a diversity of counsel enhances the decision-making process by exposing the question and potential answers to a multiplicity of informed viewpoints.",1,AI,23,short,human_vs_ai_sentences
"If such hard conditions, why would scientist even want to go to Venus?",0,Human,13,short,human_vs_ai_sentences
you wanted know what is going to happen.,0,Human,8,very_short,human_vs_ai_sentences
Another challenge is that it can be expensive to live without a car.,1,AI,13,short,human_vs_ai_sentences
"He was like, super enthusiastic about his work, and it totally paid off.",1,AI,13,short,human_vs_ai_sentences
"First, it can save you money.",1,AI,6,very_short,human_vs_ai_sentences
"While there are arguments for both sides, I firmly believe that preserving the Electoral College system is crucial for maintaining the fairness and representative nature of our electoral process.",1,AI,29,short,human_vs_ai_sentences
"Well then let us have fun, this is that I say.",0,Human,11,short,human_vs_ai_sentences
What dress should I wear to the prom?,0,Human,8,very_short,human_vs_ai_sentences
Another idea is using mechanical computers on Venus.,0,Human,8,very_short,human_vs_ai_sentences
Sensors on the car could easily be broken and the car wouldn't be at it's best in safety for the driver.,0,Human,21,short,human_vs_ai_sentences
Working with my uncle on the marble shop was a great experience.,1,AI,12,short,human_vs_ai_sentences
"Though cars are faster, but it is way easier to crash in cars, and bycicles does not release bad smoke that can culminate to pollution .",0,Human,26,short,human_vs_ai_sentences
Being able to express yourself freely and connect with likeminded individuals through online communities is empowering for many individuals—especially those who may find themselves lacking acceptance elsewhere due to outside factors like race or sexual orientation—and these connections can provide strength during difficult times in life.,1,AI,46,medium,human_vs_ai_sentences
"Yet, the Electoral College still has its defenders.",0,Human,8,very_short,human_vs_ai_sentences
"When discussing success, one of the first things that come to mind is soccer.",1,AI,14,short,human_vs_ai_sentences
The rule of you can only use your phone during your own time is would work very well since some students need their phones to contact their parents for a ride home.,0,Human,32,medium,human_vs_ai_sentences
I for one was a little excited about that.,0,Human,9,very_short,human_vs_ai_sentences
"Additionally, bicycle riders rely on their own energy output, meaning that bicycle travel does not require the burning of fossil fuels like driving does.",1,AI,24,short,human_vs_ai_sentences
It's so hard!,1,AI,3,very_short,human_vs_ai_sentences
"Through out the past, and till now transportation has been a huge role in our society.",0,Human,16,short,human_vs_ai_sentences
Many students don't realize how important high school actually is to your future.,0,Human,13,short,human_vs_ai_sentences
"First, the Electoral College was designed to give a voice to smaller states, but this is no longer necessary.",1,AI,19,short,human_vs_ai_sentences
Another way that students can contribute to their community is by participating in a beach or park clean-up.,1,AI,18,short,human_vs_ai_sentences
I think that it's a good idea for us to have to participate in an extracurricular activity.,1,AI,17,short,human_vs_ai_sentences
"The reasons to change to elction by popular vote is because under the elctoral college system, voters vote not for the president, but for a slate of electors, who in turn elect the president.",0,Human,34,medium,human_vs_ai_sentences
"Traditional classroom learning may be the best alternative for some students, as it is an effective way to facilitate learning and engagement with course material and develop relationships with other peers.",1,AI,31,medium,human_vs_ai_sentences
"In a world where climate change is becoming an increasingly pressing issue, it’s essential for us all to take responsibility for our actions and the part we play in protecting the planet.",1,AI,32,medium,human_vs_ai_sentences
so I like doing the online class is also fun because I be at home while doing my work in my bed.,0,Human,22,short,human_vs_ai_sentences
"Many people consider this a safer option, despite the fact that there is overwhelming evidence of hands free devices being negative, it is not as spread out as texting and driving warnings.",0,Human,32,medium,human_vs_ai_sentences
"In conclusion, the study of history is far from irrelevant.",1,AI,10,very_short,human_vs_ai_sentences
"Therefore, students should not be required to participate in an extracurricular activity.",0,Human,12,short,human_vs_ai_sentences
That could be very bad.,0,Human,5,very_short,human_vs_ai_sentences
That is definitely a huge benefit.,0,Human,6,very_short,human_vs_ai_sentences
Loneliness: The Unspoken Epidemic.,1,AI,4,very_short,human_vs_ai_sentences
I don't know if he'll be able to make it happen.,1,AI,11,short,human_vs_ai_sentences
"So, I'm gonna start learning more about cars and how they work.",1,AI,12,short,human_vs_ai_sentences
"Lastly, the Electoral College eliminates the need for run-off elections in the event that no candidate receives a majority of the votes cast.",1,AI,23,short,human_vs_ai_sentences
To compete successfully at this sport athletes must possess both strong technical skills as well as an artistic flair which they use to showcase their unique style and interpretation of the routine music selected by themselves or their coaches.,1,AI,39,medium,human_vs_ai_sentences
They also have considered sending electronices so it is possible.,0,Human,10,very_short,human_vs_ai_sentences
You might miss out on important learning experiences and lose the opportunity to make new friends and connections.,1,AI,18,short,human_vs_ai_sentences
"In this essay, we will explore some of the top tourist attractions in France, the types of cuisine that can be found there, and what to expect in terms of weather and people.",1,AI,33,medium,human_vs_ai_sentences
Image having to do a activity for school.,0,Human,8,very_short,human_vs_ai_sentences
With these advanced technologies it becomes easier for homeowners to monitor suspicious activity around their homes without having to leave their chairs — all information collected can be accessed directly from one app installed in digital devices like laptops and phones.,1,AI,41,medium,human_vs_ai_sentences
"Not every group member is capable of putting in an equal amount of effort, and a lack of respect for one another’s contributions can lead to inefficiencies or delays in completing the projects.",1,AI,33,medium,human_vs_ai_sentences
Are Social Media Influencers Good Role Models?.,1,AI,7,very_short,human_vs_ai_sentences
Thank you for your attention to this matter.,1,AI,8,very_short,human_vs_ai_sentences
"If we limit the usage of cars we will be rewarded with numerous benefits, such as: better health, clean cities, and new relationships, in turn.",0,Human,25,short,human_vs_ai_sentences
"You can like, build on each other's ideas and come up with something way better than you could have on your own.",1,AI,22,short,human_vs_ai_sentences
"Facts, on the other hand, often have the opposite effect.",1,AI,10,very_short,human_vs_ai_sentences
"Self-reliance is an important attribute to possess in order to be successful and lead a happy, fulfilling life.",1,AI,18,short,human_vs_ai_sentences
Not asking for adive could lead to bad decions made.,0,Human,10,very_short,human_vs_ai_sentences
It may give them the confidence to follow the path of self-acceptance and discovery.,1,AI,14,short,human_vs_ai_sentences
If you talk to someone it can really help.,0,Human,9,very_short,human_vs_ai_sentences
One thing that will help you learn hard work is caring for the animals on the boat.,0,Human,17,short,human_vs_ai_sentences
"I think the Electoral vote is important, just not as important as it currently is.",0,Human,15,short,human_vs_ai_sentences
"However, the Electoral College is no longer necessary or fair.",1,AI,10,very_short,human_vs_ai_sentences
"Well first off Dr. Paul Eckman created a sytem called FACS, which creates affects and changes on human facial expressions for better results.",0,Human,23,short,human_vs_ai_sentences
Having multiple minds working on a project allows for a more diverse set of ideas and solutions.,1,AI,17,short,human_vs_ai_sentences
"In recent years, there has been a growing movement to encourage people to limit their car usage.",1,AI,17,short,human_vs_ai_sentences
It looked like a face of an Egyptian Pharaoh.,0,Human,9,very_short,human_vs_ai_sentences
"It helps us create things, assist others, and learn new things every day.",1,AI,13,short,human_vs_ai_sentences
"At the same time, Jefferson believed that inactivity could have an important role to play in how we use our time.",1,AI,21,short,human_vs_ai_sentences
"""The only safe car has a human driver control at all times"" (paragraph 9).",0,Human,14,short,human_vs_ai_sentences
.,1,AI,1,very_short,human_vs_ai_sentences
that could either cause more confussion as the lesson goes on or make the lesson too easy.,0,Human,17,short,human_vs_ai_sentences
"Appearing positive can open doors to better career options, allowing for professional and personal growth.",1,AI,15,short,human_vs_ai_sentences
Voters in the twenteyfive of the largest media markets didn't even get to see a single campaign ad!,0,Human,18,short,human_vs_ai_sentences
"We could start off small, for instance, by having a day where no one is allowed to drive their cars to places or be fined if you do drive, like Bogota, Colombia does in ""Carfree day is spinning into a big hit in Bogota"".",0,Human,44,medium,human_vs_ai_sentences
So i believe we need to keep the college and avoid the possibilty of the peoples word going it a bit higher then what it already is.,0,Human,27,short,human_vs_ai_sentences
Personality provides great insight into individuals and their lives.,0,Human,9,very_short,human_vs_ai_sentences
"Without regular real life interactions, people are struggling to use proper manners and interact with one another in a meaningful way.",1,AI,21,short,human_vs_ai_sentences
"So, let's embrace technology and all the amazing things it can do for us!",1,AI,14,short,human_vs_ai_sentences
"Overall ""Driverless Cars"" are unsafe.",0,Human,5,very_short,human_vs_ai_sentences
This means that people are always under pressure to prove themselves and to stand out from the crowd.,1,AI,18,short,human_vs_ai_sentences
It can help out alot by if a teen or someone has something bottled up deep inside of them.,0,Human,19,short,human_vs_ai_sentences
"Home schooled students may lack the in-person social interactions of traditional education or the structure of the school day, which can lead to decreased motivation and attendance issues.",1,AI,28,short,human_vs_ai_sentences
The 2000 disaster is a great example for us to switch to popular voting.,0,Human,14,short,human_vs_ai_sentences
"Moreover, the technology can help create a more positive and supportive learning environment.",1,AI,13,short,human_vs_ai_sentences
"The Electoral College has been in place since the beginning of the republic, but it has been a source of controversy for many years.",1,AI,24,short,human_vs_ai_sentences
"In the popular vote system, the head of state and or government is elected by the majority of the nation.",0,Human,20,short,human_vs_ai_sentences
"And with that extra hour and a half in school, it'll be even harder to get the rest we need.",1,AI,20,short,human_vs_ai_sentences
"It's the moment every kid dreams about, lying bellydown on the kitchen floor and pushing a Barbie jeep around their mother's feet as she labors away at the stove, the stark scent of garlic filling their little noses.",0,Human,38,medium,human_vs_ai_sentences
These activities can strengthen family relationships and create lasting memories.,1,AI,10,very_short,human_vs_ai_sentences
Now I know that summer work is a large possibility for my breaks and f it is assigned it should be done.,0,Human,22,short,human_vs_ai_sentences
"Growth and striving are essential for personal development, and they can lead to a wide range of positive outcomes.",1,AI,19,short,human_vs_ai_sentences
"😴💤

And when is it beneficial to have inactivity?",1,AI,9,very_short,human_vs_ai_sentences
The world may never know.,0,Human,5,very_short,human_vs_ai_sentences
"💯🏆

Thanks for reading, folks!",1,AI,5,very_short,human_vs_ai_sentences
Working on school work alone or with a group can be beneficial.,1,AI,12,short,human_vs_ai_sentences
"Also, you never know where this small hobby can lead to in life.",0,Human,13,short,human_vs_ai_sentences
This is undemocratic and unfair.,1,AI,5,very_short,human_vs_ai_sentences
"It lessens the probability of a dispute over election results, as witnessed in 2000 when disputes over the popular vote did not reflect distinctly in the electoral vote.",1,AI,28,short,human_vs_ai_sentences
"However, it is important to remember that standing up for what is right is always the best course of action, even if it may not be easy or popular.",1,AI,29,short,human_vs_ai_sentences
"As a student, I have honed my ability to express my thoughts and ideas clearly and effectively, which is essential in any business setting.",1,AI,24,short,human_vs_ai_sentences
"For example, a cook is trying to do new dishes from differents cultures.",0,Human,13,short,human_vs_ai_sentences
"However, with the exception of usage for plugin cars, hybird, and cars carrying three or more passengers.",0,Human,17,short,human_vs_ai_sentences
"However, I do not believe that the internet will ever replace the book or the written word as the main source of information.",1,AI,23,short,human_vs_ai_sentences
Pianos and saxophones are two of the most widely-used instruments in the world of music.,1,AI,15,short,human_vs_ai_sentences
Interacting with others allows teens an opportunity for self-expression while learning proper communication techniques that will serve them well when striving toward personal goals during later years adulthood comes along .,1,AI,31,medium,human_vs_ai_sentences
"For example, Amour Vert produces basics like t-shirts made entirely out of sustainably sourced materials (like Tencel) for under $50 each - making ethical fashion even more accessible than ever before!",1,AI,31,medium,human_vs_ai_sentences
"While there are some people who have achieved incredible things without having gone to college, the majority of successful people owe at least some part of their success to the advantages that come from having earned a degree.",1,AI,38,medium,human_vs_ai_sentences
"So a solid regional favorite, such as Romney was in the South, has no incentive to campaign heavily in those states, for he gains no electoral votes by increasing his pulrality in states that he knows he will win."" This is so that there is no winning just because of one place.",0,Human,52,medium,human_vs_ai_sentences
"Ride Like The Wind

Do you want to have a job where you can travel alot?",0,Human,16,short,human_vs_ai_sentences
Students should have the technology to see how they feel because they would actually understand the emotions people are going through putting a happy face sometimes is not your real happy face it could just be a fake smile.,0,Human,39,medium,human_vs_ai_sentences
"Firstly, not all students have the same interests or abilities.",1,AI,10,very_short,human_vs_ai_sentences
Even giving your neighbor help with where they should plant there plants is advice.,0,Human,14,short,human_vs_ai_sentences
This shows that the systom is not as good as gold .,0,Human,12,short,human_vs_ai_sentences
"Second, computer games can be very violent and can be used to teach children about violence.",1,AI,16,short,human_vs_ai_sentences
Almost 70% of drives have diesel vehicles.,0,Human,7,very_short,human_vs_ai_sentences
I also think that if most students have a C and can not play a sport then we probably wont have enough people to play the sports and eventually we wont have sports at all.,0,Human,35,medium,human_vs_ai_sentences
"🚔 They're like, total heroes!",1,AI,5,very_short,human_vs_ai_sentences
Technology has made us less capable of making decisions too.,1,AI,10,very_short,human_vs_ai_sentences
Another aspect that must be considered is privacy.,1,AI,8,very_short,human_vs_ai_sentences
"Students are very creative people whether it be in art, writing, sciences, or any other subject.",0,Human,16,short,human_vs_ai_sentences
"Summer projects are meant for the students to stay sharp and ready for the school year to come,consequently, students making there own projects would not be in the best interest of themselves because they do not know what kind sort of work there will ne next school year.",0,Human,48,medium,human_vs_ai_sentences
They can be anyanyone not holding public office.,0,Human,8,very_short,human_vs_ai_sentences
"While critics argue that the winner-take-all system in the Electoral College leads to a lack of attention to non-swing states, it must be acknowledged that candidates cannot campaign in every state.",1,AI,31,medium,human_vs_ai_sentences
When you do a project that you made yourself you won't stay on topic for some time because the information being placed would be about anything.,0,Human,26,short,human_vs_ai_sentences
"However, they are not always given the credit they deserve.",1,AI,10,very_short,human_vs_ai_sentences
Some of these communities house up to 5500 residents.,0,Human,9,very_short,human_vs_ai_sentences
The matchine are exact and they are able to detect exactly how other people are feeling even when they are trying to hide their emotions.,0,Human,25,short,human_vs_ai_sentences
I believe that education is a life-long process.,1,AI,8,very_short,human_vs_ai_sentences
"The third reason I think we should let the outcome be decided by the American people and not electoral colleges is because the Electoral College is unfair, outdated, and irrational.",0,Human,30,short,human_vs_ai_sentences
As Judge Richard A.,1,AI,4,very_short,human_vs_ai_sentences
"To protect against inappropriate use of phones, the school could take several measures.",1,AI,13,short,human_vs_ai_sentences
Also it destroys our trees that we need for oxygen.,0,Human,10,very_short,human_vs_ai_sentences
"Work today is less stressful than it used to be, but it is still very stressful.",1,AI,16,short,human_vs_ai_sentences
I believe that the only fair way to elect the president of the United States is by popular vote.,1,AI,19,short,human_vs_ai_sentences
"As Judge Posner highlights, this promotes the engagement of voters in these toss-up states who are aware that their votes carry significant weight in deciding the election.",1,AI,27,short,human_vs_ai_sentences
"If most of them agree on the same outfit, you'll feel more confident that you're making a good choice!",1,AI,19,short,human_vs_ai_sentences
Even in rainy weather people participated just to help lower stress and air pollution.,0,Human,14,short,human_vs_ai_sentences
"For one thing, it's like, way more convenient.",1,AI,8,very_short,human_vs_ai_sentences
"In addition to these practical benefits, working as a team can also foster a sense of community and camaraderie.",1,AI,19,short,human_vs_ai_sentences
Something they never would have done they liked.,0,Human,8,very_short,human_vs_ai_sentences
"With love,

STUDENT_NAME

Eight grader

SCHOOL_NAME",0,Human,6,very_short,human_vs_ai_sentences
Those that are C students may be discouraged at that fact that you have set the bar above them and believe that they will never reach that level.,0,Human,28,short,human_vs_ai_sentences
Schools should do what will benefit the student body the most: leaving distance learning out of the school system.,0,Human,19,short,human_vs_ai_sentences
"Without imagination, humanity would not have made the strides it has in technology, art, science, and countless other fields.",1,AI,19,short,human_vs_ai_sentences
One advantage of having students design their own summer projects is that they can choose a topic that interests them.,1,AI,20,short,human_vs_ai_sentences
FACS would be good for keeping kids that are dealing with things away from people that'll trigger them.,0,Human,18,short,human_vs_ai_sentences
There is one good thing about this emtional problem if somone takes a picture and there sad and there thinking about ending their life somone can see it and contact someone and they could change their life around thats is on good thing i like it about.,0,Human,47,medium,human_vs_ai_sentences
"Experiences that Shaped My Identity:

Several experiences in my life have helped me develop my own identity.",1,AI,17,short,human_vs_ai_sentences
Distance learning will solve that.,0,Human,5,very_short,human_vs_ai_sentences
All things considered owning a parrot can,1,AI,7,very_short,human_vs_ai_sentences
Such adjustments deserve consideration.,1,AI,4,very_short,human_vs_ai_sentences
The World Health Organization states that 1.35 million people die due to road traffic accidents every year worldwide.,1,AI,18,short,human_vs_ai_sentences
"It also helps to maintain a balance of political power between large and small states, restoring some weight to the political influence of larger states, which can affect policy outcomes (Posner 21).",1,AI,32,medium,human_vs_ai_sentences
C is an overall average for a reason.,0,Human,8,very_short,human_vs_ai_sentences
This is the only way to ensure that the president of the United States is truly the representative of the American people.,1,AI,22,short,human_vs_ai_sentences
"I believe people who try to do something beyond what they've have already mastered, they will never grow because due to lack of experience, and not enough knowledge.",0,Human,28,short,human_vs_ai_sentences
direct=true&db=nlebk&AN=1530461&site=eds-live&scope=site.,0,Human,1,very_short,human_vs_ai_sentences
They want to get there as quickly as possible.,0,Human,9,very_short,human_vs_ai_sentences
"There's Windows, Office, Xbox, Azure, and more!",1,AI,7,very_short,human_vs_ai_sentences
I would say it is a good idea because some familys take road trips and the driver is usually very tired after hours of driving in the same position.,0,Human,29,short,human_vs_ai_sentences
"I mean, he had to deal with racism and discrimination all the time, and it was really hard for him to get gigs and stuff.",1,AI,25,short,human_vs_ai_sentences
However you cant stop there you need something that works for you and some body who might have more experience in that area of life and give something that works better for you.,0,Human,33,medium,human_vs_ai_sentences
"It was other was to get around that you didn't have to bother coming out of pocket for such as,""Public transit was free of charge from Friday to Monday.",0,Human,29,short,human_vs_ai_sentences
"""Numerous factors contribute to Venus's reputation as a challenging planet for humans to study, despite its proximity to us""(2).",0,Human,19,short,human_vs_ai_sentences
Times have changed.,0,Human,3,very_short,human_vs_ai_sentences
There are a number of advantages to limiting car usage.,1,AI,10,very_short,human_vs_ai_sentences
"They understand the importance of building relationships with others, both in their personal and professional lives.",1,AI,16,short,human_vs_ai_sentences
"For example, California has 2 Senate representitives and 35 million voters, and Wyoming, with a much smaller population, has the same amount of representitives in the Senate, leading to a Wyoming resident having much more than a Californian one.",0,Human,39,medium,human_vs_ai_sentences
"Vauban, Germany completely forbide any street parking, driveways, and home garages.",0,Human,11,short,human_vs_ai_sentences
This means that the majority of voters can be overruled by the Electoral College.,1,AI,14,short,human_vs_ai_sentences
According to the article it can detake mixed emotions.,0,Human,9,very_short,human_vs_ai_sentences
"When a student is falling bored in class, it can be hard to tell what is going on.",0,Human,18,short,human_vs_ai_sentences
This can make it difficult for young people to find ways to get involved in their communities.,1,AI,17,short,human_vs_ai_sentences
S,1,AI,1,very_short,human_vs_ai_sentences
"Additionally, trying new things also allows people to discover new interests and passions.",1,AI,13,short,human_vs_ai_sentences
"When bus arrive to school, I still have to waiting until the first period start, yup, 8:10 am.",0,Human,18,short,human_vs_ai_sentences
Technology had people changed a lot during this generation.,0,Human,9,very_short,human_vs_ai_sentences
The indirect communication with teachers from an online class may provide unforeseen complicaitons with the student's ability to deeply grasp whatever concept he or she is trying to learn.,0,Human,29,short,human_vs_ai_sentences
"Of course watching a frog being dissected can make some students disgusted, but in the end of the day the student still has to learn all this since it is required in the class.",0,Human,34,medium,human_vs_ai_sentences
"In fact, the number of people with at least a bachelor's degree has fallen to it's lowest level since the 1940s.",1,AI,21,short,human_vs_ai_sentences
"It's not just one country's problem, it's everyone's problem.",1,AI,9,very_short,human_vs_ai_sentences
"By recognizing the role that external factors play in shaping our personality, we can better understand ourselves and work to develop the traits that we want to possess.",1,AI,28,short,human_vs_ai_sentences
They send spacecrafts but they didn't last more than a few hours.,0,Human,12,short,human_vs_ai_sentences
"And then you'll be like, ""Oh no, why didn't I see that coming?!"" 

And let's not forget about the whole ""fake it till you make it"" thing.",1,AI,27,short,human_vs_ai_sentences
There are risks to basically putting the voters vote in someone elses hands and the voters vote can easily be changed by one of the electors that the party had picked because they trusted that person.,0,Human,36,medium,human_vs_ai_sentences
Students aren't always going to do the right thing.,0,Human,9,very_short,human_vs_ai_sentences
"This means that once they are used, they will remain in our environment for a very long time, causing harm to animals and humans alike.",1,AI,25,short,human_vs_ai_sentences
but I gave you alot of reasons why the devolpment of these cars shouldn't happen.,0,Human,15,short,human_vs_ai_sentences
"Dear Senator, If you were to question U.S. citizens about what an electoral college is, what would they say?",0,Human,19,short,human_vs_ai_sentences
Competition can teach children how to set goals and work hard to achieve them.,1,AI,14,short,human_vs_ai_sentences
There are many reasons why the Electoral College should be abolished.,1,AI,11,short,human_vs_ai_sentences
I ended up getting an A on the final exam!,1,AI,10,very_short,human_vs_ai_sentences
There are many things that we can do to limit car usage.,1,AI,12,short,human_vs_ai_sentences
.,1,AI,1,very_short,human_vs_ai_sentences
Limiting car usage can also help to reduce climate change.,1,AI,10,very_short,human_vs_ai_sentences
The reality may be that the meal is much less appealing than the image in the advertisement.,1,AI,17,short,human_vs_ai_sentences
"For instance, students may benefit from the flexibility of learning from any location and the availability of courses that may not be available in their local area.",1,AI,27,short,human_vs_ai_sentences
"Similarly, Sarah was asked to leave her basketball team on account of her having to attend her after school homework club every day.",1,AI,23,short,human_vs_ai_sentences
"Since most classrooms are not this dynamic, every student moves on to doing the same thing at the same time.",0,Human,20,short,human_vs_ai_sentences
"If cars were to be eliminated from the equation, all of these deaths could easily be avoided.",0,Human,17,short,human_vs_ai_sentences
"It is already established and has worked for many years."" In order to move forward as a nation we as a whole need to make changes sometimes.",0,Human,27,short,human_vs_ai_sentences
Politics is not only about formal institutions and procedures but also about the distribution of power and resources in a society.,1,AI,21,short,human_vs_ai_sentences
"The more people you ask for opinions about the topic, the easier it will be to choose the better answer.",0,Human,20,short,human_vs_ai_sentences
There are several reasons why I believe the Electoral College should be abolished.,1,AI,13,short,human_vs_ai_sentences
It can also lead to children feeling angry and resentful.,1,AI,10,very_short,human_vs_ai_sentences
"By praising students for their efforts and accomplishments, we can help to build their self-esteem and reduce the risk of these negative outcomes.",1,AI,23,short,human_vs_ai_sentences
Additionally it helps build self-confidence since it gives players a sense of accomplishment as they learn more complex tunes over time – something very few instruments offer right off the bat!.,1,AI,31,medium,human_vs_ai_sentences
"Plus, they're not your parents, so you can be like, totally honest with them without feeling embarrassed.",1,AI,17,short,human_vs_ai_sentences
It's like the best of both worlds!,1,AI,7,very_short,human_vs_ai_sentences
The teachers want to make it challenging for the students because they want students to get use to the environment of the school.,0,Human,23,short,human_vs_ai_sentences
Many people that we know today are were they are now because of the advice the received.,0,Human,17,short,human_vs_ai_sentences
Almost every state in America has banned messaging while driving.,0,Human,10,very_short,human_vs_ai_sentences
Texting and driving is fatal.,0,Human,5,very_short,human_vs_ai_sentences
"Additionally, modern technology has allowed people to take advantage of many new tools and applications.",1,AI,15,short,human_vs_ai_sentences
But having the car to do everything is to dangerous.,0,Human,10,very_short,human_vs_ai_sentences
"In conclusion, being yourself is the best way to live life.",1,AI,11,short,human_vs_ai_sentences
Some students are not smart enough to work by their-self.,0,Human,10,very_short,human_vs_ai_sentences
Being biased is a big problem that many people have but when you ask many different people for there opinion you learn different sides to things and learn things you never knew.,0,Human,32,medium,human_vs_ai_sentences
"You can find this in the text reading,""Today Venus still has some features that are analogous to those on Earth.",0,Human,20,short,human_vs_ai_sentences
"Thanks a lot and remember ""What if it was you?"".",0,Human,10,very_short,human_vs_ai_sentences
"And besides, we can always learn new skills and be prepared for emergencies.",1,AI,13,short,human_vs_ai_sentences
Governments should take immediate action to address climate change.,1,AI,9,very_short,human_vs_ai_sentences
People ask for advice from others all the time.,0,Human,9,very_short,human_vs_ai_sentences
"It's not, like, always easy or fun, but it's, like, totally worth it.",1,AI,13,short,human_vs_ai_sentences
"Because one people one idea, that's mean have a lot of answers your guess and you will be know the best the answers from teacher.",0,Human,25,short,human_vs_ai_sentences
The media often reinforces this focus on differences by highlighting conflicts and disagreements instead of promoting understanding and cooperation.,1,AI,19,short,human_vs_ai_sentences
One of the most significant negative effects of technology is the way it has impacted our mental health.,1,AI,18,short,human_vs_ai_sentences
"Sometimes people smile when they're sad, or they might look angry when they're actually frustrated.",1,AI,15,short,human_vs_ai_sentences
I'll tell you a personal example.,1,AI,6,very_short,human_vs_ai_sentences
"Like, don't we deserve to have control over our own information?",1,AI,11,short,human_vs_ai_sentences
If this happens the person is really not learning anything.,0,Human,10,very_short,human_vs_ai_sentences
A year ago my mom and dad wanted to split.,0,Human,10,very_short,human_vs_ai_sentences
So that means a victory for him...,0,Human,7,very_short,human_vs_ai_sentences
This is why I think students would not benefit from distance learning education and it should not be optional unless the student or their family has an acceptable reason for the student to take their classes online.,0,Human,37,medium,human_vs_ai_sentences
"they would want to actually vote for the president, not an elector!",0,Human,12,short,human_vs_ai_sentences
"Senator of Florida, im writing you today to address the issue about keeping the Electoral College or changing it to election by popular vote for the president of the United States.",0,Human,31,medium,human_vs_ai_sentences
"Instead, they will make use of time, using it to hone their skills and work towards the life they hope to build.",1,AI,22,short,human_vs_ai_sentences
"Venus has really powerful 'eathquake', it has weather, volcanoes.",0,Human,9,very_short,human_vs_ai_sentences
Extracurricular activities could help a student get into collage.,0,Human,9,very_short,human_vs_ai_sentences
"Upon analyzing the available information, my belief is that we should retain the Electoral College, despite its perceived shortcomings.",1,AI,19,short,human_vs_ai_sentences
"Secondly, having a positive attitude can also help us build stronger friendships.",1,AI,12,short,human_vs_ai_sentences
"Students who have passed both the written and oral exams are called ""A"" and ""B"" students.",1,AI,16,short,human_vs_ai_sentences
"Whether it is singing alone or with a group, it’s a great way to engage in some self-care.",1,AI,18,short,human_vs_ai_sentences
If a student can have a choice of any subject to do a project as long as school appriorate over summer the one can enjoy and choose; also will make students more energetic to complete the project on time.,0,Human,39,medium,human_vs_ai_sentences
"Secondly, the Electoral College ensures that the president represents the entire nation rather than just a few densely populated areas.",1,AI,20,short,human_vs_ai_sentences
Electoral Colleges balance the weight in political balance that larger states lose virtue of the Senate.,0,Human,16,short,human_vs_ai_sentences
"[Your Name]
[Your Address]
[City, State, Zip Code]
[Date]

[Senator's Name]
[Senator's Address]
[City, State, Zip Code]

Dear Senator [Last Name],

I am writing to express my viewpoint on the matter of the Electoral College and its role in the election of the President of the United States.",1,AI,48,medium,human_vs_ai_sentences
They are also less likely to be bogged down by negative thoughts and emotions.,1,AI,14,short,human_vs_ai_sentences
Also help keep them from being at the wrong place at the wrong time.,0,Human,14,short,human_vs_ai_sentences
"Years of working in a part time, nights of no sleeping, hundreds of essays, homework in the midnight and group projects, sometimes not able to pay the next semester, and a lot more is what a university student has to go for them to have a successful life not a positive attitude.",0,Human,52,medium,human_vs_ai_sentences
There are many tasks you could give out each week.,0,Human,10,very_short,human_vs_ai_sentences
"[Introduction]
In the article ""The Challenge of Exploring Venus"", the author suggests that studying Venus is a worthy pursuit, despite the dangers that it presents.",1,AI,25,short,human_vs_ai_sentences
"In addition to his political work, Jefferson was also a prolific writer.",1,AI,12,short,human_vs_ai_sentences
Please don't ruin that by outlawing cell phones.,0,Human,8,very_short,human_vs_ai_sentences
"Third, limiting car usage can help to reduce traffic congestion.",1,AI,10,very_short,human_vs_ai_sentences
Few people can argue against the fact that technology has drastically improved the way we live.,1,AI,16,short,human_vs_ai_sentences
Who knows what can take place for our future.,0,Human,9,very_short,human_vs_ai_sentences
"But, this is not necessarily true.",1,AI,6,very_short,human_vs_ai_sentences
"Similarly, a person who has knowledge of both biology and environmental science can understand the impact of human activities on the environment.",1,AI,22,short,human_vs_ai_sentences
"Sincerely,

[Your Name]",1,AI,3,very_short,human_vs_ai_sentences
They would improve but students also develop zero tolerance to any criticism and probably going to want all the attention focused at them.,0,Human,23,short,human_vs_ai_sentences
Art helps us to express ourselfs and to be creative.,1,AI,10,very_short,human_vs_ai_sentences
They shut change the summer time to June and August.,0,Human,10,very_short,human_vs_ai_sentences
"First off, let's talk about sports.",1,AI,6,very_short,human_vs_ai_sentences
"Furthermore, less car usage has been associated with decreased tension and a happier lifestyle (Rosenthal).",1,AI,15,short,human_vs_ai_sentences
Give it a try and see how you like it!,1,AI,10,very_short,human_vs_ai_sentences
"One school that follows the practice of forcing students to choose courses at an early age is my current school, which requires students to take four years of core classes before they can choose their electives.",1,AI,36,medium,human_vs_ai_sentences
"Think about it, when you pick out trash on the street you live on, it doesn't just benefic others, it also benefic you because it is the street that you are living on.",0,Human,33,medium,human_vs_ai_sentences
"You have to provide it with insurance, monthly bills and so much more.",0,Human,13,short,human_vs_ai_sentences
They can also help to reduce your risk of obesity and other chronic diseases.,1,AI,14,short,human_vs_ai_sentences
Many students want to feel happy that they can at least do one type of sport right and get a good scholarship because of it.,0,Human,25,short,human_vs_ai_sentences
I got my first phone when I was in 8th grade and since then I've just been on it probably 24/7.,0,Human,21,short,human_vs_ai_sentences
"Sincerely,

[Your Name]",1,AI,3,very_short,human_vs_ai_sentences
Trees act as homes for many animals like birds and primates which will no longer have access to their habitats if they’re destroyed by deforestation.,1,AI,25,short,human_vs_ai_sentences
Attend college fairs and tours to learn more about different colleges and their programs.,1,AI,14,short,human_vs_ai_sentences
These type of summer projects would give students more of a reason to put effort and actually do the project.,0,Human,20,short,human_vs_ai_sentences
"Famous people have always been in the spotlight, and their lives have been scrutinized by the media.",1,AI,17,short,human_vs_ai_sentences
All because someone can be something else then what the machine picks up.,0,Human,13,short,human_vs_ai_sentences
"Plus, it's free!",1,AI,3,very_short,human_vs_ai_sentences
the author want to show you all the data he picked up good and bad.,0,Human,15,short,human_vs_ai_sentences
For instance in Bogota driving was banned for one day.,0,Human,10,very_short,human_vs_ai_sentences
"By restricting car ownership and promoting alternative forms of transportation, such as public transit, cycling, and walking, communities can reap the benefits of smarter planning and a more sustainable future.",1,AI,30,short,human_vs_ai_sentences
Students also are not deterred by the time of the class like they are in regular classes.,0,Human,17,short,human_vs_ai_sentences
"Sincerely,

[Your Name]",1,AI,3,very_short,human_vs_ai_sentences
"But, like, we also need to remember to bring a camera.",1,AI,11,short,human_vs_ai_sentences
This very important for the president and the government.,0,Human,9,very_short,human_vs_ai_sentences
"The ""face"" on mars is a natural landform and was not made by aliens.",0,Human,14,short,human_vs_ai_sentences
"Furthermore, students may find it difficult to maintain their focus for a longer school day or to stay motivated over a longer school week.",1,AI,24,short,human_vs_ai_sentences
"In this way, we have the ability to make decisions about our own lives and our own wants and desires, without being limited by what we are supposed to want.",1,AI,30,short,human_vs_ai_sentences
"Those opinions can help you eliminate a variable, by thinking, ""Am I ready for what that person is advising?"" Ultimately, you are making your own decision, with others helping you realize your strengths and weaknesses, and what your opinion is.",0,Human,40,medium,human_vs_ai_sentences
"It's like, the little things that make a big difference, you know?",1,AI,12,short,human_vs_ai_sentences
"It's dangerous, it's illegal, and it's just not worth it.",1,AI,10,very_short,human_vs_ai_sentences
"However, this system gives more power to small states than they deserve.",1,AI,12,short,human_vs_ai_sentences
"Her experience taught me to be more empathetic and understanding towards others, and I learned how to better support her.",1,AI,20,short,human_vs_ai_sentences
"Many businesses and organizations offer summer internships and part-time jobs for students, which can provide valuable work experience and help them to develop important skills such as communication, teamwork, and time management.",1,AI,32,medium,human_vs_ai_sentences
"And, some kids might not have the attention span to sit still and be quiet for a long time.",1,AI,19,short,human_vs_ai_sentences
They can also provide access to attractions and experiences that may not be available to independent travelers.,1,AI,17,short,human_vs_ai_sentences
The same goes for movie-going.,1,AI,5,very_short,human_vs_ai_sentences
Let's talk about how dangerous this is.,0,Human,7,very_short,human_vs_ai_sentences
"This balances the interests of all regions, ensuring that no state or group of states becomes marginalized.",1,AI,17,short,human_vs_ai_sentences
I know I wouldn't.,0,Human,4,very_short,human_vs_ai_sentences
"They have to work to make money for their families but without all of the education they need, they can't work for a better paying job.",0,Human,26,short,human_vs_ai_sentences
"💪

That's my essay!",1,AI,4,very_short,human_vs_ai_sentences
"The potential benefits of online school are manifold—it can make higher education more accessible to students with disabilities or illnesses, provide a more flexible learning environment for students, and open up opportunities for them to gain employment.",1,AI,37,medium,human_vs_ai_sentences
This would be a more fair and just system.,1,AI,9,very_short,human_vs_ai_sentences
"My first reason, besides cancer, would be the possibility that students might not find anything that they like or that peeks their interest in the schools extracurricular program.",0,Human,28,short,human_vs_ai_sentences
movent of one or more musles is called an action untit in fact we humans preform this same impressive caluculation every day for instance you can prolly tell a friend is feeling simply by the look on her face of corce most of us would have trouble actully describing each facial trait that conveys happy wooried etc .....,0,Human,58,medium,human_vs_ai_sentences
"To be more in depth, many but not all people would choose the negative decision if there is one.",0,Human,19,short,human_vs_ai_sentences
.,0,Human,1,very_short,human_vs_ai_sentences
Many colleges and employers may view students who graduate in three years as less prepared or less academically advanced than those who graduate in four years.,1,AI,26,short,human_vs_ai_sentences
"For example, jobs that require long hours and high levels of responsibility can be very stressful.",1,AI,16,short,human_vs_ai_sentences
A grade B average to be able to participate in sports or other activities would be a great policy change.,0,Human,20,short,human_vs_ai_sentences
Knowing whether full sun or partial shade conditions would suit your chosen species best will go far towards maximizing its potential for growth and providing maximum visual pleasure throughout its flowering season(s).,1,AI,32,medium,human_vs_ai_sentences
"🍞🍝🥘
3.",1,AI,2,very_short,human_vs_ai_sentences
"The car could perform even the most basic stuff, such as, driving through the city, making turns, driving the steering wheel itself, and watching for dangerous things a new or inexperienced driver could not do.",0,Human,35,medium,human_vs_ai_sentences
"These are key skills that employers are now seeking, making actively engaged students more desirable candidates when it comes to job opportunities.",1,AI,22,short,human_vs_ai_sentences
"If you have a Bluetooth radio, then there should be less of a chance of you getting in an accident because you would be on your phone less.",0,Human,28,short,human_vs_ai_sentences
Take for example the laws of physics.,1,AI,7,very_short,human_vs_ai_sentences
"com"", 1.6 million crashes are caused by texting while driving.",0,Human,10,very_short,human_vs_ai_sentences
"Taking vacations and engaging in activities with family offers life-long benefits, providing an opportunity for relaxation, growth, and creating lasting memories.",1,AI,21,short,human_vs_ai_sentences
Maybe thats not the case maybe its the increase in gas cost.,0,Human,12,short,human_vs_ai_sentences
"From imaging technologies like X-rays and MRI scans, to robotic surgical instruments that allow surgeons to perform complex operations without the need for invasive surgery, advancements in technology have revolutionized how healthcare is provided around the world.",1,AI,37,medium,human_vs_ai_sentences
Hearing that they didn't get in may put them in a position where they have to settle for a collage that won't help them with their future goals .,0,Human,29,short,human_vs_ai_sentences
Thank you for your time.,1,AI,5,very_short,human_vs_ai_sentences
This is why you should ask more than one person for an perspective or an opinion.,0,Human,16,short,human_vs_ai_sentences
"But, if you lose weight, you'll have way more energy and can do all the things you wanna do without getting tired easily.",1,AI,23,short,human_vs_ai_sentences
Personally i would agree with him/her for various different reasons.,0,Human,10,very_short,human_vs_ai_sentences
Although the outcome of a tie is unlikely Posner it is still possible and causing unnecessary stress.,0,Human,17,short,human_vs_ai_sentences
"While being able to pick their own topic for a summer project may be more fun for students, a teacher-designed project would insure that the information being learned connects to what they need to know for school.",0,Human,37,medium,human_vs_ai_sentences
"In my opinion, universities' primary goal is not only to prepare students for professional life but also to provide them with a holistic learning environment that fosters personal growth and intellectual development.",1,AI,32,medium,human_vs_ai_sentences
"This is seen in the case of students in schools with a lack of resources, funding, or encouragement, where the students may not have the support they need to push them towards their educational goals.",1,AI,35,medium,human_vs_ai_sentences
"Also, scientists",1,AI,2,very_short,human_vs_ai_sentences
"This quote explains how through one scan on the computer, we can find out how they are feeling.",0,Human,18,short,human_vs_ai_sentences
We can also learn new grammar rules from texts.,1,AI,9,very_short,human_vs_ai_sentences
Many students main source of companions are derived from school.,0,Human,10,very_short,human_vs_ai_sentences
"However, the rarity of these occurrences speaks volumes.",1,AI,8,very_short,human_vs_ai_sentences
"Ultimately, online classes provide an accessible way for anyone to enhance their education while still attending to their daily responsibilities.",1,AI,20,short,human_vs_ai_sentences
This can make people feel bad about themselves and might even lead them to buy a product that they don’t really need.,1,AI,22,short,human_vs_ai_sentences
"If I am reading an essay about something that I do not like, obviously I will not attain as much knowledge as I should.",0,Human,24,short,human_vs_ai_sentences
Body Paragraph 3: The third reason why the Face is a natural landform is that it has been studied by scientists for many years.,1,AI,24,short,human_vs_ai_sentences
Thank you for considering my perspective on this important issue.,1,AI,10,very_short,human_vs_ai_sentences
"I strongly support the idea of distance learning and believe it would be a valuable tool for students in all grades.### Instruction:
 How could you rephrase the argument to make it more formal?### Response:
 Certainly.",1,AI,35,medium,human_vs_ai_sentences
"The ""Indefensible Electoral College"" is wrong your voteing for the electors as it says in paragraph 10.",0,Human,17,short,human_vs_ai_sentences
Every teacher has rules in their classrooms; rules that help students to be successful.,0,Human,14,short,human_vs_ai_sentences
Asking for advice can also be cost-effective when compared to the possible costs of making the wrong decision.,1,AI,18,short,human_vs_ai_sentences
What if this possibly happens again?,0,Human,6,very_short,human_vs_ai_sentences
One of the main advantages of using E-dictionaries is that they are very convenient.,1,AI,14,short,human_vs_ai_sentences
"venus still has some features similer to ones on earth like a surface of rocky sediments and valleys, mountains, and craters.",0,Human,21,short,human_vs_ai_sentences
"For example, if someone joins a soccer team they will be more physically active.",0,Human,14,short,human_vs_ai_sentences
"In conclusion, extra activities could open students eyes to something new, something they wouldn't have done if they just went on with their day without the extracurricular activities.",0,Human,28,short,human_vs_ai_sentences
"By not requiring community service, children can save money and use it for other important expenses, such as college tuition or books.",1,AI,22,short,human_vs_ai_sentences
"In fact, the Electoral College ensures that elections can be decided with relative certainty and prevents scenarios where a slight plurality of votes can result in a contested outcome (Posner, 2016, p.",1,AI,32,medium,human_vs_ai_sentences
"First of all, climate change is causing a lot of problems like really bad storms and rising sea levels.",1,AI,19,short,human_vs_ai_sentences
"Additionally, becoming familiar with various types of verbs—those used for regular actions such as parler (""to speak""), those used for motions such as sortir (""to go out"")—and learning how each one varies when changed into different tenses will help you refine your speech and make conversations more natural-sounding.",1,AI,48,medium,human_vs_ai_sentences
Like lab class or gym.,1,AI,5,very_short,human_vs_ai_sentences
"In this modern society, it'seems that every little thing happened on famous people are totally exposed by the media.",1,AI,19,short,human_vs_ai_sentences
In that case attend classes from school it would be very helpful and a big opportunity.,0,Human,16,short,human_vs_ai_sentences
"For example, someone who has been working in a particular field for a number of years is likely to have a better understanding of the industry and the job than someone who has just graduated from university.",1,AI,37,medium,human_vs_ai_sentences
.,1,AI,1,very_short,human_vs_ai_sentences
She can't tell us that she's dead.,0,Human,7,very_short,human_vs_ai_sentences
This is cruel and inhumane and should not be tolerated.,1,AI,10,very_short,human_vs_ai_sentences
"In conclusion, while specialization in a particular subject can lead to expertise and success in a specific field, a broad knowledge of many academic subjects can provide a more well-rounded and adaptable foundation for success in a rapidly changing world.",1,AI,40,medium,human_vs_ai_sentences
"As the articles provided has shown, there are many advantages to the limiting of car usage and it will not only benefit us as humans but also our environment.",0,Human,29,short,human_vs_ai_sentences
In some cases students start going to college once they are out school because they got an idea of how their class works and what for what job they are going to study.,0,Human,33,medium,human_vs_ai_sentences
Venus has many features that are analogous to those on Earth.,0,Human,11,short,human_vs_ai_sentences
Here is an example from paragraph 2 of how its similar to Earth and its' size.,0,Human,16,short,human_vs_ai_sentences
"😌

But playing outside isn't just good for our bodies, it's also great for our mental health!",1,AI,17,short,human_vs_ai_sentences
"If they were to follow policy one, life in school would be a much better way to contact people we need to contact.",0,Human,23,short,human_vs_ai_sentences
Second it will tell you to crow's-feel around your eyes.,0,Human,10,very_short,human_vs_ai_sentences
I think that summer projects should be student-designed.,1,AI,8,very_short,human_vs_ai_sentences
They might just make their day.,0,Human,6,very_short,human_vs_ai_sentences
"Fewer cars on the road means less noise pollution, less stress, and a more peaceful commute.",1,AI,16,short,human_vs_ai_sentences
"School has so many different aspects, rules, systems, and processes depending on if you're homeschooled, attending a private school, or going to a public school, choose whichever works best for you because at the end of the day, that's all that really matters.",0,Human,43,medium,human_vs_ai_sentences
Further complicating matters is that sometimes bullies don't recognize what constitutes inappropriate behavior online leading them down paths where they hurt others unintentionally while believing nothing wrong was done because no physical contact was made between them and their victim during the attack.,1,AI,43,medium,human_vs_ai_sentences
"Avid, or Advancement Via Individual Determination, is an educational program designed to provide a framework of support for students who have the desire to attend a four-year college or university.",1,AI,30,short,human_vs_ai_sentences
"In cases where no candidate receives a majority of the popular votes, the Electoral College invariably produces a clear winner.",1,AI,20,short,human_vs_ai_sentences
Kids want to build relationships with everyone their family.,0,Human,9,very_short,human_vs_ai_sentences
There are a number of ways to limit car usage.,1,AI,10,very_short,human_vs_ai_sentences
"This includes future generations, which keeps the team running.",0,Human,9,very_short,human_vs_ai_sentences
"Not always, and that's the problem.",0,Human,6,very_short,human_vs_ai_sentences
A fully f,1,AI,3,very_short,human_vs_ai_sentences
"While transportation issues may arise when people begin to give up their motorized vehicle, or if they decide to not purchase one in the first place, as many already have, a quick purchase of a bike or the use of public transit can solve at least some of them.",0,Human,49,medium,human_vs_ai_sentences
The second reason is money.,0,Human,5,very_short,human_vs_ai_sentences
The FACS is just showing how people are not developing the social skills they should have.,0,Human,16,short,human_vs_ai_sentences
One reason is because if a lesson is to boring then it could chnage it up to where you are having fun but still learning.,0,Human,25,short,human_vs_ai_sentences
I agree with the clame that the Faicial Action Coding System is actually good and could be usefull.,0,Human,18,short,human_vs_ai_sentences
"If someone gives you their advice, and you are having a hard time understanding why they think that, then find someone else and ask them for their advice, because everyone has a different point of view on things.",0,Human,38,medium,human_vs_ai_sentences
"While there are other methods that seek to reduce evil behavior, this approach has been proven to be effective in many cases.",1,AI,22,short,human_vs_ai_sentences
"Being honest can also help to create a sense of accountability, leading to growth as individuals and communities.",1,AI,18,short,human_vs_ai_sentences
"Finally, honesty is crucial in arguments.",1,AI,6,very_short,human_vs_ai_sentences
The president should not be determined by a couple people here and a couble people there.,0,Human,16,short,human_vs_ai_sentences
"Spelling and grammar: While it's understandable that a grade 6 student may make spelling and grammar mistakes, it's important to proofread your work carefully to catch any errors.",1,AI,28,short,human_vs_ai_sentences
"Elisabeth Rosenthal states in ""The End of Car Culture"" that, ""people who stopped car commuting as a result of recession find little reason to resume the habit"" Rosenthal, paragraph 8.",0,Human,30,short,human_vs_ai_sentences
From its humble beginnings where only expert Hawaiian riders used traditional longboards made out of tree trunks; right through until now when almost anyone can pick up an affordable foam board and enjoy catching some sweet rides!,1,AI,37,medium,human_vs_ai_sentences
"First of all, human emotions are complex.",0,Human,7,very_short,human_vs_ai_sentences
"Lastly, if your hands are busy operating a phone then you won't be able to keep your hands focused on driving.",0,Human,21,short,human_vs_ai_sentences
Each presidential election occurs every four years.,0,Human,7,very_short,human_vs_ai_sentences
The biggest improvement it'll have on the students is having them become active and ready to learn.,0,Human,17,short,human_vs_ai_sentences
With patience this process often flows much better than expected; even beginners can find themselves creating beautiful works from scratch in just hours if they stay focused on each step along the way (and don't forget use sandpaper instead of brute force).,1,AI,42,medium,human_vs_ai_sentences
"Secondly, zoos help educate people about the importance of conservation.",1,AI,10,very_short,human_vs_ai_sentences
This encourages social interaction and a sense of belonging among residents.,1,AI,11,short,human_vs_ai_sentences
Because each state casts only one single vote.,0,Human,8,very_short,human_vs_ai_sentences
"However, we should not continue to develope these cars because; driverless cars are not completely driverless, the car would need a new built-in entertainment system to put inside the car, and if something were to go wrong with the car, who is to blame for this?",0,Human,46,medium,human_vs_ai_sentences
"Many different places have now started to get into thee habit of preferring to use bicycles, carpools, or even walking.",0,Human,20,short,human_vs_ai_sentences
This allows readers to immerse themselves in the content and subsequently learn more from the material than they would if they were using the computer.,1,AI,25,short,human_vs_ai_sentences
In conclusion you should join the Seagoing Cowboy program because there are so many interesting things that you can view with your own eyes that you could bring up later on or even write a story on later in life.,0,Human,40,medium,human_vs_ai_sentences
"They offer programs and services for people of all ages, from children's storytime to adult literacy classes.",1,AI,17,short,human_vs_ai_sentences
"As no single region has enough electoral votes to elect a President, candidates need to have trans-regional appeal.",1,AI,18,short,human_vs_ai_sentences
Second Germaney continue their lives with out cars .,0,Human,9,very_short,human_vs_ai_sentences
They can stay up late and party all night.,1,AI,9,very_short,human_vs_ai_sentences
"However, there are also negative effects to consider.",1,AI,8,very_short,human_vs_ai_sentences
"In order for society to shift away from the use of personal vehicles, distances between destinations must be reduced.",0,Human,19,short,human_vs_ai_sentences
This is a factor that can reduce stress.,0,Human,8,very_short,human_vs_ai_sentences
"When learning the information, there might be some difference on how schools might teach and how online might teach.",0,Human,19,short,human_vs_ai_sentences
They can play games with out talking to each other.,0,Human,10,very_short,human_vs_ai_sentences
"I drive to Clearwater, Fl every week to get to practice and I know i would not be able to walk that far with all my equipment in time.",0,Human,29,short,human_vs_ai_sentences
"This better prepares students for their future lives and careers, where they will be applying what they learned in school instead of being continually tested on it.",0,Human,27,short,human_vs_ai_sentences
Standing beneath a waterfall can take your breath away: the roar of millions of gallons rushing down into an abyss at once is enough to send chills down your spine!,1,AI,30,short,human_vs_ai_sentences
Cell phones are our way to communicate.,0,Human,7,very_short,human_vs_ai_sentences
No one wants to feel alone after their choice.,0,Human,9,very_short,human_vs_ai_sentences
"I mean, think about it.",1,AI,5,very_short,human_vs_ai_sentences
"Like maybe step one verbal warning, step two take phone away just that period, step three have them pick it up at the end of the day, step four give the phone to the principal and make the students parent s come in and pick it up with the consequence.",0,Human,50,medium,human_vs_ai_sentences
I think summer projects should be student-designed.,1,AI,7,very_short,human_vs_ai_sentences
"The benefits of online learning compared to traditional, in-person schooling are no doubt significant.",1,AI,14,short,human_vs_ai_sentences
And also you will no have to spend money on gas so that would be more money in your pocket.,0,Human,20,short,human_vs_ai_sentences
Tests may seem stressful but they do have their place in making sure that all learners retain information properly after lessons have ended with certain topics covered over time - exams help determine if someone truly understands said concept(s) so further review should not be necessary before,1,AI,47,medium,human_vs_ai_sentences
Let me tell you why.,1,AI,5,very_short,human_vs_ai_sentences
"Either way, there are those types of people who just cannot decide.",0,Human,12,short,human_vs_ai_sentences
While of the exception of plug-in cars.,0,Human,7,very_short,human_vs_ai_sentences
Another thing the articles mentioned is hybrid cars.,0,Human,8,very_short,human_vs_ai_sentences
Broaden your knowledge of many academic subjects to gain a more complete understanding of them.,1,AI,15,short,human_vs_ai_sentences
"Ultimately, although technology has provided us with fantastic methods for staying connected despite physical distance from each other, we should never lose sight of our need for real human interaction either - especially since science shows us how detrimental excessive screen time can be if left unchecked.",1,AI,47,medium,human_vs_ai_sentences
"When children are having fun, they are more likely to pay attention in class and learn the information that is being taught.",1,AI,22,short,human_vs_ai_sentences
"So, I'm super into the medical field.",1,AI,7,very_short,human_vs_ai_sentences
Another reason marijuana should be legalized is that it can help the economy.,1,AI,13,short,human_vs_ai_sentences
Hundreds-of-thousands of lives were lost because of car accidents.,0,Human,9,very_short,human_vs_ai_sentences
"If a student fails on a big test and they have a C average, their grade will go down to a D or F which will make them unable to play sports causing their parents to get mad at the school because they think that the school doesn't care about their child's education.",0,Human,53,medium,human_vs_ai_sentences
It's up to society to make the right decision and abide by the rules.,0,Human,14,short,human_vs_ai_sentences
Never make a choice that you are not comfortable with.,0,Human,10,very_short,human_vs_ai_sentences
"On paragraph 8 it blow my mind that hes actually right about how we are curios about anything we cant reach with our hands so we try harder to obtain the impossible, we have a huge universe but we will never be satisfy until we reach a dead end.",0,Human,49,medium,human_vs_ai_sentences
"Furthermore, nurturing these connections allows children (and adults) to share memories together which adds depth to relationships beyond everyday conversations - creating lifelong memories that bring peace even through turbulent times ahead!.",1,AI,32,medium,human_vs_ai_sentences
Another option being studied extensively is using powerful lasers as propellants for spacecrafts traveling faster than light speed (FTL).,1,AI,19,short,human_vs_ai_sentences
In conclusion extending the school days and the four days of school week have many benefits and many disadvantages .,0,Human,20,short,human_vs_ai_sentences
"Hey, ya'll!",1,AI,2,very_short,human_vs_ai_sentences
"Finally, you can carpool or rideshare.",1,AI,6,very_short,human_vs_ai_sentences
"The Enivironment Protection Agency (EPA) is promoting ""car reduced"" places, and the legislators are starting to become a part of that.",0,Human,21,short,human_vs_ai_sentences
"Finally, adding more hours to school can lead to an uprising among students.",1,AI,13,short,human_vs_ai_sentences
"Actually, the mesa that had the Face on Mars on it resembles many of the mesas we have here on Earth.",0,Human,21,short,human_vs_ai_sentences
Cars have always been apart of American culture.,0,Human,8,very_short,human_vs_ai_sentences
"With their vibrant displays of exotic fruits and vegetables, spices, grains and teas from around the world, such stores offer shoppers a welcome reprieve from the mundane routines of everyday life.",1,AI,31,medium,human_vs_ai_sentences
Thank you for your time.,1,AI,5,very_short,human_vs_ai_sentences
"I also want to point out If students are trying to get more homework done,the less sleep they're getting and If kids come to school the next day,they won't get the information they need for their classes because they're tired.",0,Human,40,medium,human_vs_ai_sentences
"Sincerely,

[Your Name]",1,AI,3,very_short,human_vs_ai_sentences
Splash!,0,Human,1,very_short,human_vs_ai_sentences
"In recent years, there has been a lot of discussion about the impact of video games on behavior, specifically with regards to violent behavior.",1,AI,24,short,human_vs_ai_sentences
Thank you for your consideration.,0,Human,5,very_short,human_vs_ai_sentences
"They could do much more good than bad, including contacting parents for forgotten papers or just for keeping them updated in their child's life.",0,Human,24,short,human_vs_ai_sentences
For this reason many students can prosper with the ablility to take classes online instead of having to attend school.,0,Human,20,short,human_vs_ai_sentences
"It's like, we're all in this together, you know?",1,AI,9,very_short,human_vs_ai_sentences
"And let me tell you, it was amazing.",1,AI,8,very_short,human_vs_ai_sentences
"Therefore, most of the governments, including Austria, Australia, Switzerland, Greece, Germany, and different Asian as well as African countries, have imposed restriction on using cell phones during driving.",0,Human,28,short,human_vs_ai_sentences
sincerly:STUDENT_NAME,0,Human,1,very_short,human_vs_ai_sentences
"This is mainly because all people think differently, in their own way.",0,Human,12,short,human_vs_ai_sentences
This is just one of the reasons that have yet to come.,0,Human,12,short,human_vs_ai_sentences
"""Are you sure you want to do this Generic_Name?' ""Yes I will not getting bullied by him again."" We walked up to him, ""give us a ball Generic_Name"" he laughs ""play me for one."" ""OK two on one."" Generic_Name said,

""OK nerd"" with a smile on his face.",0,Human,48,medium,human_vs_ai_sentences
"It's not always easy, but it's definitely worth it.",1,AI,9,very_short,human_vs_ai_sentences
That seems pretty effective to me.,0,Human,6,very_short,human_vs_ai_sentences
This can limit a student's options for financial assistance and make it more difficult for them to pursue higher education.,1,AI,20,short,human_vs_ai_sentences
But all of the cons are swifly overpowered by the pros given by the author.,0,Human,15,short,human_vs_ai_sentences
"If you consider this, there should be some rules set into play.",0,Human,12,short,human_vs_ai_sentences
I know that there's already so many bad things happening in school like bullying and people breaking the rules but i know what is right and what is wrong.,0,Human,29,short,human_vs_ai_sentences
There are a number of advantages to limiting car usage.,1,AI,10,very_short,human_vs_ai_sentences
The car read positive and negitive polarity as messages in binary code .They thought the roads wernt going to work but they did.,0,Human,23,short,human_vs_ai_sentences
I can tell you from experience being in a real classroom has benefited me in lots of ways.,0,Human,18,short,human_vs_ai_sentences
When I was assigned the Rwandan Genocide I was excited to start this project.,0,Human,14,short,human_vs_ai_sentences
"I'll tell you why, because ever since the disaster hat occured in 2000, the candidates still need a chance at winning the election even  if they do not get to visit every state during the campaign.",0,Human,36,medium,human_vs_ai_sentences
"An the shadows gave the illusion of eyes, nose, and mouth.",0,Human,11,short,human_vs_ai_sentences
"Similarly, a law prohibiting drug use may not prevent people from using drugs, especially if they have a deep-seated addiction.",1,AI,20,short,human_vs_ai_sentences
A classroom computer can tell if the students are becoming confused or bored.,0,Human,13,short,human_vs_ai_sentences
"On the other hand, it could also put a strain on students who already lead extremely busy lives and may not have the energy to stay in school longer each day.",1,AI,31,medium,human_vs_ai_sentences
Let's make the switch!,1,AI,4,very_short,human_vs_ai_sentences
Air pollution from traffic emissions poses major health risks.,1,AI,9,very_short,human_vs_ai_sentences
Google has had driverless cars like this since 2009.,0,Human,9,very_short,human_vs_ai_sentences
"It would be great for a lot of reasons,But I think it would help us get better Ideas for further inventions.",0,Human,21,short,human_vs_ai_sentences
"Hey, y'all!",1,AI,2,very_short,human_vs_ai_sentences
Even though some might argue about whether it’s,1,AI,8,very_short,human_vs_ai_sentences
But should we be using 'em while driving?,1,AI,8,very_short,human_vs_ai_sentences
It's really up to the individual and their own choices.,1,AI,10,very_short,human_vs_ai_sentences
The day without cars is part of an improvement campaign that began in Bogota in the mid-1990s.,0,Human,17,short,human_vs_ai_sentences
"First of all, the Face has been discovered as a natural landform because NASA scientists even said, ""There must have been a degree of surprise among mission controllers back at the Jet Propulsion Lab when the face appeared on their monitors.",0,Human,41,medium,human_vs_ai_sentences
"As it say in the article ""we humans perfom this same impressive ""calculation"" every day.",0,Human,15,short,human_vs_ai_sentences
The journey was long and difficult.,1,AI,6,very_short,human_vs_ai_sentences
Both of them said that they liked the blue tie and that it looked good on him.,0,Human,17,short,human_vs_ai_sentences
That is something that I agree with.,1,AI,7,very_short,human_vs_ai_sentences
"Where we generally park in like parking lots, parking garages, street parking, home driveways, and home garages are all forbidden.",0,Human,20,short,human_vs_ai_sentences
"Teachers may say that some students in the school environment don't want to complete their work because they are to lazy or just don't want to do it, but most of the time if the student isn't interested in the project then why would they complete something they aren't interested in?",0,Human,51,medium,human_vs_ai_sentences
The origins of aestheticism can be traced back to ancient times with the emergence of certain philosophies such as Platonism which valued ideas about perfect forms beyond mere physical appearances.,1,AI,30,short,human_vs_ai_sentences
A few years ago a lady was on the interstate and her breaks weren't working.,0,Human,15,short,human_vs_ai_sentences
"Sure, here's my attempt at writing an essay responding to the prompt as an average 8th grade student:

The Castle Standard: What It Means and How It's Achieved

Have you ever heard of ""The Castle Standard""?",1,AI,36,medium,human_vs_ai_sentences
"There are many advantages to limiting car usage, for exmple, it lowers the amount of emmisons present in the atmosphere which can lead to a better planet.",0,Human,27,short,human_vs_ai_sentences
I think it would be a good idea to give us elementary kids that are not doing very good in school so we can tutor them and show them how to do their work.,0,Human,34,medium,human_vs_ai_sentences
"Sincerely,

[Your Name]",1,AI,3,very_short,human_vs_ai_sentences
"The theater company has a relaxed and creative atmosphere, while the art museum has a more formal and professional environment.",1,AI,20,short,human_vs_ai_sentences
By limiting your car usage completely or even just a little just imagine the extra money you'll have laying around for the nessecities and maybe even a ittle youtime.,0,Human,29,short,human_vs_ai_sentences
It is a way of acknowledging a person's efforts and accomplishments.,1,AI,11,short,human_vs_ai_sentences
Students should be given the freedom to explore and think for themselves.,1,AI,12,short,human_vs_ai_sentences
"Sure, there would probably be less accidents and less rule breaking but in the long run, that would cause a lot of unemployment.",0,Human,23,short,human_vs_ai_sentences
"If you don't want the media to invade your privacy, then you shouldn't become famous in the first place.",1,AI,19,short,human_vs_ai_sentences
Each student will receive a log to write down how many hours they did in the course of two weeks.,0,Human,20,short,human_vs_ai_sentences
Thank you for your time and consideration.,1,AI,7,very_short,human_vs_ai_sentences
By opting for recycled paper products instead of virgin ones we help conserve natural habitats in their original state and prevent them from being exploited prematurely by large-scale industrial operations that take out more than they put back into the environment.,1,AI,41,medium,human_vs_ai_sentences
There for this methodshouldremain as it should.,0,Human,7,very_short,human_vs_ai_sentences
Someone whos smart and athletic?,0,Human,5,very_short,human_vs_ai_sentences
"All in all, by doing your research and taking the time to consider your plan for the future, you can be well on your way to acquiring the job you intended to work for.",1,AI,34,medium,human_vs_ai_sentences
"For example, ""Its like, super easy for peoples personal info to get out thier and once its out thier, its out thier"" could be rephrased as ""It's easy for personal information to be shared widely once it's online, and once it's out there, it's impossible to take back.""
3.",1,AI,49,medium,human_vs_ai_sentences
"""Cell Phones and Other Driver Distractions.""

www.",0,Human,7,very_short,human_vs_ai_sentences
"Even suburban planners in the US are trying to create ""car reduced"" communities.",0,Human,13,short,human_vs_ai_sentences
"[Your Name]
[Your Address]
[City, State, ZIP]
[Email Address]
[Phone Number]
[Date]

[Senator's Name]
[Senator's Address]
[City, State, ZIP]

Subject: The Importance of Keeping the Electoral College System

Dear Senator [Senator's Last Name],

I hope this letter finds you in good health and high spirits.",1,AI,45,medium,human_vs_ai_sentences
Thank you for your time.,1,AI,5,very_short,human_vs_ai_sentences
"Fourthly, libraries provide a space for community engagement and learning.",1,AI,10,very_short,human_vs_ai_sentences
"By creating more walkable communities, we can promote social interaction, support local businesses, and reduce the need for excessive car usage.",1,AI,21,short,human_vs_ai_sentences
Using FACS could help improve with knowing their emotions.,0,Human,9,very_short,human_vs_ai_sentences
I believe that children should be taught to do both.,1,AI,10,very_short,human_vs_ai_sentences
3.,1,AI,1,very_short,human_vs_ai_sentences
Think about that then think about the messages that you sent that actually matter.,0,Human,14,short,human_vs_ai_sentences
If one person was to give us their opinion how would we know if they are guiding us to make the right choice.,0,Human,23,short,human_vs_ai_sentences
"From its origins as a tool to make life easier, it is now an integral part of how we work and play each day.",1,AI,24,short,human_vs_ai_sentences
"For example, community colleges are often more affordable and accessible than traditional colleges and universities, but they may not offer the same level of education.",1,AI,25,short,human_vs_ai_sentences
This does not guarantee that a student will do well in the learning process.,0,Human,14,short,human_vs_ai_sentences
This could benefit the school district greatly and this policy can be spread to other schools so that all of our campuses can be exemplary.,0,Human,25,short,human_vs_ai_sentences
Hoping for a response you'd want.,0,Human,6,very_short,human_vs_ai_sentences
A student-designed summer project can properly adhere to individual students' summer schedules to allow enough time to relax and successfully complete the assigned work.,0,Human,24,short,human_vs_ai_sentences
"And they're free, which is like, the best part.",1,AI,9,very_short,human_vs_ai_sentences
A curfew would make sure that we're home before it gets too late and we could avoid getting into any dangerous situations.,1,AI,22,short,human_vs_ai_sentences
"First and foremost, the Electoral College provides a certainty of outcome that a direct popular vote cannot guarantee.",1,AI,18,short,human_vs_ai_sentences
"Much like shoes, handbags, and clothes.",0,Human,6,very_short,human_vs_ai_sentences
You can always return calls and texts later and besides no one wants to get pulled over and get a ticket for something so easily avoided.,0,Human,26,short,human_vs_ai_sentences
Why would you not want to go on a Seagoing Cowboys program?,0,Human,12,short,human_vs_ai_sentences
"You could go out, buy extra groceries, have fun with it!",0,Human,11,short,human_vs_ai_sentences
How fantastic would it be to see more and more people riding their bikes to a park or to a friend's house?,0,Human,22,short,human_vs_ai_sentences
"Imagine a blimp-like vehicle hovering 30 or so miles above the roiling Venusian landscape."" In paragraph 5, the author continues to explain how the air pressure would be close to that of sea level on Earth, solar power would be plentiful, and radiation would not go over the radiation levels on Earth.",0,Human,52,medium,human_vs_ai_sentences
If you dont want to join then there is soemthing about you.,0,Human,12,short,human_vs_ai_sentences
The world will be healthier with these changes.,0,Human,8,very_short,human_vs_ai_sentences
"If there was an alien civilization, NASA would have no reason to hide it.",0,Human,14,short,human_vs_ai_sentences
Alternative modes of transportation can alleviate traffic and pollution issues while promoting healthier lifestyles.,1,AI,14,short,human_vs_ai_sentences
"Therefore, schools should continue to implement dress codes to ensure that students have the best possible learning experience.### Instruction:
 How can schools ensure that dress codes are not overly restrictive?### Response:
 Schools can involve a diverse group of students, teachers, and parents in the development and review of dress codes to ensure that they are not overly restrictive.",1,AI,58,medium,human_vs_ai_sentences
By saying this in the article this could meaning the quoute could be truth because id the atmosphere is so dangerous when why say its survivable for humans.,0,Human,28,short,human_vs_ai_sentences
If we were to have figured it out then we are more and likely to surive if we could also figure out what we can do to keep us alive like maybe have a space suit on the whole time.,0,Human,40,medium,human_vs_ai_sentences
"For one, it can be difficult to find a group that is compatible with your work style.",1,AI,17,short,human_vs_ai_sentences
"It also enhances their listening skills, as they learn to understand different accents, intonations, and expressions.",1,AI,16,short,human_vs_ai_sentences
My conclusion is that having more than one opinion is good because it allows for different points of view.,0,Human,19,short,human_vs_ai_sentences
Children just want to do stuff with there life so that they can stay out of trouble and become successful to help their family .,0,Human,25,short,human_vs_ai_sentences
"If students were able to choose what their project could be on, they would choose something that they understand better and wouldn't need the help and support of their teachers.",0,Human,30,short,human_vs_ai_sentences
Even if you might not completely like what youre doing at first.,0,Human,12,short,human_vs_ai_sentences
I strongly disagree weth the decision that our principal made.,1,AI,10,very_short,human_vs_ai_sentences
"However, as Bradford Plumer argues in his article, ""The Indefensible Electoral College"", this method can lead to results that do not align with the popular vote, causing a president to be elected with minority support (Text 9).",1,AI,37,medium,human_vs_ai_sentences
"Instead, schools should focus on teaching students important skills like critical thinking, problem-solving, and communication.",1,AI,15,short,human_vs_ai_sentences
"They promote equality, focus, and responsibility.",1,AI,6,very_short,human_vs_ai_sentences
You should be in the Seagoing Cowboys because it's fun.,0,Human,10,very_short,human_vs_ai_sentences
"When he announced that everybody has to participate in a activity after school, I didn't know what to do.",0,Human,19,short,human_vs_ai_sentences
Bush because of the Electoral College.,1,AI,6,very_short,human_vs_ai_sentences
This makes our success all the more meaningful and satisfying.,1,AI,10,very_short,human_vs_ai_sentences
One of the most significant is that the transition away from traditional energy sources can be challenging and costly.,1,AI,19,short,human_vs_ai_sentences
"Even though, if a student gains the knowledge of how to problem solve by themselves, there can be a case where they need support.",0,Human,24,short,human_vs_ai_sentences
"Then the author names our planetary neighbors, (Earth,Venus, and Mars) and how they orbit the sun diferently.",0,Human,17,short,human_vs_ai_sentences
"In conclusion, the Electoral College provides several crucial advantages that the popular vote lacks.",1,AI,14,short,human_vs_ai_sentences
"By doing these tasks, we not only help our parents but also learn valuable skills that will benefit us in the future.",1,AI,22,short,human_vs_ai_sentences
You should always ask multiple people for advise before making decision because you get different points of view.,0,Human,18,short,human_vs_ai_sentences
"For example, if someone is going through trouble like, a death in their family they might reach out to someone close they trust like a friend or a very close family member on their of how they should deal with pain they are experiencing.",0,Human,44,medium,human_vs_ai_sentences
"Additionally, they can be trained more quickly and cost-effectively.",1,AI,9,very_short,human_vs_ai_sentences
"Teenagers have very busy lives that include sports, jobs, and chores.",0,Human,11,short,human_vs_ai_sentences
"Finally, opting for buses and trains gives commuters access local community hubs where they can meet new people and participate in interesting conversations about diverse topics ranging from politics all the way up science fiction novels!.",1,AI,36,medium,human_vs_ai_sentences
It can also help to improve your mental health by providing a sense of accomplishment and connection to your community.,1,AI,20,short,human_vs_ai_sentences
Knowing how someone feels right off the top can be annoying for some people like myself.,0,Human,16,short,human_vs_ai_sentences
This system is deeply flawed.,1,AI,5,very_short,human_vs_ai_sentences
"In conclusion, while some students may not like the idea of a dress code, I believe that the benefits far outweigh any potential drawbacks.",1,AI,24,short,human_vs_ai_sentences
"Posner, Passage 20).",1,AI,3,very_short,human_vs_ai_sentences
A decrease in people owning their own vehicles means that there could be a decrease in the pollution that cars burden the earth with every year.,0,Human,26,short,human_vs_ai_sentences
"For example, a reusable water bottle can be refilled multiple times, and it is much better for the environment than buying bottled water that is only used once.",1,AI,28,short,human_vs_ai_sentences
Venus used to have oceans on it's surface.,0,Human,8,very_short,human_vs_ai_sentences
"It involves taking ownership of one's actions, being accountable for mistakes, and consistently meeting deadlines.",1,AI,15,short,human_vs_ai_sentences
Without it who would know if we were in trouble?,0,Human,10,very_short,human_vs_ai_sentences
Even more challenging are the clouds of highly corrosive sulfuric acid in Venus's atmosphere.,0,Human,14,short,human_vs_ai_sentences
Nicu Sebe.,0,Human,2,very_short,human_vs_ai_sentences
um...,1,AI,1,very_short,human_vs_ai_sentences
"For instance, my cousin Alex loves the flexibility of online classes because he can take breaks whenever he needs to and work on assignments whenever he wants.",1,AI,27,short,human_vs_ai_sentences
"Ultimately, doing something also aids our decision-making process.",1,AI,8,very_short,human_vs_ai_sentences
"Additionally, role-playing can be a fun way to express myself and explore different aspects of my personality.",1,AI,17,short,human_vs_ai_sentences
"This can be particularly challenging when you are alone, as you may not have the same level of support and guidance that you would have if you were surrounded by others.",1,AI,31,medium,human_vs_ai_sentences
If your with us you will not get drafted.,0,Human,9,very_short,human_vs_ai_sentences
Imagine if we were the ones being tested on.,1,AI,9,very_short,human_vs_ai_sentences
"In close elections, the vote could be thrown to the House of Representatives, where smaller states have disproportionate say, a result that would undemocratically represent the will of the people (Plumer 12).",1,AI,32,medium,human_vs_ai_sentences
This can help to build a stronger sense of community.,1,AI,10,very_short,human_vs_ai_sentences
"Thomas Jefferson once famously declared that “nothing can stop the man with the right mental attitude from achieving his goal; nothing on earth can help the man with the wrong mental attitude"".",1,AI,32,medium,human_vs_ai_sentences
I have personally experienced the power of setting a good example in my own life.,1,AI,15,short,human_vs_ai_sentences
It would also be a waste of my time and money to only study one area.,1,AI,16,short,human_vs_ai_sentences
Another way to limit car usage is to take public transportation.,1,AI,11,short,human_vs_ai_sentences
"💁‍♀️

So, let's break it down.",1,AI,6,very_short,human_vs_ai_sentences
.,0,Human,1,very_short,human_vs_ai_sentences
"Lastly, Limiting usage of cars is going to help better the enviorment.",0,Human,12,short,human_vs_ai_sentences
"First off, let's talk about resource conservation.",1,AI,7,very_short,human_vs_ai_sentences
An example is I had my writing sol and circles quiz on the same day.,0,Human,15,short,human_vs_ai_sentences
"Or, you know, at least pretended to like it.",1,AI,9,very_short,human_vs_ai_sentences
"In fact, distance learning could possiblely make one reluctant to interact with others.",0,Human,13,short,human_vs_ai_sentences
This balance is essential to prevent a tyranny of the majority and to promote fairness and representation across the country.,1,AI,20,short,human_vs_ai_sentences
Now if more places started doing this air polution would decrease and we would have cleaner air to breath in and less health problems from smog.,0,Human,26,short,human_vs_ai_sentences
"People would wake up in a more relaxed, joyful mood.",0,Human,10,very_short,human_vs_ai_sentences
"Life is short, and it is important to live it authentically.",1,AI,11,short,human_vs_ai_sentences
"So, it's important to find a balance.",1,AI,7,very_short,human_vs_ai_sentences
There would be no real grading standard used by the teacher and there would be no first low-pressure assessment for students and teachers alike to begin to adjust to eachother and see how the other thinks.,0,Human,36,medium,human_vs_ai_sentences
I agree that today's youth do not give enough time to helping their communities.,1,AI,14,short,human_vs_ai_sentences
"Dear Mr. Principal,

My name is STUDENT_NAME.",0,Human,7,very_short,human_vs_ai_sentences
"While some may view this as a negative, there is much that can be done with social media to benefit society in many different ways.",1,AI,25,short,human_vs_ai_sentences
"In school you learn life lessons, it more than just learning who our first president and what does the y=mx+b is, from my view I don't just want to stare at screen and just talk, it's way more than that.",0,Human,40,medium,human_vs_ai_sentences
It prompts revisiting assumptions and reevaluating pros and cons.,1,AI,9,very_short,human_vs_ai_sentences
"The less that cars are used, the less gas people have to pay for and so they will save their hard earned money.",0,Human,23,short,human_vs_ai_sentences
""" millions of colombians hiked,biked,skated, or took buses to work during a car free day yesterday, leaving the streets of this capital city eerily devoid of traffic jams.",0,Human,28,short,human_vs_ai_sentences
"Longer summer vacations provide students with more time to relax and recharge, maintain a healthy work-life balance, and have a more meaningful and memorable summer experience.",1,AI,26,short,human_vs_ai_sentences
"Whether it be what classes to take or what school to attend, it is up to the student to decide what is best for them.",0,Human,25,short,human_vs_ai_sentences
"Furthermore, Yoshida's success provides us with yet another lesson that adversity should never stand between us and our dreams-- regardless how difficult those paths may appear at times we must always strive ahead because anything worth having doesn't come easy.",1,AI,40,medium,human_vs_ai_sentences
"Even though we are in high school kids can still be a little immitaure, this could be a distraction to the kids.",0,Human,22,short,human_vs_ai_sentences
Most students don't do any activities at home and can develop hobbies by helping around the school.,0,Human,17,short,human_vs_ai_sentences
"This is because some states have a larger number of electoral votes than others, and a candidate can win the presidency by winning a majority of the electoral votes, even if they did not receive the most votes in any state.",1,AI,41,medium,human_vs_ai_sentences
"Ultimately, the solution lies somewhere in between.",1,AI,7,very_short,human_vs_ai_sentences
"Additionally, online learning often allows for more personalized learning, as students can work at their own pace and receive individualized feedback from their teachers.",1,AI,24,short,human_vs_ai_sentences
"In 2016, there are 12 states that are considered to be ""battleground states."" These are states that are up for grabs, and both candidates will spend a lot of time and money campaigning there.",1,AI,34,medium,human_vs_ai_sentences
"secdonly, muscles it's an expert, faces don't lie.",0,Human,8,very_short,human_vs_ai_sentences
One of the main benefits of ESL programs is that they provide students with the opportunity to practice their English skills in a structured and supportive environment.,1,AI,27,short,human_vs_ai_sentences
This strategy ensures that the most thoughtful and engaged voters have a greater influence on the outcome of the election.,1,AI,20,short,human_vs_ai_sentences
It had very similar charecteristics which almost made it seem humane.,0,Human,11,short,human_vs_ai_sentences
The German community of Vauban has made it nearly impossible to own a car.,0,Human,14,short,human_vs_ai_sentences
"From Little League to the Major Leagues, millions of people have been devotees of this unique pastime over multiple generations.",1,AI,20,short,human_vs_ai_sentences
Another reason is that a C average is passing and not failing.,0,Human,12,short,human_vs_ai_sentences
The importance of learning to budget cannot be overstated.,1,AI,9,very_short,human_vs_ai_sentences
"While first impressions can be influenced by our past experiences and biases, it is important to remember that they are not always accurate and should not be used to judge someone or something.",1,AI,33,medium,human_vs_ai_sentences
"By focusing on what we can learn from our failures, we can develop new skills and strategies that will help us to succeed in the future.",1,AI,26,short,human_vs_ai_sentences
"I feel like teacher- designed projects are the best for students for two reasons, It will make it easier on the students to learn about a new topic they never learned of before, and its easier for them in the summer.",0,Human,41,medium,human_vs_ai_sentences
In my opinion everyones vote matters so we should run the elections that way.,0,Human,14,short,human_vs_ai_sentences
"[Your Name]
[Your Address]
[City, State, ZIP Code]
[Date]

[Senator's Name]
[Senator's Address]
[City, State, ZIP Code]

Subject: The Case for the Electoral College

Dear Senator [Senator's Last Name],

I am writing to express my strong support for the preservation of the Electoral College in selecting the President of the United States.",1,AI,52,medium,human_vs_ai_sentences
"Lastly, animal testing is also a matter of social responsibility and public trust.",1,AI,13,short,human_vs_ai_sentences
"Why wouldn't I say yes , I mean it's a lifetime thing so why not go?",0,Human,16,short,human_vs_ai_sentences
"Well, let me tell ya, it's like, super important!",1,AI,9,very_short,human_vs_ai_sentences
ctr@dot.,0,Human,1,very_short,human_vs_ai_sentences
"To start off, The Electoral College is not a physical builiding or place, its a process that the founding fathers established in the Constitution as a compromise between elections of the President by a vote in Congress and election of the President by a popular vote of qualified citizens.",0,Human,49,medium,human_vs_ai_sentences
Not only that but the image taken at this time was cloudy and reveladed a natural landform.,0,Human,17,short,human_vs_ai_sentences
"Firstly, the extra time in high school gives students the opportunity to take advanced courses, such as AP or IB classes, which can help them stand out on college applications and demonstrate their academic abilities.",1,AI,35,medium,human_vs_ai_sentences
"So, it's important to be willing to put in the hard work and effort to get ahead.",1,AI,17,short,human_vs_ai_sentences
"Ultimately, being in a loving relationship requires understanding from both sides that comes from mutual respect, admiration, trustworthiness & compromise - all components ultimately provide balance & security needed for a successful partnership throughout life’s challenges together!",1,AI,37,medium,human_vs_ai_sentences
"However, the Electoral College is no longer necessary.",1,AI,8,very_short,human_vs_ai_sentences
"Also, if the student maintains a C or lower average, and they're in a tutoring session, I don't think it's fair that they're not allowed to participate in gym or other activities.",0,Human,32,medium,human_vs_ai_sentences
"With all of the technology used to investigate the red planet, proof of alien life should have already been found.",0,Human,20,short,human_vs_ai_sentences
"Finally , there's also potential improvement on customer experience due to automation .",1,AI,13,short,human_vs_ai_sentences
Another thing you can do is get them tutoring so they can get one on one help at a pace where they can understand exactly what to do on their class work in order to get better grades and play sports in the end.,0,Human,44,medium,human_vs_ai_sentences
"The electoral College has many flaws, a major one being that voters don't actually vote for their president, they vote for electors, and the electors are the ones who elect the president.",0,Human,32,medium,human_vs_ai_sentences
It provides the freedom and flexibility to explore new ideas while still allowing a person to gain the skills they need to succeed in the future.,1,AI,26,short,human_vs_ai_sentences
"[Your Name]
[Your Address]
[City, State, Zip Code]
[Date]

[State Senator's Name]
[State Senator's Address]
[City, State, Zip Code]

Dear [State Senator's name],

I am writing to express my thoughts regarding the Electoral College and its role in the election of the President of the United States.",1,AI,47,medium,human_vs_ai_sentences
An earth like planet.,0,Human,4,very_short,human_vs_ai_sentences
Simply going for a drink of water or gaining easy access of electronic use with no monitorization is time subtracted from the required learning.,0,Human,24,short,human_vs_ai_sentences
But my dad says that's not true.,1,AI,7,very_short,human_vs_ai_sentences
"For example on paragraph 12 it says almost 4,000 drivers were fine,according to Reuters ...",0,Human,15,short,human_vs_ai_sentences
I've seen multiple science fair projects on the topic of cancer or ways to obtain clean water.,0,Human,17,short,human_vs_ai_sentences
"For example, awarding electoral votes proportionally instead of winner-take-all in each state might incentivize candidates to appeal to a broader range of Americans across diverse regions.",1,AI,26,short,human_vs_ai_sentences
"When many of the students have a C average and they need a B average, there will be hardly any students playing the sports that they love at the school.",0,Human,30,short,human_vs_ai_sentences
"And you're gonna have to take the SAT or ACT again, which is like, the worst thing ever.",1,AI,18,short,human_vs_ai_sentences
"Think about it this way: A student who memorizes a list of countries and their capitals may be able to recite them back to you, but do they really understand what they're saying?",1,AI,33,medium,human_vs_ai_sentences
My final reason is it works good.,0,Human,7,very_short,human_vs_ai_sentences
You can create great memories while on your boat !,0,Human,10,very_short,human_vs_ai_sentences
"🔥 Without imagination, you can't come up with new ideas or think outside the box.",1,AI,15,short,human_vs_ai_sentences
"Additionally, if a curfew is too strict, it can prevent teenagers from seeking help in emergency situations.",1,AI,17,short,human_vs_ai_sentences
"Luke couldn't give it up, it was special to go.",0,Human,10,very_short,human_vs_ai_sentences
com/story/news/nation-now/2018/07/02/georgia-hands-free-law-bans-holding-phone-while-driving/752752002/,0,Human,1,very_short,human_vs_ai_sentences
Would the driver be accused of just not paying attention?,0,Human,10,very_short,human_vs_ai_sentences
As wall as online class and conferencing class are the hardest classes.,0,Human,12,short,human_vs_ai_sentences
"Distance learning isnt for everyone , My personal opinion is that i wouldn't have or want distance learning because I am more of a person that loves to interact with people and having a personal 1 on 1 with my teachers for help.",0,Human,43,medium,human_vs_ai_sentences
"By reducing the number of cars on the road, communities can make strides in combating climate change and improving the overall health of the environment.",1,AI,25,short,human_vs_ai_sentences
If not you'll get a fine of $31 if you have even numbers on your license plate one day and the next day odd numbers.,0,Human,25,short,human_vs_ai_sentences
"After dropping off their passengers, they can pick up new passengers decreasing the time they are traveling without anyone in them like taxis and would, according to Sergey Brin, ""use half the fuel of today's taxis"" (1).",0,Human,37,medium,human_vs_ai_sentences
"From Rhode Island to Texas, we have power in Congress.",0,Human,10,very_short,human_vs_ai_sentences
For example introducing new rules which allow fighters from different weight divisions compete against each other permanently throughout a single season might offer fresh excitement and drama whilst still maintaining traditional standards upheld throughout generations past – something both seasoned professionals and casual viewers alike can appreciate.,1,AI,47,medium,human_vs_ai_sentences
"On behalf of the entire student body, I plead for us to be allowed to use our phones during lunch and free time.",0,Human,23,short,human_vs_ai_sentences
Elisabeth Rosenthal has writen about the possibility that in the United States the peak of driving has been reached.,0,Human,19,short,human_vs_ai_sentences
We the people make up the government.,0,Human,7,very_short,human_vs_ai_sentences
Nobody wants to get up early and go to school or work when the sun hasn't even risen and frezzing weather outside.,0,Human,22,short,human_vs_ai_sentences
"If we don't put in the effort, we're gonna stay stagnant and never reach our full potential.",1,AI,17,short,human_vs_ai_sentences
"It is better to have a policy that allows students to use their phones in a responsible manner, rather than completely banning them.",1,AI,23,short,human_vs_ai_sentences
"Venus, Earth's twin, the second planet from out sun.",0,Human,9,very_short,human_vs_ai_sentences
"This is a shame, as there are so many ways in which they can make a difference.",1,AI,17,short,human_vs_ai_sentences
"Sure, here's my essay:

Character traits are like puzzle pieces that we constantly rearrange to fit in with the people around us.",1,AI,22,short,human_vs_ai_sentences
That track for these driverless cars were embedded with electrical cables that sent radio signals to the front of the car.,0,Human,21,short,human_vs_ai_sentences
Schools should have four days a week with 10 hours per day in order to provide students with the best possible education and prepare them for future success.,1,AI,28,short,human_vs_ai_sentences
"They're also less likely than the general population to say they are ""very satisfied"" or ""satisfied"" with how things are going in their personal lives.",1,AI,25,short,human_vs_ai_sentences
"🌟 Thanks for reading, and I hope you found this essay informative and maybe even inspiring!",1,AI,16,short,human_vs_ai_sentences
It is an ordinary photo of Mars landforms.,0,Human,8,very_short,human_vs_ai_sentences
"People now days don't want to be friends with someone who is always mad and is ready to fight someone, and because of that particular time you had serious face it led to you not having a girlfriend or a friend that was going to be with you for the rest of your life.",0,Human,54,medium,human_vs_ai_sentences
Classrooms today need these computers to better understand their class.,0,Human,10,very_short,human_vs_ai_sentences
"In conclusion, the author's argument that studying Venus is a worthy pursuit is well-supported by evidence from the article.",1,AI,19,short,human_vs_ai_sentences
"They might say that we should be able to post whatever we want online, without fear of consequences.",1,AI,18,short,human_vs_ai_sentences
Teacher input could help produce a more meaningful assignment.,0,Human,9,very_short,human_vs_ai_sentences
They could do thier skool work while they are away.,1,AI,10,very_short,human_vs_ai_sentences
"But the down side of that is that if they are planing it then they can text people and say ""come watch us fight"" or something like that.",0,Human,28,short,human_vs_ai_sentences
Graduating high school in four years is better than graduating high school in three years for several reasons.,1,AI,18,short,human_vs_ai_sentences
"These include things like teamwork, communication skills, problem-solving abilities, and a strong work ethic.",1,AI,14,short,human_vs_ai_sentences
"Some sports need a large number of people, for example wrestling needs a large amount of teammates.",0,Human,17,short,human_vs_ai_sentences
Maybe a loved one just died.,0,Human,6,very_short,human_vs_ai_sentences
"While being outdated and irrational, it is also unfair.",0,Human,9,very_short,human_vs_ai_sentences
"Overall, there are many advantages to limiting car usage.",1,AI,9,very_short,human_vs_ai_sentences
If there were to be something that the car cant see or feel ahead a fewmiles like a flood how would the car know to stop when it clearly cant see it .how is it soppossed to know what to do.,0,Human,41,medium,human_vs_ai_sentences
Rosa Parks became an icon of the civil rights movement for her determined stand against racial discrimination.,1,AI,17,short,human_vs_ai_sentences
Thank you for your dedicated service and for considering my perspective on this matter.,1,AI,14,short,human_vs_ai_sentences
"In this article ""making Mona Lisa Smile"", it talks about a computer technology that can tell your emotions.",0,Human,18,short,human_vs_ai_sentences
Also you can highlight and make you notes easy for you to understand things easily.,0,Human,15,short,human_vs_ai_sentences
"Secondly, Students have most fun when they can be themselves.",0,Human,10,very_short,human_vs_ai_sentences
You should really think about it.,0,Human,6,very_short,human_vs_ai_sentences
If this technology keeps evolving no wonder what they'll have in the future.,0,Human,13,short,human_vs_ai_sentences
"Moreover, in the case of emergencies, a tour guide can offer assistance and support, which can help travelers feel more secure.",1,AI,21,short,human_vs_ai_sentences
"Like, whoa, you guys, the cost of installing solar panels or wind turbines is crazy!",1,AI,15,short,human_vs_ai_sentences
"Imagine if We the People actually got to vote OUR favorite president into office on OUR own terms instead of some idiots a political party throws together, imagine how much better off we would be than we are now.",0,Human,39,medium,human_vs_ai_sentences
"When I work alone, I tend to get stuck in my own thoughts and ideas, and I don't always see the bigger picture.",1,AI,23,short,human_vs_ai_sentences
A total ban provides the simplest and most effective policy to curb this entirely preventable epidemic and save lives on our roads.,1,AI,22,short,human_vs_ai_sentences
"I do, however believe that the ""Face on Mars"" is just a natural landform.",0,Human,14,short,human_vs_ai_sentences
"In conclusion, while some may argue that research with controversial results may not always be a good investment, I believe that any money spent on research is a worthwhile investment that can bring about numerous benefits to society.",1,AI,38,medium,human_vs_ai_sentences
In recent years the population of these remarkable animals has seen an uptick in numbers due to successful conservation efforts.,1,AI,20,short,human_vs_ai_sentences
"When we are productive, we are more likely to develop good habits, such as regular exercise and healthy eating, which can have a positive impact on our health.",1,AI,28,short,human_vs_ai_sentences
"Surely, there can be unpredictable anomalies, as noted by Bradford Plumer, who cites examples from history where the popular vote winner did not win the presidency.",1,AI,26,short,human_vs_ai_sentences
Thank you for your attention to this matter.,1,AI,8,very_short,human_vs_ai_sentences
"On the flip side, a lack of kindness from acquaintances or family members can leave someone feeling lost and without a support system, which can have a permanent effect on their view of themselves and the world.",1,AI,37,medium,human_vs_ai_sentences
"Students may not get the same support they would find in a school setting, such as one-on-one help from the professor or access to tutoring resources.",1,AI,26,short,human_vs_ai_sentences
"Plumer also stated "" back in 1960, segregationists in the Louisiana legislature nearly succeeded in replacing the democratic electors with new electors who would oppose John F.",0,Human,27,short,human_vs_ai_sentences
They could now work on smarter cars.,0,Human,7,very_short,human_vs_ai_sentences
down a slide thank god i'm ok but I had to be in bed for a little with a cracked rib.,0,Human,21,short,human_vs_ai_sentences
"If it the only option to have online course then go for it ,but if their is there no problem at the school then let the student go to school and build up their skills for real life situation in case they don't know what to do.",0,Human,47,medium,human_vs_ai_sentences
Of course no one could buy any cars or stress over them if we can't breath.,0,Human,16,short,human_vs_ai_sentences
This inclusivity fosters a sense of unity among different regions and prevents the presidency from becoming dominated by a few states or regions.,1,AI,23,short,human_vs_ai_sentences
"Like, I use this app called Fitbit, and it tracks how many steps I take each day, how much",1,AI,19,short,human_vs_ai_sentences
Just imagine that cars were never invented i bet there would be fewer people who would be obese than there is now.,0,Human,22,short,human_vs_ai_sentences
"""All of our developement since World War II has been centered on the car, and that will have to change."", stated David Goldberg, accordind to author Elisabeth Rosenthal.",0,Human,28,short,human_vs_ai_sentences
Thank you for your time and consideration.,1,AI,7,very_short,human_vs_ai_sentences
"That means in a image three times larger than the pixel size you would see objects such as airplans, pyramids or small shacks in the photo.",0,Human,26,short,human_vs_ai_sentences
It is important to find a balance between showing kindness to others and taking care of ourselves.,1,AI,17,short,human_vs_ai_sentences
It is a great way to reduce smog or pollution by limitng car usage and helps stop cars and truscks to stop generating many malitiant gases that may cause deceases.,0,Human,30,short,human_vs_ai_sentences
"Well that's why we have phones to, to get in touch with other people.",0,Human,14,short,human_vs_ai_sentences
"There is a lot of time and effort that goes into starting a construction business, but with the right research, preparation, and perseverance, it can be a successful venture.",1,AI,29,short,human_vs_ai_sentences
"It's like, totally a thing nowadays, you know?",1,AI,8,very_short,human_vs_ai_sentences
"On the other hand, although graduating early will help save money, students who choose this route may not have had the opportunity to take as many classes as those who completed the traditional four years.",1,AI,35,medium,human_vs_ai_sentences
''It reminds me most of Middle Butte in the Snake River Plain of Idaho.'' Thats a lava dome that takes the of an isolated mesa about the same height as the Face on Mars .,0,Human,35,medium,human_vs_ai_sentences
We have come so far as humans to go from developing forks and knives to cars that can drive themselves.,0,Human,20,short,human_vs_ai_sentences
They can learn more creative techniques from other students who have worked on the yearbooks longer so they know more techniques with working on the yearbooks.,0,Human,26,short,human_vs_ai_sentences
"For some people, the benefits of focusing on a specific career path and gaining the necessary skills and knowledge may outweigh the benefits of exploring different options and gaining life experience.",1,AI,31,medium,human_vs_ai_sentences
.,0,Human,1,very_short,human_vs_ai_sentences
And he wasn't the only one.,1,AI,6,very_short,human_vs_ai_sentences
Getting a job later in life is a good incentive for student too.,0,Human,13,short,human_vs_ai_sentences
Because everybody are not in the same shoes and when I say that I mean like as much as one person parent makes compared to the others.,0,Human,27,short,human_vs_ai_sentences
The use of standardized tests to determine a student's ability has its positives and negatives.,1,AI,15,short,human_vs_ai_sentences
There are some people who concentrate better when studying alone.,0,Human,10,very_short,human_vs_ai_sentences
"Making your own decisions based on your personal values and goals can give you a sense of pride and accomplishment, while relying on the guidance of authorities or experts can foster feelings of helplessness or inadequacy.",1,AI,36,medium,human_vs_ai_sentences
So if someone is seen on their phone then others are going to follow which can lead to various things.,0,Human,20,short,human_vs_ai_sentences
"Like, maybe we could use the old computer lab.",1,AI,9,very_short,human_vs_ai_sentences
"This is a significant benefit, as accidents caused by human error are a leading cause of death and injury on the road.",1,AI,22,short,human_vs_ai_sentences
"Title: The Advantages of Limiting Car Usage

Introduction:

Car usage has become so ingrained in our society that it may seem impossible to imagine life without them.",1,AI,27,short,human_vs_ai_sentences
"Now besides somebody receiving more or less electoral votes, perhaps the candidates tied.",0,Human,13,short,human_vs_ai_sentences
"In the article, "" Paris Bans Driving Due To Smog"", the author, Robert Duffer, talks about France banned driving in order to clean the polluted air.",0,Human,26,short,human_vs_ai_sentences
"In conclusion, while modern technology has undoubtedly changed the way we consume information, I do not believe it will ever entirely replace the written word.",1,AI,25,short,human_vs_ai_sentences
17.,1,AI,1,very_short,human_vs_ai_sentences
"Schools should prioritize student performance and engagement in class, and allowing students to use cellphones during class can be a distraction and can lead to decreased academic achievement.",1,AI,28,short,human_vs_ai_sentences
"As a result, voters in these states feel like their votes don't matter.",1,AI,13,short,human_vs_ai_sentences
"It helps you assess the situation more deeply, understand what went wrong and how you can adjust your behavior and strategies in the future.",1,AI,24,short,human_vs_ai_sentences
"Dear Senator,

I believe that rather than having the

Electoral College , we should have elections by popular vote.",0,Human,19,short,human_vs_ai_sentences
One argument is that it is expensive.,1,AI,7,very_short,human_vs_ai_sentences
Summer Vacation vs.,1,AI,3,very_short,human_vs_ai_sentences
Younger people generally enjoy life more than older people do.,1,AI,10,very_short,human_vs_ai_sentences
"In souce three it says"" parks and sports centers have bloomed throughout the city ', This its telling us with out the cars people are becoming more active and spending more time with there famililys and this is always a good thing.",0,Human,42,medium,human_vs_ai_sentences
"This shift, undoubtedly, is a step towards a greener, healthier, and more sustainable world.",1,AI,14,short,human_vs_ai_sentences
"A study by the National Bureau of Economic Research found that, in 2002, the wage loss due to a lack of education was $1,386 per person.",1,AI,26,short,human_vs_ai_sentences
"It's important to treat people with respect, no matter what.",1,AI,10,very_short,human_vs_ai_sentences
It is essential to make the right decisions in life.,1,AI,10,very_short,human_vs_ai_sentences
Resilience also provides people with valuable problem-solving skills which allow them to take creative approaches when presented with a difficult situation instead of giving up right away like others might do more easily (this doesn't mean giving up isn't ok!).,1,AI,40,medium,human_vs_ai_sentences
"With this newfound knowledge and determination, I was able to improve my grades and ultimately succeed in the class.",1,AI,19,short,human_vs_ai_sentences
It allows us to think outside the box and come up with new ideas that can revolutionize the way we live and work.,1,AI,23,short,human_vs_ai_sentences
"Plus, having a positive attitude can improve our mental and physical health, which is crucial for overall well-being.",1,AI,18,short,human_vs_ai_sentences
"The passage about Vauban, Germany, shows how creating car-free communities can encourage the use of public transportation and make everyday activities more accessible.",1,AI,23,short,human_vs_ai_sentences
"No single region has enough electoral votes to elect a President, preventing candidates with only regional appeal from focusing solely on specific areas (Posner).",1,AI,24,short,human_vs_ai_sentences
They will not be able to get proper education at home and there will be less communication with students and teachers.,0,Human,21,short,human_vs_ai_sentences
"For example, if a school is only accepting students who conform to certain standards, such as a certain GPA or extracurricular activities, it may not be open to students who have different backgrounds or interests.",1,AI,35,medium,human_vs_ai_sentences
"Finally, limiting car usage can save money on transportation costs.",1,AI,10,very_short,human_vs_ai_sentences
And it's not just the violent games either.,1,AI,8,very_short,human_vs_ai_sentences
If their brain is focused on their phone.,0,Human,8,very_short,human_vs_ai_sentences
"The people we are talking about messed up in life, most people do, but now since they have nowhere to turn they need you to pick their life back up and try to start something new.",0,Human,36,medium,human_vs_ai_sentences
"nearly everyone loves technology, is it really that beautiful?",0,Human,9,very_short,human_vs_ai_sentences
"as of April 2013,the number of miles driven per person was nearly 9 percent below the peak and equal to where the country was in January 1995.",0,Human,27,short,human_vs_ai_sentences
"When scientists saw this formation, they to were astounished.",0,Human,9,very_short,human_vs_ai_sentences
Drivers believe it's safe but other's believe it's dangerous.,0,Human,9,very_short,human_vs_ai_sentences
Students when they stay home and take online classes are less likely to get a virus or get sick and miss class.,0,Human,22,short,human_vs_ai_sentences
"However, despite the negative connotations that failure often has, it is actually an incredibly important part of both personal and professional success.",1,AI,22,short,human_vs_ai_sentences
"Fourth, limiting our car usage would save us money.",1,AI,9,very_short,human_vs_ai_sentences
"Personally I always watched others and my own brother do theater for a while, and I finally said to myself in sixth grade to try it out.",0,Human,27,short,human_vs_ai_sentences
In order to effectively reduce air pollution levels we need to identify both short-term solutions that help us improve our current situation while also tackling longer term strategies that address underlying systemic issues which are causing this problem in the first place.,1,AI,42,medium,human_vs_ai_sentences
I hope you like it!,1,AI,5,very_short,human_vs_ai_sentences
It needs to be taken care of.,0,Human,7,very_short,human_vs_ai_sentences
"Essentially, we emit large amounts of greehouse gases to produce fuel for our vehicles which, in turn, release more greenhouse gases.",0,Human,21,short,human_vs_ai_sentences
"You may not agree with them or not get the best advice ,when you could have got better.",0,Human,18,short,human_vs_ai_sentences
"Fourth, the Electoral College is prone to fraud and error.",1,AI,10,very_short,human_vs_ai_sentences
Another logical explanation to look at France.,0,Human,7,very_short,human_vs_ai_sentences
"As a language model AI, it's not within my capabilities to agree or disagree, however, I can provide some points that both sides of the argument may consider.",1,AI,28,short,human_vs_ai_sentences
"Third, many young people do not know how to help their communities.",1,AI,12,short,human_vs_ai_sentences
Safety should be every drivers first priority.,0,Human,7,very_short,human_vs_ai_sentences
Teacher-assigned work makes students actually try.,0,Human,6,very_short,human_vs_ai_sentences
This has helped to improve the accuracy of transportation schedules and has made it easier for people to plan their travel.,1,AI,21,short,human_vs_ai_sentences
"So, here it goes...",1,AI,4,very_short,human_vs_ai_sentences
Lifelong learning also helps us to stay mentally sharp.,1,AI,9,very_short,human_vs_ai_sentences
"Therefore, sciencetists should not study Venus with the dangers present.",0,Human,10,very_short,human_vs_ai_sentences
"It's like, how you",1,AI,4,very_short,human_vs_ai_sentences
It was swinging from a tree and looked so happy.,1,AI,10,very_short,human_vs_ai_sentences
"When I ask for advice, I try to make sure that something good will come out of it.",0,Human,18,short,human_vs_ai_sentences
"In conclusion, there are both good and bad things about being old or young.",1,AI,14,short,human_vs_ai_sentences
"By doing something, we put our best foot forward and showcase our level of commitment to those around us, possibly leading to new and exciting opportunities not available if we simply stayed still.",1,AI,33,medium,human_vs_ai_sentences
But finally on monday the smog cleared enough for the ruling French party to rescid the ban for odd-numbered plates on tuseday.,0,Human,22,short,human_vs_ai_sentences
"Additionally, E-dictionaries can be accessed quickly and easily, which can be helpful when students are working on a writing assignment and need to find a word quickly.",1,AI,27,short,human_vs_ai_sentences
"On the one hand, it can help us learn new things and gain new perspectives.",1,AI,15,short,human_vs_ai_sentences
The story of Generic_Name illustrates this point perfectly.,1,AI,8,very_short,human_vs_ai_sentences
Think if the humans lived on Mars and we came to Earth and saw the Grand Cannon we would automatically think that there must be life here since there is no other way this could have been formed.,0,Human,38,medium,human_vs_ai_sentences
"In today's fast-paced world where convenience often trumps healthfulness, eating nutritiously may seem like an overwhelming effort; however there are several simple steps that one can take towards improving their dietary habits significantly - each step contributing to improved overall wellbeing in both the short and long terms.",1,AI,48,medium,human_vs_ai_sentences
"After medical school, students must complete a residency program in surgery, which can take anywhere from five to seven years, depending on the specialty.",1,AI,24,short,human_vs_ai_sentences
"They provide an opportunity for students to develop their musical skills and creativity, and can also help improve their cognitive abilities.",1,AI,21,short,human_vs_ai_sentences
Thank you for your time and consideration.,1,AI,7,very_short,human_vs_ai_sentences
"Like, if you're in a disagreement with someone, if you're positive, you're more likely to try to find a solution that works for both of you instead of just getting mad and being stubborn.",1,AI,34,medium,human_vs_ai_sentences
All of these factors will lead to a decrease in the number of cars that are in use.,1,AI,18,short,human_vs_ai_sentences
"Limiting cars saves money , gas and also your lives.",0,Human,10,very_short,human_vs_ai_sentences
"They tell another person, and another person, and ask as many close people as they can for advice.",0,Human,18,short,human_vs_ai_sentences
One could have a lack of communication or social skills.,0,Human,10,very_short,human_vs_ai_sentences
"Both sides of this argument offer valid points, and the reality is likely somewhere in the middle.",1,AI,17,short,human_vs_ai_sentences
"Lastly, the Electoral College system helps avoid the need for run-off elections.",1,AI,12,short,human_vs_ai_sentences
With all of the banifits of not continuisly driving the world would be such a better place.,0,Human,17,short,human_vs_ai_sentences
"It's like, we get stuff done, and it makes us feel good about ourselves!",1,AI,14,short,human_vs_ai_sentences
"Throughout life, we as humans have worked towards new advances in technology.",0,Human,12,short,human_vs_ai_sentences
"Thirdly, older people often have a greater sense of responsibility and accountability when making decisions.",1,AI,15,short,human_vs_ai_sentences
"Until then, the world will wait for the best technological advancement in history to come out.",0,Human,16,short,human_vs_ai_sentences
We can have many benefits by this.,0,Human,7,very_short,human_vs_ai_sentences
This movement towards smart planning and reducing greenhouse gas emissions has numerous advantages that benefit both individuals and the environment.,1,AI,20,short,human_vs_ai_sentences
These images show an object on Mars that resembles a faces.,0,Human,11,short,human_vs_ai_sentences
Air pollution is another major problem in many cities.,1,AI,9,very_short,human_vs_ai_sentences
"This happened in 2000, when George W.",1,AI,7,very_short,human_vs_ai_sentences
"See the presidential election is held every four years on the tueday after novemvber, but what people dont know when you vote for canidates you are actually voting for your canidate's elcetors.",0,Human,32,medium,human_vs_ai_sentences
Are you thinking that you maight like being part of this program?,0,Human,12,short,human_vs_ai_sentences
So why would they want those to be their only priorities when driving?,0,Human,13,short,human_vs_ai_sentences
when teachers ask you to do school work in the summer some students will forget and some will not even try but If the student could pick what kind of project they wanted to do more students would be interested.,0,Human,40,medium,human_vs_ai_sentences
"Teacher guidelines require students to complete the assignment, but in their way.",0,Human,12,short,human_vs_ai_sentences
This would also help in their schooling by training future cops to be able to read key facal expressions for different feelings.,0,Human,22,short,human_vs_ai_sentences
"Others may argue that being famous is a privilege, and that famous people should be willing to endure some level of scrutiny in order to keep their status.",1,AI,28,short,human_vs_ai_sentences
I kindly request that you consider these points when evaluating any future legislation or proposals regarding the Electoral College.,1,AI,19,short,human_vs_ai_sentences
no one has time in their busy schedule to excessive.,0,Human,10,very_short,human_vs_ai_sentences
"Now, chew on that!",0,Human,4,very_short,human_vs_ai_sentences
Asking one person can have many different results.,0,Human,8,very_short,human_vs_ai_sentences
I bet the author is happy about that.,0,Human,8,very_short,human_vs_ai_sentences
"In conclusion, in my personal opinion it is.",0,Human,8,very_short,human_vs_ai_sentences
That seems to be a stretch.,0,Human,6,very_short,human_vs_ai_sentences
"Second, when students understand ideas and concepts, they are able to think critically about them.",1,AI,15,short,human_vs_ai_sentences
"Finally, governments can also make it more expensive to drive.",1,AI,10,very_short,human_vs_ai_sentences
"Furthermore, this thought pattern can become a vicious cycle, as the more one focuses on self-improvement, the more they may feel like they are never good enough.",1,AI,27,short,human_vs_ai_sentences
An from all this you will learn that cars pollute are airs.,0,Human,12,short,human_vs_ai_sentences
"People were able to share their stories and it was like, finally, something was being done about it.",1,AI,18,short,human_vs_ai_sentences
As Judge Richard A.,1,AI,4,very_short,human_vs_ai_sentences
Finally on return trips after the animals have been unloaded you play games.,0,Human,13,short,human_vs_ai_sentences
"What one person might enjoy, another person might not.",1,AI,9,very_short,human_vs_ai_sentences
The people already doing community service will feel like they weren't getting any recognition doing what they have been doing.,0,Human,20,short,human_vs_ai_sentences
"By maintaining a schedule, students can sit through a class at any time of day that would benefit them the most, rather than having to wake up early for a class without the energy needed to efficiently process information.",0,Human,39,medium,human_vs_ai_sentences
"A better enviroment for the citizens would arise because the infrastructure of many cities would improve and the people would exercise more, therefore becoming healthier.",0,Human,25,short,human_vs_ai_sentences
"Additionally, the convenience of these services has made them popular among people who want to avoid the hassle of owning and maintaining a car.",1,AI,24,short,human_vs_ai_sentences
Students can learn about something they never knew existed.,0,Human,9,very_short,human_vs_ai_sentences
"The author states that ""Not easy conditions but survivable for humans."" The mission would propose great danger and it would be a expontential battle, but with the right people and technology it could be done and accomplished.",0,Human,37,medium,human_vs_ai_sentences
"For example, students may feel isolated and disconnected from their classmates and teachers.",1,AI,13,short,human_vs_ai_sentences
Another key aspect of living a sustainable life is being mindful about what materials you buy and those you already own—go vintage shopping or hunt down secondhand deals at markets where possible instead of buying new so you don’t contribute towards plastic production or unnecessary packaging waste from store shelves (which unfortunately often end up in landfills).,1,AI,57,medium,human_vs_ai_sentences
"Lastly, homework doesn't even really help us learn that much.",1,AI,10,very_short,human_vs_ai_sentences
"The picture revealed that it was just a natural landform, just like NASA had said in 1976.",0,Human,17,short,human_vs_ai_sentences
This kind of avoidable distraction has contributed to many traffic accidents and even deaths over the years.,1,AI,17,short,human_vs_ai_sentences
"It also saves time, due to jams and high volumes of traffic bogging of streets gone.",0,Human,16,short,human_vs_ai_sentences
"Firstly, animals used in experiments often face pain, suffering and death.",1,AI,11,short,human_vs_ai_sentences
"With some phones, you can even schedule tests and events in a calendar or memo.",0,Human,15,short,human_vs_ai_sentences
You get to ship over seas.,0,Human,6,very_short,human_vs_ai_sentences
"While most people associate online shopping with convenience, ease of access, and variety of product options there are several potential risks that consumers should be aware of before making an online purchase.",1,AI,32,medium,human_vs_ai_sentences
"A part of the problem is people may answer an email or text they consider to be urgent while driving and because they don't have an accident, they think it's safe to do again.",0,Human,34,medium,human_vs_ai_sentences
"However, technology can also have negative effects on students' educational performance.",1,AI,11,short,human_vs_ai_sentences
"After seeing other countries promoting their citizens to choose alternative forms of transportation, I now hope the United States will enforce something similar.",0,Human,23,short,human_vs_ai_sentences
I would sometimes have people that i didn't know join the program.,0,Human,12,short,human_vs_ai_sentences
"While it provides flexibility and can contribute to the economy, it can also be isolating and require access to computers and the internet.",1,AI,23,short,human_vs_ai_sentences
"Think about it: when you finish high school in three years instead of four, you're not paying for an extra year of school.",1,AI,23,short,human_vs_ai_sentences
"In fact, it can actually stimulate the economy by giving people more money to spend.",1,AI,15,short,human_vs_ai_sentences
"When people drive less, they spend less money on gas.",1,AI,10,very_short,human_vs_ai_sentences
"With the increased flexibility, focus on work-life balance, and better access to resources and support, I believe that we have more tools than ever before to help us manage stress and make the most of our leisure time.",1,AI,38,medium,human_vs_ai_sentences
"Firstly, working with a group can help to increase productivity.",1,AI,10,very_short,human_vs_ai_sentences
"Finally, it is important to remember that success is not always immediate.",1,AI,12,short,human_vs_ai_sentences
I think that we should not deal with others emotions or try to figure them out because it there life and if they want to let there emtions out they can.,0,Human,31,medium,human_vs_ai_sentences
I understand that some people think that community service is a waste of time.,0,Human,14,short,human_vs_ai_sentences
"In this essay, we will compare and contrast the benefits of working with a group versus working alone.",1,AI,18,short,human_vs_ai_sentences
"However, the Electoral College has not lived up to its original purpose.",1,AI,12,short,human_vs_ai_sentences
It should then come as no surprise that according research conducted by numerous universities across Europe & North America into usage patterns from 2011–2018; those engaging in high levels (over five hours daily) exhibited greater symptoms associated with psychological distress compared against those who only used for shorter time spans (less than two hours per day).,1,AI,56,medium,human_vs_ai_sentences
"Reducing car usage is a challenge, but it is a challenge that is worth pursuing.",1,AI,15,short,human_vs_ai_sentences
"I know he's got a lot on his plate, so I want to make sure he doesn't feel overwhelmed.",1,AI,19,short,human_vs_ai_sentences
"Personally, I believe that celebrities should be given more privacy.",1,AI,10,very_short,human_vs_ai_sentences
"First of all, let's talk about the adventure aspect.",1,AI,9,very_short,human_vs_ai_sentences
Twelve percent of greenhose gases comes from cars .In paris a twenty two euro fine is commited if an even numbered license plate if car was not left home and odd was the following day.,0,Human,35,medium,human_vs_ai_sentences
"Effects of Online Classes on Students

While online classes offer many benefits, there are also some potential drawbacks that need to be considered.",1,AI,23,short,human_vs_ai_sentences
"Moreover, they are often excluded from discussions related to digital advancements since much of the conversation takes place online without taking into account those who may not have access or knowledge on how use it effectively.",1,AI,36,medium,human_vs_ai_sentences
He mentions only cons through out mayority of the article.,0,Human,10,very_short,human_vs_ai_sentences
"For example, Generic_Name is a teacher and she is planning to have a party.",0,Human,14,short,human_vs_ai_sentences
"in Source 2 it is stated that, ""...",0,Human,8,very_short,human_vs_ai_sentences
"They may also be more likely to take time to appreciate the people in their lives, and to savor the moments they spend with them.",1,AI,25,short,human_vs_ai_sentences
Mostly to get stuff off our minds.,0,Human,7,very_short,human_vs_ai_sentences
"That to me my friend, is not fair at all.",0,Human,10,very_short,human_vs_ai_sentences
"It's better of just having car usage limits to prevent drug passing, also to help our community, and have a healthier earth without polluting the eart.",0,Human,26,short,human_vs_ai_sentences
We as a whole should expand where we travel to explore new places that can be used instead of all cramping up here on Earth.,0,Human,25,short,human_vs_ai_sentences
Driverless cars have a hard time navigating through accidents.,0,Human,9,very_short,human_vs_ai_sentences
😃👍 What do you think?,1,AI,5,very_short,human_vs_ai_sentences
"This can help them form meaningful relationships, develop healthy habits, and pursue meaningful careers.",1,AI,14,short,human_vs_ai_sentences
People have spoken in favor of omitting the Electoral College and sticking to what the people themselves deem acceptable for a president; not what one person decides for millions.,0,Human,29,short,human_vs_ai_sentences
"America is also doing their part in eliminating pollution, but are completely unaware of their doing so.",0,Human,17,short,human_vs_ai_sentences
"Furthermore, many young people are involved in community service in less traditional ways.",1,AI,13,short,human_vs_ai_sentences
"Additionally, they can advocate for change in their local community.",1,AI,10,very_short,human_vs_ai_sentences
"This gives Wyoming more electoral votes per capita than California, even though California has far more people.",1,AI,17,short,human_vs_ai_sentences
"Dear Principal:

We know that you are going to make a hard decision right now but we urge to keep cell phones in school.",0,Human,24,short,human_vs_ai_sentences
"Furthermore, speaking can help learners to improve their listening skills.",1,AI,10,very_short,human_vs_ai_sentences
"Limiting car usage would turn the world into a healthier, stress reduced place.",0,Human,13,short,human_vs_ai_sentences
One other is because making a bad decision can just make your life awful.,0,Human,14,short,human_vs_ai_sentences
Summer projects should be made by the teachers.,0,Human,8,very_short,human_vs_ai_sentences
"Currently, the candidates can completely ignore portions of our country.",0,Human,10,very_short,human_vs_ai_sentences
I hope to see the Electoral College changed.,0,Human,8,very_short,human_vs_ai_sentences
Not take away activities.,0,Human,4,very_short,human_vs_ai_sentences
"Furthermore, Solar Energy is an ideal choice for those seeking increased autonomy when it comes managing their home's electrical supply needs without relying solely on expensive external sources like local utilities corporations or purchased diesel generator sets.",1,AI,37,medium,human_vs_ai_sentences
Though i don't think it should be a requirement because people have many things to do like sports and daily tasks.,0,Human,21,short,human_vs_ai_sentences
Especially if you love animals maybe you are a farmer and you love animals just join the Seagoing Cowboys.,0,Human,19,short,human_vs_ai_sentences
"Some people have different ways in focusing, a kid might constantly click their pen to keep focus, while that kid thinks that that helps them focus other kids might think of that as distracting and annoying.",0,Human,36,medium,human_vs_ai_sentences
This is a fundamental flaw in our democracy.,1,AI,8,very_short,human_vs_ai_sentences
"In conclusion, showing intelligence, talents, and athletic abilities is essential for success in life.",1,AI,14,short,human_vs_ai_sentences
"Then the concept of the presidential campaigns would become pointless because the point of campaining is to try to win over large, swing states to ensure more votes.",0,Human,28,short,human_vs_ai_sentences
They don't have to pay for the insurance of the car and they don't have to pay to fix up the ole' rust bucket.,0,Human,24,short,human_vs_ai_sentences
I made myself smile even when things were hardest and kept positive affirmations in my mind throughout.,1,AI,17,short,human_vs_ai_sentences
They could play games.,0,Human,4,very_short,human_vs_ai_sentences
"By limiting car usage it can make a alot adavantges like bulidng better communites in soby by limting car usage there like place way closer ."" in this new approach stores are places a walk away, on a main street, rather than in malls along some distant highway"".",0,Human,48,medium,human_vs_ai_sentences
"By acknowledging our mistakes, shortcomings, and areas of improvement, we can gain invaluable insight and experience.",1,AI,16,short,human_vs_ai_sentences
"The gains made by the new government, however, have not been universal and tensions remain between some ethnic groups.",1,AI,19,short,human_vs_ai_sentences
"Moreover, the production of meat requires large amounts of water, with a study by the Food and Agriculture Organization of the United Nations finding that it takes around 1,000 liters of water to produce just 1 kilogram of beef.",1,AI,39,medium,human_vs_ai_sentences
"Walking around in the halls by yourself, sitting in a class with no friends, or jogging in P.E. by yourself is boring.",0,Human,22,short,human_vs_ai_sentences
A personal story that i want to share is that most time i may think that i know everything about life's important matters.,0,Human,23,short,human_vs_ai_sentences
But you have to admit that those founding fathers did pretty good.,0,Human,12,short,human_vs_ai_sentences
Also car usage has taken a toll on previous bills in the united states as stted in source 1 80 percent of appropriations have by law gone to highways and only the other 20 percent to other transport.,0,Human,38,medium,human_vs_ai_sentences
"Over the course of summer, the projects might be forgotten if the teachers were to make them because no one enjoys them.",0,Human,22,short,human_vs_ai_sentences
"So, you gotta make sure you know what you're doing before you start working with others.",1,AI,16,short,human_vs_ai_sentences
And also how they sell to get money.,0,Human,8,very_short,human_vs_ai_sentences
"VAUBAN, Germany, BOGOTA, Colombia, and even the global city Paris, are living the average american's greatest fear to clear up the atmosphere by limiting car usage.",0,Human,26,short,human_vs_ai_sentences
"Either for a class project that needs to be done, for a favor, or just chatting.",0,Human,16,short,human_vs_ai_sentences
"Also, seeking multiple opinions can help you learn new things.",1,AI,10,very_short,human_vs_ai_sentences
"By doing this he says ""pedestrian, bicycle, private cars, commercial and public transportation traffic are woven into a connected network to save time, conserve resources, lower emissions and improve safety.""

Limiting car usage in our daily life is a good thing.",0,Human,41,medium,human_vs_ai_sentences
A recent report conducted by the National Education Association (NEA) found that students who take advantage of online courses or use other digital technologies such as Chromebooks and tablets perform better academically than those who don’t utilize these tools.,1,AI,39,medium,human_vs_ai_sentences
Following these rules is the responsible choice that demonstrates care for both one's own safety and that of others sharing the roadways.,1,AI,22,short,human_vs_ai_sentences
Lives could possibly be at risk.,0,Human,6,very_short,human_vs_ai_sentences
It's not worth the risk.,1,AI,5,very_short,human_vs_ai_sentences
"We tend to put things aside, and sometimes never finish.",0,Human,10,very_short,human_vs_ai_sentences
"Third, the author talks about how studying Venus is, like, a challenge.",1,AI,12,short,human_vs_ai_sentences
"Secondly, team-work is essential in family and school settings.",1,AI,9,very_short,human_vs_ai_sentences
"Therefore, it is important to consider the evidence before jumping to conclusions about the nature of the Face on Mars.",1,AI,20,short,human_vs_ai_sentences
"Okay, here is my essay:

Hey, guys!",1,AI,7,very_short,human_vs_ai_sentences
Venus needs to be our pursit despite the dangers of it's challenging surfaces and it's known proximity.,0,Human,17,short,human_vs_ai_sentences
"In my opinion, the answer is no.",1,AI,7,very_short,human_vs_ai_sentences
But over the last eighteen years scientists at NASA has been studying this landmark for all of this time.,0,Human,19,short,human_vs_ai_sentences
At some point in your life you have probably applied for a job.,0,Human,13,short,human_vs_ai_sentences
.,1,AI,1,very_short,human_vs_ai_sentences
"It’s not the perfect system, undoubtedly, but it’s a system that warrants its existence by ensuring regional representation, encouraging informed voters, and providing a clear, undisputable outcome.",1,AI,27,short,human_vs_ai_sentences
I agree with this statement.,1,AI,5,very_short,human_vs_ai_sentences
"But after this car banning, Colombia has made an improvement.",0,Human,10,very_short,human_vs_ai_sentences
"With its limitless opportunities around every corner regardless if you're looking at fashion inspiration photos or travel vlogs., beginner photographers can learn various techniques on how best capture stunning images just like seasoned pros all through Instagram’s library filled tutorials created by experts across all fields.",1,AI,46,medium,human_vs_ai_sentences
This opportunity can lead you to successwith humans and animals.,0,Human,10,very_short,human_vs_ai_sentences
"Online gaming has become a major pastime, with millions of gamers around the world enjoying their favorite titles with friends and strangers alike.",1,AI,23,short,human_vs_ai_sentences
"France is famous for its cheese, with over 400 different types to try!",1,AI,13,short,human_vs_ai_sentences
"Of course, sometimes our environment and the people around us can totally influence our choices, but that doesn't mean we don't have control over them.",1,AI,25,short,human_vs_ai_sentences
"Through the process of the electoral college and manipulation of votes, though, the presidential candidate ended with George Bush winning the election with a 271 electoral votes versus a 266 pointed toward Gore, thus creating an entirely different viewpoint of the people.",0,Human,42,medium,human_vs_ai_sentences
"Like many entrepreneurs, my business failed.",1,AI,6,very_short,human_vs_ai_sentences
When driving a vehicle people should be aware of who is in the car or their surroundings.,0,Human,17,short,human_vs_ai_sentences
"I value my freedom to be independent and make decisions that reflect my own interests, and I also recognize the importance of maintaining a sense of safety and stability.",1,AI,29,short,human_vs_ai_sentences
"Lastly, It keeps me out of trouble.",0,Human,7,very_short,human_vs_ai_sentences
"They don't get much time to prepare for their lessons, or grade papers, or anything.",1,AI,15,short,human_vs_ai_sentences
Some may believe that it is students responsibility to make it to class everyday without fail but this reasoning is flawed due to the fact that it is not physically possible with most chronic illnesses.,0,Human,35,medium,human_vs_ai_sentences
"The teacher sponsor of class council decided to show up at one of the program meetings one summer day before senior year, and to his surprise, he found out that Generic_Name ""summer program"" was a summer long improve tournament.",0,Human,39,medium,human_vs_ai_sentences
"With this pattern taking place, scientists believe that it will only have postive benefits for the environment and the communities in the forseeable future.",0,Human,24,short,human_vs_ai_sentences
First of all confusion is a huge factor when talking about thee Electoral collage.,0,Human,14,short,human_vs_ai_sentences
"In conclusion, while there are certainly competing points of view on the role of a positive attitude in achieving success, it is difficult to deny that having a positive attitude can provide a significant boost to our success.",1,AI,38,medium,human_vs_ai_sentences
"Students are rarely prepared for the autonomy of college and the time-managing aspects of adulthood, because they're used to their parents or teachers doing things for them.",0,Human,27,short,human_vs_ai_sentences
"When we make choices based on our own beliefs and values, we are able to live with the outcomes of those decisions.",1,AI,22,short,human_vs_ai_sentences
"By being self-reliant, individuals can take control of their lives, make their own decisions, and achieve their goals.",1,AI,18,short,human_vs_ai_sentences
"According to the article ""

Does the Electoral College work?",0,Human,10,very_short,human_vs_ai_sentences
If the animal did get glass in it's head it could possibly die.,0,Human,13,short,human_vs_ai_sentences
It is only fitting that students who are performing better academically should have the opportunity to participate in these activities.,1,AI,20,short,human_vs_ai_sentences
There is no doubt that advertisements can be incredibly persuasive.,1,AI,10,very_short,human_vs_ai_sentences
"For example, if you are trying to decide on a college major, talking to a guidance counselor, a teacher, and a family member can provide a range of opinions and insights that can help you make an informed decision.",1,AI,39,medium,human_vs_ai_sentences
"A blank expression may mask complex thinking, and nervousness could be misread as disinterest.",1,AI,14,short,human_vs_ai_sentences
They banned cars except buses and taxis in the capital city of 7 million people.,0,Human,15,short,human_vs_ai_sentences
"The candidate who received votes from the Electoral Collage wins, even though his opponent had the American peoples' majority vote.",0,Human,20,short,human_vs_ai_sentences
Students should also be given to opportunity to retake a class over the summer.,0,Human,14,short,human_vs_ai_sentences
This can make the work more enjoyable and rewarding.,1,AI,9,very_short,human_vs_ai_sentences
"However, Rowling's journey to success was not an easy one.",1,AI,10,very_short,human_vs_ai_sentences
Having time management is good because like the girl that was brought up earlier finished her project early so she might get extra credit for tuning it in before the due date.,0,Human,32,medium,human_vs_ai_sentences
"They're gonna be, like, super bummed that they have to take them, you know?",1,AI,14,short,human_vs_ai_sentences
Just imagine the chaos we could be thrown into.,0,Human,9,very_short,human_vs_ai_sentences
If you an emergency and you just have to use your phone pull over and park somewhere just don't pull it out and think you can multitask we you know you got to pay 100% attention to the road.,0,Human,39,medium,human_vs_ai_sentences
"Dear Senator,

The electoral college is unfair, outdated, and irrational.",0,Human,10,very_short,human_vs_ai_sentences
Now this might sound like a big deal but their are many advantages to this appeal of motor use.,0,Human,19,short,human_vs_ai_sentences
"For example if they clean up all the trash around them, imagine how beautiful the community will look.",0,Human,18,short,human_vs_ai_sentences
"But, on the other hand, you might not have as much face-to-face interaction with your teachers and classmates, which can make it harder to build relationships and get that social aspect of school.",1,AI,33,medium,human_vs_ai_sentences
"With the proper guidance and resources from experienced teachers, they can solidify their career direction, which can prove beneficial as they transition out of high school and into college or the workplace.",1,AI,32,medium,human_vs_ai_sentences
Communication is essential to ensure team success.,1,AI,7,very_short,human_vs_ai_sentences
"First, it can help to reduce pollution.",1,AI,7,very_short,human_vs_ai_sentences
"Finally, there is the issue of climate change.",1,AI,8,very_short,human_vs_ai_sentences
I hate this test so much why am I even writing this I feel like a robot just going through the motions and its your fault.,0,Human,26,short,human_vs_ai_sentences
"Sincerely, STUDENT_NAME",0,Human,2,very_short,human_vs_ai_sentences
Give Us the direct opportunity We deserve and break the Electoral College Process.,0,Human,13,short,human_vs_ai_sentences
"And it's like, super important in real life too.",1,AI,9,very_short,human_vs_ai_sentences
"By volunteering her time, she is helping to make a difference in the lives of others.",1,AI,16,short,human_vs_ai_sentences
Maybe if all people got to vote it will be better and will be ble to find out a better count because each state has so many  electoral votes.,0,Human,29,short,human_vs_ai_sentences
"So, how can we set a positive example for others?",1,AI,10,very_short,human_vs_ai_sentences
I'm super stoked to be writing this essay on how failure can help you be successful.,1,AI,16,short,human_vs_ai_sentences
Like the passage said if the computers in the classroom can tell if your sad it'll give u a different ad from the one youll get if your happy or smiling.,0,Human,31,medium,human_vs_ai_sentences
"We get a chance to discover new cultures, cuisines, customs, and even languages – experiences which might not be as accessible if we were to stay in one place for too long.",1,AI,32,medium,human_vs_ai_sentences
In order combat this problem head on we must first raise awareness about what constitutes a responsibly run breeder - one who,1,AI,22,short,human_vs_ai_sentences
More exercise is allowed without cars.,0,Human,6,very_short,human_vs_ai_sentences
"This means that candidates can win the presidency without winning the popular vote, simply by winning enough ""swing states.""

For all of these reasons, I believe that the Electoral College should be abolished.",1,AI,33,medium,human_vs_ai_sentences
"In conclusion, student designed projects have many benefits that can help them succeed in life and improve oneself.",0,Human,18,short,human_vs_ai_sentences
"Posner quotes, ""During 2000 campaign, seventeen states didn't see the candidates at all, including Rhode Island and South Carolina, and voters in 25 of the largest media markets didn't get to see a single campaign ad."" That is pretty selffish and ridiculously unfair.",0,Human,43,medium,human_vs_ai_sentences
"For that computers to read humans minds, it has to have all fourty-four major muscles like in a human , then it also has to move like what humans muscle do.",0,Human,31,medium,human_vs_ai_sentences
"For example, a student comes into AP Environmental Science with a bright colored poster, hardly any sentences and fill with visual diagrams, that student came in with a mindset of expecting that class was going to be visual filled, but in reality, they take notes and notes on end.",0,Human,49,medium,human_vs_ai_sentences
Becasuse a lot of people can struggle with anxiety/social problems and they just need somepone to talk to but just don't know how.,0,Human,23,short,human_vs_ai_sentences
"Furthermore, with virtual classrooms come reduced overhead costs such as tuition fees; this makes it much more affordable than regular college classes since you only pay for what you use.",1,AI,30,short,human_vs_ai_sentences
Physical activity is vital for overall wellbeing.,1,AI,7,very_short,human_vs_ai_sentences
"In addition to assisting a classroom setting, enabling people to read other's emotions would be benefitial also.",0,Human,17,short,human_vs_ai_sentences
"For example in VAUBAN,Germany they have given up theif cars street parking,driveways,and home garages are generally forbidden.",0,Human,17,short,human_vs_ai_sentences
If you are interested in doing this then go look at your self and then ask your partner if he or she knows what your feeling right now.,0,Human,28,short,human_vs_ai_sentences
"In addition to having larger trading volumes, London also offers an impressive array of products based upon various asset classes including stocks/shares (equities), commodities like gold or oil derivatives (futures) contracts for difference (CFDs) institutional-level foreign exchange (forex) trading funds/bonds among others).",1,AI,42,medium,human_vs_ai_sentences
"A person who is motivated by the desire for success may be more likely to take risks or cut corners to achieve their goals, while a person who is motivated by the need for validation may be more likely to conform to societal norms or seek approval from others.",1,AI,49,medium,human_vs_ai_sentences
"Moreover, the environmental impact of heavy car usage becomes starkly clear in the case of Paris, where dangerous levels of smog, partially caused by car emissions, led to the implementation of a partial driving ban (Duffer, Passage 2).",1,AI,38,medium,human_vs_ai_sentences
"For example, The successful people are always willing to spend times and put efforts in their work.",0,Human,17,short,human_vs_ai_sentences
"Additionally, with the three-day weekend, students may become lethargic and unenthusiastic in learning and developing skills, and gradually become less productive.",1,AI,21,short,human_vs_ai_sentences
Then the worst thing happened.,0,Human,5,very_short,human_vs_ai_sentences
"Like, I know I'm not the only one who's noticed this.",1,AI,11,short,human_vs_ai_sentences
You may be surprised at how much better you feel.,1,AI,10,very_short,human_vs_ai_sentences
"The computer detected

The Mona Liza expression, she intended to bring a smile to your face.",0,Human,16,short,human_vs_ai_sentences
It's up to the people to take responsibility on this issue.,0,Human,11,short,human_vs_ai_sentences
Being inactive can hinder our ability to accomplish our goals.,1,AI,10,very_short,human_vs_ai_sentences
"A good job, gets you good money.",0,Human,7,very_short,human_vs_ai_sentences
The divices were first made in the 1800s to 1940s during world war 2 and computers were existing in those day may sound shicking but it really is existing in 1800s but not that good one ass a 20 centrys lates ones.,0,Human,42,medium,human_vs_ai_sentences
How are schools supposed to use something that requires a larger computer with only a small amount of money to spend?,0,Human,21,short,human_vs_ai_sentences
In the text it say that the venus is the second planet from our sun.,0,Human,15,short,human_vs_ai_sentences
"However, texting while driving take your eyes off the road for 5 seconds at a time which means your eyes are of the road for a distance of 300 feet.",0,Human,30,short,human_vs_ai_sentences
Summer projects should always be teacher designed that way the information is effective and reliable.,0,Human,15,short,human_vs_ai_sentences
"To compare it we had said""

its is equivalnt to a mesa or the Middle Butte in the American west.""

In conclusion, I believe that I have shown enough evidence to put theorists in their place along with others, who belive the Face is alien made.",0,Human,46,medium,human_vs_ai_sentences
"I know some people who are super sure about their major, but I'm still trying to figure out what I'm even interested in.",1,AI,23,short,human_vs_ai_sentences
"But, on the other hand, working in a group can be really beneficial too.",1,AI,14,short,human_vs_ai_sentences
The education system in America is known as the best education system in the world; yet it causes many students stress and causes them to be lose some skills by learning new ones.,0,Human,33,medium,human_vs_ai_sentences
"If I achieve my goal, it will be amazing!",1,AI,9,very_short,human_vs_ai_sentences
"Sincerely ,

STUDENT_NAME",0,Human,3,very_short,human_vs_ai_sentences
Shy can also be a good thing at times during schools activities because you won't be spotted out as much as the more talkative kids.,0,Human,25,short,human_vs_ai_sentences
This has led to employees feeling that they are not able to achieve their goals and are instead working for a company that is trying to outdo the others.,1,AI,29,short,human_vs_ai_sentences
No thank you!,1,AI,3,very_short,human_vs_ai_sentences
I think that we should totally switch to renewable energy sources!,1,AI,11,short,human_vs_ai_sentences
"He or she must show that they can be patient, have good character, listen and be optimistic.",0,Human,17,short,human_vs_ai_sentences
Social media may spread rumors or false reports and should not always be believed.,0,Human,14,short,human_vs_ai_sentences
Therefore many people need to limit their car usage.,0,Human,9,very_short,human_vs_ai_sentences
I think your principal should allow student to bring cell phones to school and the student should be allowed to use their cell phones during their free time or at lunch periods but when they go back to class their cell phones should be turned off during class periods.,0,Human,49,medium,human_vs_ai_sentences
"In that case, they should be able to have a say in what they do for the project.",0,Human,18,short,human_vs_ai_sentences
"Although I dont know how to do much of what this type of does, I'll do my best to learn it as fast as possible so I can give you the best results I can give.",0,Human,36,medium,human_vs_ai_sentences
"Ralph Waldo Emerson famously wrote that, ""Life is a journey, not a destination."" This simple statement succinctly captures the importance of exploring beyond our comfort zones.",1,AI,26,short,human_vs_ai_sentences
Student-designed projects make the summer expirecne a more enjoyable time by letting the students create a project based on their own experiences and liking and not forcing them to complete tedious tasks.,0,Human,32,medium,human_vs_ai_sentences
And then there's the portion sizes.,1,AI,6,very_short,human_vs_ai_sentences
"With short double coats ranging from blue mottled, red speckle or solid black or red colours - all adorned with white markings - these dogs have distinctive appearances that have made them popular amongst modern day dog lovers everywhere!.",1,AI,39,medium,human_vs_ai_sentences
It is also essential that owners provide access to clean water at all times; cats are prone to dehydration if not given enough fluids throughout the day.,1,AI,27,short,human_vs_ai_sentences
"On the one hand, a long break can provide students with the opportunity to review the material they learned during the school year and even take summer school classes to make up any credits they need.",1,AI,36,medium,human_vs_ai_sentences
"2) Connect with supportive people: Reaching out to family members, friends or even professionals who understand your struggles may provide valuable emotional support that can help you approach tricky social scenarios more confidently in the future.",1,AI,36,medium,human_vs_ai_sentences
The final reason for the downside of distance learning is the limitation of classes that are available.,0,Human,17,short,human_vs_ai_sentences
"Students learn to interact with teachers and peers in a healthy, productive manner; whether it be peer reviewing an essay or doing a group project.",0,Human,25,short,human_vs_ai_sentences
"And if you have a positive attitude, you'll be more likely to see the good in things and be like, ""Hey, this is gonna be fun!"" 

And it's not just about trying new things, it's also about how you approach challenges.",1,AI,41,medium,human_vs_ai_sentences
"Years passed, I noticed that he has changed.",0,Human,8,very_short,human_vs_ai_sentences
Well under this system it is impossible.,0,Human,7,very_short,human_vs_ai_sentences
"It could help that person talk it out with someone and get the help they need, It can also catch a student while lying to a teacher.",0,Human,27,short,human_vs_ai_sentences
"While it provides students with more flexibility and convenience, it also requires self-motivation and discipline.",1,AI,15,short,human_vs_ai_sentences
"😅 For my essay, I'm gonna talk about whether or not cellphones should be allowed in school.",1,AI,17,short,human_vs_ai_sentences
"When you get behind that wheel you are already putting yourself at risk many people do not realize that roads are one of the dangerous places to be, but when you decide it is time to change that song you put yourself at a significantly higher risk than before.",0,Human,49,medium,human_vs_ai_sentences
"By engaging in partnerships, learning is simultaneously enhanced and improved.",1,AI,10,very_short,human_vs_ai_sentences
"However, it is also important to take into account the drawbacks of committing to a specific career path at a young age.",1,AI,22,short,human_vs_ai_sentences
"It ensures certainty of outcome, promotes trans-regional appeal, encourages attention to swing states, balances large and small states, and avoids run-off elections.",1,AI,22,short,human_vs_ai_sentences
Another reason why young people enjoy life more is because they are not as burdened by the past.,1,AI,18,short,human_vs_ai_sentences
Are we ready for driverless cars?,0,Human,6,very_short,human_vs_ai_sentences
"Some people think you shouldn't use a cell phone while driving a vehicle because they are a distraction,including watching videos, music, social media.",0,Human,23,short,human_vs_ai_sentences
By identifying suitable objects to,1,AI,5,very_short,human_vs_ai_sentences
"In source 3, It tries to tell you all the possitive things about the Electoral Collage...",0,Human,16,short,human_vs_ai_sentences
"Finally, having the right skills and knowledge of the game can make all the difference in your basketball performance.",1,AI,19,short,human_vs_ai_sentences
"It can often be seen as a negative behavior, suggesting a lack of confidence or even a sense of insecurity.",1,AI,20,short,human_vs_ai_sentences
"Drving is a good skill to have, but if these cars develop people will feel there is not much use in learning the specifics in driving techniques if the car drives itself.",0,Human,32,medium,human_vs_ai_sentences
So that's why students should really leave there phones at home.,0,Human,11,short,human_vs_ai_sentences
"Some argue that with the internet and digital resources, libraries are no longer necessary.",1,AI,14,short,human_vs_ai_sentences
"Secondly, student evaluations of teachers can help to ensure that teachers are held accountable for their performance.",1,AI,17,short,human_vs_ai_sentences
"Also, because these types of landforms are common in the US.",0,Human,11,short,human_vs_ai_sentences
"She was determined to make something out of the failure and learn from it, and that’s exactly what she did.",1,AI,20,short,human_vs_ai_sentences
It is important for teachers to carefully consider the pros and cons and to implement appropriate policies and guidelines to ensure that students are using their phones in a responsible and educational manner.,1,AI,33,medium,human_vs_ai_sentences
"Since I was thinking harder, I began to work harder.",0,Human,10,very_short,human_vs_ai_sentences
"This is a skill that will be useful in all kinds of relationships, both personal and professional.",1,AI,17,short,human_vs_ai_sentences
"Cars that have been made by these manufactures ""...",0,Human,9,very_short,human_vs_ai_sentences
"""Malin's team captured an extraordinary photo using the camera's absolute maximum resolution."" ""Each pixel in the 2001 image spans 1.56 meters, compared to 43 meters per pixel in the best 1976 Viking photo."" Now you may say that we never did that, but we have photographic evidence of that clear photo that lets you see everything on the face.",0,Human,59,medium,human_vs_ai_sentences
"In conclusion, while there are many methods that seek to reduce evil behavior in children, I believe that separating children from their relatives is the most effective approach.",1,AI,28,short,human_vs_ai_sentences
The security factor is again the most important benefit of cell phones during driving.,0,Human,14,short,human_vs_ai_sentences
"So, in conclusion, I think Churchill's quote is pretty true.",1,AI,10,very_short,human_vs_ai_sentences
This means being open to feedback and willing to learn from others.,1,AI,12,short,human_vs_ai_sentences
"By presenting a well-rounded argument, the author makes a strong case for the importance of exploring Venus.",1,AI,17,short,human_vs_ai_sentences
"Like,",1,AI,1,very_short,human_vs_ai_sentences
I know this firsthand from my own experiences.,1,AI,8,very_short,human_vs_ai_sentences
"By investing in public transportation and other alternative modes of transportation, we can create jobs and stimulate economic growth.",1,AI,19,short,human_vs_ai_sentences
Finally increased support needs to come forth within communities so marginalized groups don't become forgotten particularly during times when funding decreases leaving those most vulnerable without resources and support systems needed stay housed preserve basic human dignity .,1,AI,38,medium,human_vs_ai_sentences
"Education has seen improvements with online learning, personalized learning systems, and new virtual classrooms.",1,AI,14,short,human_vs_ai_sentences
"Finally, after school programs can also help students develop important life skills such as teamwork, communication, and problem-solving.",1,AI,18,short,human_vs_ai_sentences
"Second, it would be more fair.",1,AI,6,very_short,human_vs_ai_sentences
Guess what you can't because the constitution is to important to this country to take anything off of it.,0,Human,19,short,human_vs_ai_sentences
"To establish supportive relationships, students",1,AI,5,very_short,human_vs_ai_sentences
"For students with full-time jobs and school commitments, managing time effectively is crucial in order to continue pursuing their athletic goals.",1,AI,21,short,human_vs_ai_sentences
without the experience many children will lack the ability to communicate with others.,0,Human,13,short,human_vs_ai_sentences
"In an extremely convincing essay by Bradford Plumer,

Why even the best-laid defenses of the system are wrong , this very concerning issue is brought forth.",0,Human,26,short,human_vs_ai_sentences
"By analyzing what went wrong and how to improve, we can continue to move forward towards our goals.",1,AI,18,short,human_vs_ai_sentences
But students should take the project serious so they can understand how to make projects on their own so if a time comes when they to do it again without any assistants it will be more be better the next time.,0,Human,41,medium,human_vs_ai_sentences
"Some states have implemented laws in regards to using cell phones while driving, there is more to be done.",0,Human,19,short,human_vs_ai_sentences
"""The cattle-boat trips were an unbelievable opportunity for a small-town boy"" We all had time to have fun on the boat, we played baseball, volleyball, and many more games.",0,Human,29,short,human_vs_ai_sentences
"Fifth, limiting car usage can build community.",1,AI,7,very_short,human_vs_ai_sentences
"""Everybody has a special talent."" I agree that everyone that goes to the school should participate in at least one extracurricular activity.",0,Human,22,short,human_vs_ai_sentences
"Additionally, the lack of face-to-face interaction with teachers and peers can make it difficult for students to feel engaged and motivated.",1,AI,21,short,human_vs_ai_sentences
"The lack of cars on the road is something to look forward to, both for our ability to look forward to new technological advancements in transportation and for our longevity as a species.",0,Human,33,medium,human_vs_ai_sentences
It is good to ask people their own advice because you can listen and hear from differnt point of views.,0,Human,20,short,human_vs_ai_sentences
Determination is an essential part of reaching any goal.,1,AI,9,very_short,human_vs_ai_sentences
"in the United States.""

Limiting the amount of car usage would help by not causing smog clouds throughout cities.",0,Human,19,short,human_vs_ai_sentences
"The thoughtful voters in swing states, who receive the most campaign attention, are then able to make an informed decision and have a greater say in determining the future of the country.",1,AI,32,medium,human_vs_ai_sentences
"First, it is undemocratic.",1,AI,4,very_short,human_vs_ai_sentences
"Long ago, Venus was covered largely with ocean and could have supported various form of life, just like Earth.",0,Human,19,short,human_vs_ai_sentences
The role of football in American culture cannot be understated.,1,AI,10,very_short,human_vs_ai_sentences
Venus is a harmful planet with dangerous conditions.,0,Human,8,very_short,human_vs_ai_sentences
"So when I asked ""What is the point of a Driverless Car?"" I believe the answer would be that the human species is lazy and a Driverless Car would mean less work and more relaxation.",0,Human,35,medium,human_vs_ai_sentences
My best friend Generic_Name lived miles away from the nearest school and his parents had no way to take him to school and the buses did not come out as far as his residence.,0,Human,34,medium,human_vs_ai_sentences
"By limiting car usage and promoting alternative modes of transportation, such as public transit and biking, communities can significantly reduce their carbon footprint.",1,AI,23,short,human_vs_ai_sentences
"As I walk in blissful solitude there are so many sights that amaze me: seagulls flying overhead, crashing waves on jagged rocks below and dolphins swimming out towards sea.",1,AI,29,short,human_vs_ai_sentences
"Firstly, young people may seem to enjoy life more than older people because they have fewer responsibilities.",1,AI,17,short,human_vs_ai_sentences
This makes it difficult to get around without a car.,1,AI,10,very_short,human_vs_ai_sentences
"Anyway, that's my essay.",1,AI,4,very_short,human_vs_ai_sentences
"For instance, a study by the University of California found that students who participated in homework clubs reported higher levels of social connections and lower levels of stress compared to those who did not.",1,AI,34,medium,human_vs_ai_sentences
"Additionally, electronic dictionaries may not be as user-friendly as traditional dictionaries.",1,AI,11,short,human_vs_ai_sentences
"Furthermore, teachers should incorporate basic internet research techniques into lesson plans so pupils can become accustomed to searching through digital content quickly and efficiently while learning critical thinking skills associated with obtaining accurate results from their queries.",1,AI,37,medium,human_vs_ai_sentences
Which left the Colombian streets devoid of traffic jams.,0,Human,9,very_short,human_vs_ai_sentences
"Some people think that famous people are treated unfairly by the media, and they should be given more privacy, while others think that this is the price of their fame.",1,AI,30,short,human_vs_ai_sentences
"It is unfair, as Plumer suggests, that due to the winner-take-all system, residents in certain states are seldom prioritized by the candidates, who instead focus on ' swing' states (Text 13).",1,AI,31,medium,human_vs_ai_sentences
This increased attention and information lead to a more robust democratic process and a better-informed electorate.,1,AI,16,short,human_vs_ai_sentences
"For example, Wyoming has a population of only 577,737 people.",1,AI,10,very_short,human_vs_ai_sentences
"Moreover, in business, discussions among people with different points of view can improve the quality of products and services.",1,AI,19,short,human_vs_ai_sentences
"Many poeple, however will still ask for more evidence that the landform is not alien artifact.",0,Human,16,short,human_vs_ai_sentences
You know that little brothers or sisters will be a distraction when you are studying at home.,0,Human,17,short,human_vs_ai_sentences
Being on your phone can prevent a lot of things .,0,Human,11,short,human_vs_ai_sentences
"There are many ways to spend time outdoors that are enjoyable, and this essay will explore three different options: spending time with pets, socializing with friends, and reading.",1,AI,28,short,human_vs_ai_sentences
I guarantee you it would be the passenger even though they didn't do anything wrong.,0,Human,15,short,human_vs_ai_sentences
Students can make thier own decisions when it come to how they want attend school.,0,Human,15,short,human_vs_ai_sentences
Its not the schools job to provide extra clubs they can offer clubs but they should not be able to force you to join a club.,0,Human,26,short,human_vs_ai_sentences
I got to ship 335 horses and enough food to feed them to Greece.,0,Human,14,short,human_vs_ai_sentences
"The younger generation, who grew up with these technologies, have adopted and adapted them in new and innovative ways, leading to transformative changes in social behavior, language, and culture.",1,AI,29,short,human_vs_ai_sentences
"Moreover, students must balance sports, jobs, homework, and extra curricular activities.",0,Human,11,short,human_vs_ai_sentences
The author supports his idea pretty well because he shows a lot of evidence on how we could explore it first and what could happen.,0,Human,25,short,human_vs_ai_sentences
"This can result in feelings of embarrassment and self-consciousness, which can negatively impact their social skills and self-esteem.",1,AI,18,short,human_vs_ai_sentences
It is not good at all.,0,Human,6,very_short,human_vs_ai_sentences
"If you only talk to one person and you just go off of what they tell you, your decision is going to be bias.",0,Human,24,short,human_vs_ai_sentences
"I showed her the moves outback and she started to get the hang of it,and now she's been practicing on the moves for weeks,and finally uses them in the game.",0,Human,30,short,human_vs_ai_sentences
"For example, when deciding on a new hobby, I sought out the opinions of my friends and family.",1,AI,18,short,human_vs_ai_sentences
"In my opinon the odds of defult outcome in Electoral College is the same as the odds there would be in popular vote for the United States

Past presidents like Bod Dole, Richard Nixon, and Jimmy Carter even agreed to destory the Electoral College.",0,Human,44,medium,human_vs_ai_sentences
One of the main reasons for this is the rise of social media.,1,AI,13,short,human_vs_ai_sentences
Driverless cars should not be in development for the follow reasons: malifunction error of the system or programming and not enough regulations for driverless cars.,0,Human,25,short,human_vs_ai_sentences
I am aganist the Elctoral College because it is unfair to voters and the voters don't vote for the Presidant they vote for the slate of electors.,0,Human,27,short,human_vs_ai_sentences
"On the other hand, there are also several disadvantages to using phones in the classroom.",1,AI,15,short,human_vs_ai_sentences
You could see the acropolis in Greece.,0,Human,7,very_short,human_vs_ai_sentences
Use reusable bags!,1,AI,3,very_short,human_vs_ai_sentences
"Of this, about $2,700 is spent on gas.",1,AI,8,very_short,human_vs_ai_sentences
"Relating to where I talked about the activity or a friend helping get your mind off something, you could also help someone else if they are in the same shoes as you.",0,Human,32,medium,human_vs_ai_sentences
"An

How some should act at all times.",0,Human,8,very_short,human_vs_ai_sentences
It's just not fair.,1,AI,4,very_short,human_vs_ai_sentences
"They are more likely to attend class, complete assignments on time, and participate in extracurricular activities.",1,AI,16,short,human_vs_ai_sentences
"It`s great that we had to choose the college of our choice, but the questions and the rubric was unclear.",0,Human,20,short,human_vs_ai_sentences
Well that's all..,0,Human,3,very_short,human_vs_ai_sentences
I'm starting to understand how difficult it is to get good at Fortnite without practicing retakes - something I'm definitely going to be doing a lot of!,1,AI,27,short,human_vs_ai_sentences
"For example, Steve Jobs, the co-founder of Apple, took a risk by introducing new products such as the iPhone and iPad.",1,AI,21,short,human_vs_ai_sentences
There are a number of advantages to limiting car usage.,1,AI,10,very_short,human_vs_ai_sentences
"Personal stories:
Now, I know I haven't failed as much as those guys, but I have definitely experienced my fair share of failures.",1,AI,23,short,human_vs_ai_sentences
"For example, if a celebrity makes a mistake, the media is quick to report on it.",1,AI,16,short,human_vs_ai_sentences
Gas emissions are hurting the environment and smog continues to grow.,0,Human,11,short,human_vs_ai_sentences
When I moved into the neighborhood he didn't even say hello; he just walked by with a scowl on his face.,1,AI,21,short,human_vs_ai_sentences
"Lastly, the prompt asks us to analyze how students",1,AI,9,very_short,human_vs_ai_sentences
Does the evidence demonstrate an impact to car companies?,0,Human,9,very_short,human_vs_ai_sentences
They might want to have a job and trying to go for what they want to do later in life.,0,Human,20,short,human_vs_ai_sentences
This can lead to greater success in the long run.,1,AI,10,very_short,human_vs_ai_sentences
"For example, I once failed an important test in my math class, which made me feel like I was a failure as a student.",1,AI,24,short,human_vs_ai_sentences
"Cars are expensive to purchase, maintain, and insure.",1,AI,8,very_short,human_vs_ai_sentences
"But, like, that's where technology comes in.",1,AI,7,very_short,human_vs_ai_sentences
These decisions effect your life.,0,Human,5,very_short,human_vs_ai_sentences
"Those who are using them, should have consequences.",0,Human,8,very_short,human_vs_ai_sentences
I urge you to support abolishing the Electoral College and electing the President of the United States by popular vote.,1,AI,20,short,human_vs_ai_sentences
"One example that comes to mind is school, with technology and the internet becoming more accessable to others, schools are now considering offering online classes that students can take at home.",0,Human,31,medium,human_vs_ai_sentences
"If my principle changed the rule for sports that you have to have at least B average, i think it would make my school a better school because people love to play sports which means they would try as hard as possible to maintain a B average.",0,Human,47,medium,human_vs_ai_sentences
"By having a positive attitude, people can be better prepared for any situation and have the energy and enthusiasm to stay the course.",1,AI,23,short,human_vs_ai_sentences
The important tecnology in this spining sensor roof.,0,Human,8,very_short,human_vs_ai_sentences
They would get more scientists interested in making technology for space travel.,0,Human,12,short,human_vs_ai_sentences
University education is an important part of the American education system.,1,AI,11,short,human_vs_ai_sentences
What do you think?,1,AI,4,very_short,human_vs_ai_sentences
Hey there!,1,AI,2,very_short,human_vs_ai_sentences
-Andrew.,0,Human,1,very_short,human_vs_ai_sentences
"This quote is applicable to my own life because I believe that in order to achieve success and fulfillment, one must be willing to step outside of their comfort zone and take risks.",1,AI,33,medium,human_vs_ai_sentences
My school is also considering to adoted this model.,0,Human,9,very_short,human_vs_ai_sentences
"We can gather alot of information by technology, but if we get someone there to see everything with their own eyes and be able to explain things can cause more information to be taken in.",0,Human,35,medium,human_vs_ai_sentences
"The Face on Mars is in fact not created by aliens, but a natural land form.",0,Human,16,short,human_vs_ai_sentences
"While some people believe that young people have more fun and live life to the fullest, others argue that older people have more wisdom and experience, and thus, a greater appreciation of life.",1,AI,33,medium,human_vs_ai_sentences
Car ownership is allowed but there are few places to park large garages and the edge of development.,0,Human,18,short,human_vs_ai_sentences
teachers can design projects to help students get better with work in school and if students where to be in control of this project they would make the project about something off topic or something that is not about what they learned in school.,0,Human,44,medium,human_vs_ai_sentences
The Electoral College was created in 1787 as a compromise between those who wanted the president to be elected by Congress and those who wanted the president to be elected by a popular vote of the people.,1,AI,37,medium,human_vs_ai_sentences
But NASA came up with a idea.,0,Human,7,very_short,human_vs_ai_sentences
Students might prefer eat a hamburger than a salad.,0,Human,9,very_short,human_vs_ai_sentences
"Sincerely,

[Your Name]",1,AI,3,very_short,human_vs_ai_sentences
"This means being gentle with ourselves when we make mistakes, and not letting our failures define us.",1,AI,17,short,human_vs_ai_sentences
"However, I believe that technology has made life more convenient in many ways.",1,AI,13,short,human_vs_ai_sentences
We tend to believe in the 'juicy' filled drama.,0,Human,9,very_short,human_vs_ai_sentences
"If the computer sees that a student is sad or mad, its not going to make them feel better.",0,Human,19,short,human_vs_ai_sentences
"While its ability to keep people connected is undeniably valuable, it is important to be mindful of the negative effects of technology that it can create and take the necessary steps to mitigate them.",1,AI,34,medium,human_vs_ai_sentences
"NASA was confident that it was a formation as well after posting it on their website they captioned "" A huge rock formation"" this shows that the majority of NASA believe this as well.",0,Human,34,medium,human_vs_ai_sentences
One persons advice can have misleading actions but multiple advice can have a positive or negative action as well.,0,Human,19,short,human_vs_ai_sentences
"It's like, so much more affordable.",1,AI,6,very_short,human_vs_ai_sentences
"In his famous statement, Winston Churchill declared, ""Success is not final, failure is not fatal: it is the courage to continue that counts."" This speaks to the important role that failure can play in the pursuit of success – a notion that is especially relevant for ESL students.",1,AI,48,medium,human_vs_ai_sentences
Even almost about 30 people had their car impounded for having a bad reaction over the small fine.,0,Human,18,short,human_vs_ai_sentences
"For example, increased stress and decreased productivity may result from having too many breaks or from not being able to catch up on missed work during",1,AI,26,short,human_vs_ai_sentences
"You may think, that will never happen to me, well an accident can happen to anybody, any time, and anywhere.",0,Human,20,short,human_vs_ai_sentences
v.,0,Human,1,very_short,human_vs_ai_sentences
"In conclusion, while education in high school is crucial for setting a strong foundation for a student's future career path, committing to a career too early on",1,AI,27,short,human_vs_ai_sentences
"Perhaps, there was no system.",0,Human,5,very_short,human_vs_ai_sentences
"One effective strategy is to establish a routine and schedule for online classes, which can help students stay organized and on track with their coursework.",1,AI,25,short,human_vs_ai_sentences
"In addition to reducing emissions, limiting car usage can also help alleviate traffic congestion.",1,AI,14,short,human_vs_ai_sentences
"Today in the world, are you happy?",0,Human,7,very_short,human_vs_ai_sentences
"I think that the facial action codeing system is valuable, because it could help people everywhere.",0,Human,16,short,human_vs_ai_sentences
our world is different.,0,Human,4,very_short,human_vs_ai_sentences
Judge Richard A.,1,AI,3,very_short,human_vs_ai_sentences
nhtsa.,0,Human,1,very_short,human_vs_ai_sentences
Let's all make an effort to drive less and live more sustainably.,1,AI,12,short,human_vs_ai_sentences
"In source one: ""In german Suburb, Life Goes On Without Cars."" the writer Elizabeth Rosenthal states that they got rid of street parking, driveway and home garages are forbiden.",0,Human,29,short,human_vs_ai_sentences
This is an important fact to know.,1,AI,7,very_short,human_vs_ai_sentences
"Pollution is a very bad issue, and people driving cars do not help at all.",0,Human,15,short,human_vs_ai_sentences
"More opinions from others will help you in the long run, because you'll end up having no regrets.",0,Human,18,short,human_vs_ai_sentences
"However, this program is 100% useless.",0,Human,6,very_short,human_vs_ai_sentences
"When you have a positive outlook on life, you tend to focus on the good things rather than the bad.",1,AI,20,short,human_vs_ai_sentences
"This can include books, music, and other forms of art.",1,AI,10,very_short,human_vs_ai_sentences
"This includes the cost of gas, insurance, maintenance, and parking.",1,AI,10,very_short,human_vs_ai_sentences
"This is because a nation whose citizens are well taken care of is more likely to have a healthy and productive population, which in turn makes it more likely to achieve great things in the long run.",1,AI,37,medium,human_vs_ai_sentences
It can make a big difference!,1,AI,6,very_short,human_vs_ai_sentences
.,0,Human,1,very_short,human_vs_ai_sentences
"This, in turn, leads to increased economic output and improved standards of living.",1,AI,13,short,human_vs_ai_sentences
"Or else, it could end up like that.",0,Human,8,very_short,human_vs_ai_sentences
"This puts both the driver and the people around them at risk, and it's just not worth it.",1,AI,18,short,human_vs_ai_sentences
"When this happens, it undermines public confidence in our democratic system.",1,AI,11,short,human_vs_ai_sentences
"So to many the Electoral College is unfair to the voters, because od the system ''winer-takes-all.''...",0,Human,16,short,human_vs_ai_sentences
"Furthermore, student-designed projects prepare students for the real world.",1,AI,9,very_short,human_vs_ai_sentences
"Dear Senator,

I believe that voting for the President of the United States should be based on the present idea of the Electoral College.",0,Human,24,short,human_vs_ai_sentences
"Early Life and Failures:

Born on November 30, 1874, in Blenheim Palace, Churchill's early life was marked by several setbacks.",1,AI,20,short,human_vs_ai_sentences
No matter what go with your gut.,0,Human,7,very_short,human_vs_ai_sentences
"In recent years, advances in technology have made it possible to create facsimiles of original works of art and historical documents that were once inaccessible to the general public.",1,AI,29,short,human_vs_ai_sentences
"If the people had a vote  on who is president it would be very simplier, than the Electoral College when they have a tie, we would not have to bounce the decision, we could radomly choose one state and let them vote to see who the president is for 4 years.",0,Human,51,medium,human_vs_ai_sentences
So please join and help those in need of you help.,0,Human,11,short,human_vs_ai_sentences
Students not paying attention in class can lead to their grades dropping.,0,Human,12,short,human_vs_ai_sentences
"In conclusion, school doesn't come easy to everyone.",0,Human,8,very_short,human_vs_ai_sentences
"I think you can change your attitude if you, like, try hard enough.",1,AI,13,short,human_vs_ai_sentences
Teachers expect us to want to do everything that they assign and thats not always true.,0,Human,16,short,human_vs_ai_sentences
"Gas cars that create pollution are a thing of the past, we are moving to electric cars, bicycles, and more; the future is changing and its for our own benefits.",0,Human,30,short,human_vs_ai_sentences
"But,  there are also some downsides to aiming high.",1,AI,9,very_short,human_vs_ai_sentences
"While both are valuable, knowledge is more important than imagination.",1,AI,10,very_short,human_vs_ai_sentences
"""...companies like Ford and Mercedes are already rebranding themselves ""mobility"" companies with a broader product range beyond the personal vehicle.""

This quote from the article 'The End of Car Culture' by Elisabeth Rosenthal, shows that car companies are trying to stay ahead of their competition.",0,Human,45,medium,human_vs_ai_sentences
The people will do the voting for them.,0,Human,8,very_short,human_vs_ai_sentences
The computer could change the chapter or less he or she is confused with so they could understand it better.,0,Human,20,short,human_vs_ai_sentences
In the text it describes how it can take the learning games and make them funner and more interacting .,0,Human,20,short,human_vs_ai_sentences
Community development is one thing that the young people normally assosiate themselves with these days.,1,AI,15,short,human_vs_ai_sentences
Thank you for considering my opinion.,0,Human,6,very_short,human_vs_ai_sentences
That shouldn't be an excuse.,0,Human,5,very_short,human_vs_ai_sentences
"Working on assignments as part of a team can also help students develop their social and communication skills, as well as their ability to work as part of a cohesive group.",1,AI,31,medium,human_vs_ai_sentences
"First and foremost, distance learning allows students to learn at their own pace.",1,AI,13,short,human_vs_ai_sentences
"By being resilient, inspired, and",1,AI,5,very_short,human_vs_ai_sentences
"I've got it down, so why not just stick with what I know?"" But, let me tell you, working beyond what you've already mastered can actually be super beneficial for your growth and success.",1,AI,34,medium,human_vs_ai_sentences
When actually it could prevent you make the right choice.,0,Human,10,very_short,human_vs_ai_sentences
You would then take everyones opinion and see the pros and cons for the food you want to try.,0,Human,19,short,human_vs_ai_sentences
Some people think its cool but I am not sure.,1,AI,10,very_short,human_vs_ai_sentences
"In addition, some communities do not have adequate infrastructure for walking, biking, or public transportation.",1,AI,15,short,human_vs_ai_sentences
"Plus, who doesn't love having more time to sleep in or hang out with friends?",1,AI,15,short,human_vs_ai_sentences
"Like, think about it.",1,AI,4,very_short,human_vs_ai_sentences
"By making the online school an option, Generic_Name can work on her work and talk to her friends at a later time because her friends will be at school.",0,Human,29,short,human_vs_ai_sentences
Teacher-designed projects might not be as fun or interesting to us.,1,AI,11,short,human_vs_ai_sentences
"Also, distance learning is way more convenient.",1,AI,7,very_short,human_vs_ai_sentences
That's a big deal.,0,Human,4,very_short,human_vs_ai_sentences
"Second, education is important for personal growth.",1,AI,7,very_short,human_vs_ai_sentences
I am very much against the idea of putting my life on a machinge.,0,Human,14,short,human_vs_ai_sentences
"In the text it stated, GM has developed driver's seats that vibrate when the vehicle is in danger of backing into an object."" What if the diver gets use to the vibration and not wake up?",0,Human,36,medium,human_vs_ai_sentences
As well as having many options for students to pick from over the summer so they are not limited to or only have one option to chose from.,0,Human,28,short,human_vs_ai_sentences
"When we try to make things more complex, we often end up introducing unnecessary steps or features.",1,AI,17,short,human_vs_ai_sentences
But think of this: how many kids actually want to do community service.,0,Human,13,short,human_vs_ai_sentences
"😅

But, here's the thing...",1,AI,5,very_short,human_vs_ai_sentences
"Fourth, the Electoral College is a relic of the past.",1,AI,10,very_short,human_vs_ai_sentences
"Schools can help students understand the importance of committing to a career by providing hands-on job activities and internships, as well as career guidance.",1,AI,24,short,human_vs_ai_sentences
"While people drive in cars constantly it creates more carbon emmisions destroying our air and environment, but on the other hand more biking causes less traffic build up, healthier, and more businesses open up in walking distance because of the magnitude of participants walking/biking.",0,Human,44,medium,human_vs_ai_sentences
"Additionally, social media platforms such as Facebook and Instagram could be used to promote the club and provide updates on upcoming meetings and assignments.",1,AI,24,short,human_vs_ai_sentences
Many people believe that online school gives students more time for other outside of school activities.,0,Human,16,short,human_vs_ai_sentences
"This type of problem-solving ability is important in many fields, including business and engineering.",1,AI,14,short,human_vs_ai_sentences
"i know a cell phone helps communication goes on but, it's dangers.",0,Human,12,short,human_vs_ai_sentences
Ring!,0,Human,1,very_short,human_vs_ai_sentences
"First and foremost, limitations will seriously reduce the emission of greenhouse gas and the production of smog caused by diesel fumes.",0,Human,21,short,human_vs_ai_sentences
Introduction: Making a good first impression is incredibly important.,1,AI,9,very_short,human_vs_ai_sentences
"For many students, attending classes from home can be an ineffective way to learn.",1,AI,14,short,human_vs_ai_sentences
"Sincerely,

[Your Name]",1,AI,3,very_short,human_vs_ai_sentences
For example if NASA's wants to send people they should find ways where they can walk in Venus but keep the people safe.,0,Human,23,short,human_vs_ai_sentences
Jazz remains an important part of our lives today due to its timelessness – it’s always changing yet still recognizable from one era to another making it both classic yet new again with each generation that discovers it anew!.,1,AI,39,medium,human_vs_ai_sentences
I agree because all students should do something fun and move around.,0,Human,12,short,human_vs_ai_sentences
For example you ask someone what the best food is at a restaurant you have never been to before.,0,Human,19,short,human_vs_ai_sentences
"There is one on Mars that is assumed to be made by aliens but, it is not.",0,Human,17,short,human_vs_ai_sentences
"Thousands of anxious web surfers were waiting when the image first appeared on a JPL web site, revealing.",0,Human,18,short,human_vs_ai_sentences
"If you are a student who wants to pursue a master's degree in the field of your choice, you should be aware of the fact that you will not be able to do so if you do not have a good academic background.",1,AI,43,medium,human_vs_ai_sentences
"This is an opportunity of the time, and the author is trying to inform us that we should take the opportunity and explore.",0,Human,23,short,human_vs_ai_sentences
"First, advertisements often use exaggerated or unrealistic images to sell their products.",1,AI,12,short,human_vs_ai_sentences
"Researching different career paths: Students can use resources such as career counseling services, online research, and informational interviews to learn more about different career paths and determine which one is the best fit for them.",1,AI,35,medium,human_vs_ai_sentences
"Sincerely,

[Your Name]",1,AI,3,very_short,human_vs_ai_sentences
"I chose to restore a two piston, five horse power motor.",0,Human,11,short,human_vs_ai_sentences
The Effects of Overpopulation on the Environment.,1,AI,7,very_short,human_vs_ai_sentences
That a mistake don't stop you of achieve your goals.,0,Human,10,very_short,human_vs_ai_sentences
"Introducing this program to the population will allow for money that has been worked hard for, be thrown down the drain.",0,Human,21,short,human_vs_ai_sentences
This single event plays an essential role in maintaining population levels since without it many butterfly species would be lost over time due to changing climates or other environmental factors such as pesticide use by humans damaging plant populations that serve as food sources for larvae.,1,AI,46,medium,human_vs_ai_sentences
He is showing what he has received from the books he read.,0,Human,12,short,human_vs_ai_sentences
Their rounded edges and uneven textures are characteristic of weathering without artificial precision.,1,AI,13,short,human_vs_ai_sentences
"A mother of two and resident of the area, Heidrun Wlater, says, ""When I had a car I was always tense.",0,Human,21,short,human_vs_ai_sentences
How do we know what's right and what's wrong?,1,AI,9,very_short,human_vs_ai_sentences
"Sincerely,

[Your Name]",1,AI,3,very_short,human_vs_ai_sentences
"But, there are only ever two places to park.",0,Human,9,very_short,human_vs_ai_sentences
"Second, the Electoral College makes it more difficult for third-party candidates to win.",1,AI,13,short,human_vs_ai_sentences
"Those scientests didn't look in to it because it says ""become a pop icon"" and people think that they know stuff about it and really they don't.",0,Human,27,short,human_vs_ai_sentences
"that way they can at least try to pick it up every once in a while, they could also get different students every time.",0,Human,24,short,human_vs_ai_sentences
"If you are looking for ways to improve your health and the environment, consider limiting your car usage.",1,AI,18,short,human_vs_ai_sentences
These parks are an important part of our communities and should be preserved and protected for future generations to enjoy.,1,AI,20,short,human_vs_ai_sentences
Modern technology has undeniably made life more convenient.,1,AI,8,very_short,human_vs_ai_sentences
"If more places created regulations like these, it may drastically change the environment, for the better.",0,Human,16,short,human_vs_ai_sentences
that you know would give there best advise possible.,0,Human,9,very_short,human_vs_ai_sentences
People in Europe have started this new trend of having different suburbs to not have cars.,0,Human,16,short,human_vs_ai_sentences
Even if there is not a lot there would still be people that would want to help out the school of SCHOOL_NAME.,0,Human,22,short,human_vs_ai_sentences
Make sure to talk to someone when you need some advice for your problems.,0,Human,14,short,human_vs_ai_sentences
America is already lowering it's car usage by it's self.,0,Human,10,very_short,human_vs_ai_sentences
Why is asking people for their opinions a good thing and how does it sometimes help you make better choices?,0,Human,20,short,human_vs_ai_sentences
"Third, limiting car usage can help to save money.",1,AI,9,very_short,human_vs_ai_sentences
Being a Seagoing Cowboy is amazing.,0,Human,6,very_short,human_vs_ai_sentences
The school could tutor the elementary kids with math and reading.,0,Human,11,short,human_vs_ai_sentences
Well i think otherwise.,0,Human,4,very_short,human_vs_ai_sentences
"In short, knowledge is often seen with more respect, while an overactive imagination may cause a person to be seen as flighty or lacking seriousness.",1,AI,25,short,human_vs_ai_sentences
One of the most important functions of the university education is to prepare students for the workforce.,1,AI,17,short,human_vs_ai_sentences
Even if s/he is the best player on the team.,0,Human,10,very_short,human_vs_ai_sentences
Hey there!,1,AI,2,very_short,human_vs_ai_sentences
"PROPER_NAME

CLASS_NAME

PROPER_NAME

October 24, 2018.",0,Human,6,very_short,human_vs_ai_sentences
"For one, playing catch is a good activity to enjoy with others, and to move around.",0,Human,16,short,human_vs_ai_sentences
"Additionally, peer mentoring can also help older students to develop a sense of purpose and fulfillment in their education.",1,AI,19,short,human_vs_ai_sentences
"As such, you will gain insights about various customs unique only within certain pockets around the world—a valuable asset when visiting multiple locations at once during vacation trips or business visits alike!.",1,AI,32,medium,human_vs_ai_sentences
This has allowed people to feel less anxious and safer in their own homes.,1,AI,14,short,human_vs_ai_sentences
"Hearing new or forgotten opinions from people with different views, different ages, and coming from different backgrounds, can all be morphed together to conclude your final opinion.",0,Human,27,short,human_vs_ai_sentences
"This can limit their future job opportunities and earning potential, perpetuating the cycle of poverty.",1,AI,15,short,human_vs_ai_sentences
If you watch YouTube a lot then you might like it because if you don't like the ad you can frown and the next time you won't watch the same ad and you might like that ad.,0,Human,37,medium,human_vs_ai_sentences
"It will provide a sense of accomplishment, not just for NASA, but for everyone who wants to know what is living on places outside of Earth.",0,Human,26,short,human_vs_ai_sentences
"In this essay, I will provide reasons and examples to support my opinion.",1,AI,13,short,human_vs_ai_sentences
"Sincerely,

STUDENT_NAME",0,Human,2,very_short,human_vs_ai_sentences
"I also play sports year-round, and I have boy scout meetings once a week.",0,Human,14,short,human_vs_ai_sentences
"However, the team has also made some impressive signings and investments in young talent, which has helped to rebuild the squad and restore their competitiveness.",1,AI,25,short,human_vs_ai_sentences
"I decided to write you this letter because in the future I want to be a doctor, so I want to have experience working with a doctor or at least see how they work.",0,Human,34,medium,human_vs_ai_sentences
This is one area my parents constantly talk about when teaching me how to drive.,0,Human,15,short,human_vs_ai_sentences
"A's are great and B's are good, and that C's are passing but are not the best everyone can do but not every is a genius.",0,Human,26,short,human_vs_ai_sentences
We should not have them.,0,Human,5,very_short,human_vs_ai_sentences
"The feeling of being proud to drive yourself around will over power the easiness of having a car, just drive you.",0,Human,21,short,human_vs_ai_sentences
"With the planet facing a variety of environmental issues, such as global warming and resource depletion, it is more important than ever that people make conscious efforts to be sustainable in their lifestyle choices.",1,AI,34,medium,human_vs_ai_sentences
"Electoral College is a horrible strategy, because voters are not actually voting for the President, they are voting for a slate of electors.",0,Human,23,short,human_vs_ai_sentences
Students can go on websites to gather information or have a sister or brother help maybe parents.,0,Human,17,short,human_vs_ai_sentences
"First of all, people have known for years that cars are a large source of air pollution.",0,Human,17,short,human_vs_ai_sentences
"Also, in a room of twenty or more kids students lack the one on one help needed from the teacher.",0,Human,20,short,human_vs_ai_sentences
The Internet has experienced vast growth in the last two decades as cell towers and broadband companies have become more abundant.,0,Human,21,short,human_vs_ai_sentences
So thank you in advance.,0,Human,5,very_short,human_vs_ai_sentences
That place was sure amazing.,0,Human,5,very_short,human_vs_ai_sentences
This being said it’s important not only to focus on diet and exercise but also actively seek out ways in which one can reduce stress levels by taking part in calming activities such as mindful breathing exercises or journaling about positive experiences each day.,1,AI,44,medium,human_vs_ai_sentences
"Furthermore, universities should offer a variety of extracurricular activities, such as debates, guest lectures, and student organizations, to help students develop their communication, leadership, and problem-solving skills.",1,AI,27,short,human_vs_ai_sentences
When a student is able to choose a subject they are actually interested in they are able to be more creative and hands on.,0,Human,24,short,human_vs_ai_sentences
Please take this into consideration.,0,Human,5,very_short,human_vs_ai_sentences
Such studies provide invaluable information about how climate change influences an animal’s ability to survive and reproduce successfully – both species essential qualities if conservationists hope to maintain healthy polar bear populations into future generations despite changing environmental conditions brought on by global warming trends.,1,AI,45,medium,human_vs_ai_sentences
Summer projects can be really useful and can help a student learn when it is designed by teacher.,0,Human,18,short,human_vs_ai_sentences
"For example, students who participate in art classes are encouraged to use their imagination and create something that is entirely their own.",1,AI,22,short,human_vs_ai_sentences
"For those who want an even more detailed workout, there are specialized classes dedicated solely to stretching exercises focusing on specific areas of the body; these classes typically involve lying down on mats or using assistive props such as blocks or straps for balance during certain positions.",1,AI,47,medium,human_vs_ai_sentences
It is very important because maturity determines what kind of student you are and what kind of adult you will be when you get older.,0,Human,25,short,human_vs_ai_sentences
"As to Per Say for example you would have school from 8:30am - 2:30pm and from 3pm - 4:30pm you would have practice and then from 5pm - 7pm you would have time for friends but As well after that, the rest of night if you had homework that night you would do it.",0,Human,54,medium,human_vs_ai_sentences
So isnt it the obvious choice?,0,Human,6,very_short,human_vs_ai_sentences
This broader set of information gives you a more comprehensive understanding of the choice at hand.,1,AI,16,short,human_vs_ai_sentences
Then our governor prepares a certificate of ascertainment they all so decllare the winning presidential candidate.,0,Human,16,short,human_vs_ai_sentences
I certainly had better field trips but it was alright.,0,Human,10,very_short,human_vs_ai_sentences
"Furthermore, relying solely on facial expressions to gauge emotions may not accurately capture the complex emotional states of students.",1,AI,19,short,human_vs_ai_sentences
"Even when we're alone, we're still connected to the world.",1,AI,10,very_short,human_vs_ai_sentences
Curfews are a common practice among parents and guardians of teenagers.,1,AI,11,short,human_vs_ai_sentences
Cooperation fosters understanding and respect between people.,1,AI,7,very_short,human_vs_ai_sentences
"In conclusion, there are many advantages to limiting car usage.",1,AI,10,very_short,human_vs_ai_sentences
The limitation of car usage betters the environment.,0,Human,8,very_short,human_vs_ai_sentences
"Despite these obstacles, the author argues that studying Venus is important because it can help us understand the effects of climate change on Earth.",1,AI,24,short,human_vs_ai_sentences
They may not know what organizations to volunteer with or what issues to focus on.,1,AI,15,short,human_vs_ai_sentences
We shuld be focusing on giving them more resources and support instead of adding more things to their plate.,1,AI,19,short,human_vs_ai_sentences
"However, technology can also lead to distraction and over-dependence – people can become overwhelmed by the vast number of tasks and end up spending an excessive amount of time on their devices trying to stay on top of their workload.",1,AI,40,medium,human_vs_ai_sentences
Driving deprives you of the beauty of civilization.,0,Human,8,very_short,human_vs_ai_sentences
"I agree, students should participate in after school activities because it's a way to express yourself and to get know other people, there is a big chance that you could make many friends as well.",0,Human,35,medium,human_vs_ai_sentences
Uniforms also make getting ready for school easier as parents no longer need worry about buying “trendy” clothes their child might not like after only wearing them once or twice before outgrowing them anyway; this ultimately saves money over time versus shopping constantly for new clothing amidst ever-changing fashion trends throughout childhood development stages.,1,AI,54,medium,human_vs_ai_sentences
Bush by a mere five electoral votes.,0,Human,7,very_short,human_vs_ai_sentences
"In order to effectively clean the house, I will need to plan my time and prioritize my tasks.",1,AI,18,short,human_vs_ai_sentences
"This proves that if our students participate in extracurricular activities, they are also more likely to impact their communities for the better which is why we need this policy in our school.",0,Human,32,medium,human_vs_ai_sentences
The electors are to be treated like a state for a purpose.,0,Human,12,short,human_vs_ai_sentences
"He said, ""Success is not final, failure is",1,AI,8,very_short,human_vs_ai_sentences
"I feel as though the Electoral College system is unfair, and irrational.",0,Human,12,short,human_vs_ai_sentences
It helps them to develop good study habits and to learn how to manage their time effectively.,1,AI,17,short,human_vs_ai_sentences
"Moreover, the Electoral College generally produces clear outcomes, averting the necessity for run-off elections (Judge Posner, para 22).",1,AI,18,short,human_vs_ai_sentences
"When too many people are driving on the road, it can create traffic jams that make it difficult to get around.",1,AI,21,short,human_vs_ai_sentences
"In fact, the state of Louisiana almost succeeded in replacing the Democratic electors with new electors who would oppose John F.",0,Human,21,short,human_vs_ai_sentences
"First, it is undemocratic.",1,AI,4,very_short,human_vs_ai_sentences
"Furthermore this newfound connection can even extend far beyond closing down an application after each session : Many players form strong friendships which transcend barriers both physical & mental which transcends into real life situations outside virtual realms , paving way for joyous meetups between strangers once thought impossible prior .",1,AI,51,medium,human_vs_ai_sentences
"So, why not save that money and start your life earlier?",1,AI,11,short,human_vs_ai_sentences
"It's like, we have to listen to each other's ideas and come to a consensus.",1,AI,15,short,human_vs_ai_sentences
Why not use it?,0,Human,4,very_short,human_vs_ai_sentences
"With Avid, students do not feel pressured to achieve their goals and can take any necessary challenges at their own pace.",1,AI,21,short,human_vs_ai_sentences
Can students benefit from being able to attend classes from home?,0,Human,11,short,human_vs_ai_sentences
Public transportation is also becoming increasingly popular.,1,AI,7,very_short,human_vs_ai_sentences
"I was able to access better education and job opportunities, which helped me to achieve my goals and build a better future for myself and my family.",1,AI,27,short,human_vs_ai_sentences
"It is not possible to go to the beach or the park without the car, and if you want to take a walk, you have to use the bus or a train.",1,AI,32,medium,human_vs_ai_sentences
"In addition to this, dogs are playful animals who enjoy being taken outside for walks or trips around town; not only does this give you some exercise but often leads to social interaction with other dog-owners which further enhances the quality of life!.",1,AI,43,medium,human_vs_ai_sentences
So wheres the water at?,0,Human,5,very_short,human_vs_ai_sentences
"Whatever the family decides, it is important that they make the decision based on what is best for the patient.",1,AI,20,short,human_vs_ai_sentences
"When you own a vehicle you put in so much money in just getting your insurance and then you spend so much money on gass every week, dont get me wrong the gas prices have gone down but what will happen when they go back up and how much money will the gas be then?",0,Human,55,medium,human_vs_ai_sentences
It?,0,Human,1,very_short,human_vs_ai_sentences
This could possibly be the first step for making school a better place for students to enjoy learning.,0,Human,18,short,human_vs_ai_sentences
"The Electoral College system also galvanizes the voters who do exercise their right despite their awareness that their single vote would unlikely tip the national scales, a testimony to their willingness to express political preference rather than indifference or disenchantment (23).",1,AI,41,medium,human_vs_ai_sentences
"The drawbacks, however, can be significant.",1,AI,6,very_short,human_vs_ai_sentences
These three reason are important because in future we can teach our kids about Venus so that they won't be suprised when they found out that Venus is a planet and it is the second planet from the sun.,0,Human,39,medium,human_vs_ai_sentences
All are designed to notify the driver when the road requires human skills.,0,Human,13,short,human_vs_ai_sentences
I want extracurricular activity because you can learn a lot of stuff in a little period of time.,0,Human,18,short,human_vs_ai_sentences
"If their are no problems with it, I think that this would be a very helpful tool for teachers and students.",0,Human,21,short,human_vs_ai_sentences
"First,for example some people prefer working in grougp because they would get extra help.",0,Human,14,short,human_vs_ai_sentences
They wonder how their going to get to their destination and the first thing that comes to mind is by car.,0,Human,21,short,human_vs_ai_sentences
"Diversity in perspective is greatly important because it gives you multiple solutions to a problem, eliminates the bias of a few people, and can be combined to former a stronger, more effective solution.",0,Human,33,medium,human_vs_ai_sentences
"When you are true to yourself, you may not always fit in with the expectations and norms of others.",1,AI,19,short,human_vs_ai_sentences
The Internet of Things (IoT) is an emerging technology with extraordinary potential to revolutionize many aspects of our lives.,1,AI,19,short,human_vs_ai_sentences
"It belongs in the past and should not decide who are president is going to be anymore because its not who the majority of people really want to be leading,it could cause a tie,and its unfair to voters.",0,Human,38,medium,human_vs_ai_sentences
"Colombias hiked,biked skated ot took buses to work.",0,Human,8,very_short,human_vs_ai_sentences
"For example, if a friend asks you if they look fat in a new outfit, it's better to be honest and tell them the truth rather than lying and leading them on.",1,AI,32,medium,human_vs_ai_sentences
"Generic_Name made a decision to stay after class and do the retakes and after 3 weeks Generic_Name has good grades and he try out for baseball and made the team.\

I agree that students should participate to after school classes or sports.",0,Human,42,medium,human_vs_ai_sentences
"We've learned that if we stop using cars and find other, more environmetally friendly ways of transporation, that our contribution to the pollution will decrease ten-fold.",0,Human,26,short,human_vs_ai_sentences
My final reason is that you will be more confident in your decision from seeking multiple opinions from other people.,0,Human,20,short,human_vs_ai_sentences
"Instead of it being 270 people out of 538, we should just have everyone one vote without Electors.",0,Human,18,short,human_vs_ai_sentences
"Also, think about how others opinions are going to help with making a better choice, and how its going to effect on what you choose to do.",0,Human,27,short,human_vs_ai_sentences
"Some might have a hard time focusing for long amounts of time, and do better with breaks throughout the day.",0,Human,20,short,human_vs_ai_sentences
"During this era, craftsmen found novel ways to express their holiday spirit through unique ornamentation techniques such as creating walnut shell ornaments for trees.",1,AI,24,short,human_vs_ai_sentences
An example for this would be if you had to choose between going to a track meet or going to your sister's birthday party.,0,Human,24,short,human_vs_ai_sentences
"In conclusion, i think that maintaining a C average to play on the school sports team or other activities the school offers.",0,Human,22,short,human_vs_ai_sentences
"Dear Senator,

I am writing to you as a concerned citizen of our great state to address a subject that has sparked much debate in recent years; the functionality of the Electoral College in presidential elections.",1,AI,36,medium,human_vs_ai_sentences
This helps combat issues like obesity and other health problems associated with sedentary lifestyles.,1,AI,14,short,human_vs_ai_sentences
This landform is very unique.,0,Human,5,very_short,human_vs_ai_sentences
They face less pressure from other students and teachers.,0,Human,9,very_short,human_vs_ai_sentences
"For example, my cousin was telling me about a time her friend almost drank at a party.",0,Human,17,short,human_vs_ai_sentences
Such displays can be shut off instantly when the driver needs to take over-something not available to a driver trying to text with a cell phone.,0,Human,26,short,human_vs_ai_sentences
"Furthermore, spending too much time on digital platforms can be damaging to mental health due to its tendency to create comparison traps or unrealistic expectations about what life should look like based on idealized images posted online.",1,AI,37,medium,human_vs_ai_sentences
"While a positive attitude does not guarantee success, it can provide the mental and emotional strength to keep going when times are tough.",1,AI,23,short,human_vs_ai_sentences
"For example the star football players father or mother might complain about his son with a C grade average not being able to play in the game this Saturday, and therefore he might pull his son out to another school and our school will loose it's reputation and cause many more problems like these.",0,Human,54,medium,human_vs_ai_sentences
"Unless, of course, you are an individual who likes to be concerned about clumps of rock.",0,Human,16,short,human_vs_ai_sentences
The author supports this idea well and its about studying is Venus is a worthy pursuit.,0,Human,16,short,human_vs_ai_sentences
"But, the thing is, we're relying too heavily on technology these days, and it's not good for us.",1,AI,18,short,human_vs_ai_sentences
So that is when he said to him self ''this could be the moment I had been waiting for in a long time''.,0,Human,23,short,human_vs_ai_sentences
"Similarly, a student who has a deep understanding of the principles of democracy can use this to analyze and evaluate the political systems of different countries, even if they do not know the specifics of each system.",1,AI,37,medium,human_vs_ai_sentences
"Until I put my ""bad habits"" into sports now I'm making better grades and I'm setting higher standards.",0,Human,18,short,human_vs_ai_sentences
"On the contrary, Venus does have large setbacks that could hold us back from doing so.",0,Human,16,short,human_vs_ai_sentences
"For instance, a student majoring in engineering may take a course in anthropology, which could spark an interest in cultural studies.",1,AI,21,short,human_vs_ai_sentences
Allowing students to bring their phones to school under Policy 1 would offer several benefits.,1,AI,15,short,human_vs_ai_sentences
"Along with these high temperatures, the planet has volcanoes and earthquakes.",0,Human,11,short,human_vs_ai_sentences
our environment needs to be clean every single day.,0,Human,9,very_short,human_vs_ai_sentences
"This simple act of seeking guidance can help build self-confidence and resilience and likewise, impart knowledge and wisdom from those who’ve gone through similar experiences.",1,AI,25,short,human_vs_ai_sentences
"Dear Senator,

I am writing to you today to express my strong support for abolishing the Electoral College and electing the President of the United States by popular vote.",1,AI,29,short,human_vs_ai_sentences
Yes even though there have sightings of UFO's or ( Unidentified Flying Object) the conspiracy theorists say that this face is an alien artifact but it states that the only reason why they say it is a feace is so more people are attracted to Mars.,0,Human,46,medium,human_vs_ai_sentences
"All i know is that he will , Survive !",0,Human,10,very_short,human_vs_ai_sentences
"To the principal:

(I'm assuming that, in policy 2, students will not be able to keep cell phones at school, even if they're off and in the lockers)

I believe that the idea of banning cell phones in school at all is absurd.",0,Human,43,medium,human_vs_ai_sentences
there are states such as rhode island and south carolina that are too small and other 25 of the largest media markets didnt get to vote.,0,Human,26,short,human_vs_ai_sentences
"On top of that, reducing the usage of vehicles would force you to find a new way to get to your destination.",0,Human,22,short,human_vs_ai_sentences
Hey there!,1,AI,2,very_short,human_vs_ai_sentences
A student may be good in one subject but struggle with another subject.,1,AI,13,short,human_vs_ai_sentences
It's better to just ask the students how they're feeling and let them express themselves in their own way.,1,AI,19,short,human_vs_ai_sentences
"So, technology...",1,AI,2,very_short,human_vs_ai_sentences
"By adopting a comprehensive approach that includes smarter urban planning, promoting alternative modes of transportation, and changing cultural perceptions about car ownership, we can create a future where cars are no longer the only means of getting around.",1,AI,38,medium,human_vs_ai_sentences
"Staring at a computer all day taking online classes, tests, or even a conference call would be a major impact on ones body therefore, attending classes would be way more safer and efficient than taking online classes.",0,Human,37,medium,human_vs_ai_sentences
"On the other hand, some argue that meditation and mindfulness practices have no place in schools.",1,AI,16,short,human_vs_ai_sentences
"It may be beneficial to speak with guidance counselors or teachers, as well as research the potential benefits and drawbacks of attending a three-year high school program, in order to make an informed decision that is best for their future.",1,AI,40,medium,human_vs_ai_sentences
But that also means there is alot of disadvantges to this as well.,0,Human,13,short,human_vs_ai_sentences
"Moreover, limiting car usage can have economic benefits.",1,AI,8,very_short,human_vs_ai_sentences
The unexpected might happen like a child ran in front the car and you hit them by accident but you did not know because you were so busy looking at your phone.,0,Human,32,medium,human_vs_ai_sentences
"Reading is a passive activity, while speaking is active.",1,AI,9,very_short,human_vs_ai_sentences
"Companies use exaggerated claims, attractive models, and clever marketing techniques to make their products seem more desirable than they really are.",1,AI,21,short,human_vs_ai_sentences
Just for the jets airplane travel at a higher altitude to fly ovwer many storms or anything thats going on and see how things happen why they happen and is there a pattern an which way they happen.,0,Human,38,medium,human_vs_ai_sentences
And if they are from different country or different culture.,0,Human,10,very_short,human_vs_ai_sentences
"To mark this occasion around the world, individuals are encouraged to observe a minute's silence at 12 noon local time - when bells toll across cities worldwide - as a reminder that true lasting security requires more than just military interventions but also human understanding and respect.",1,AI,47,medium,human_vs_ai_sentences
People use their phones while driving to keep in touch with some people when it can wait.,0,Human,17,short,human_vs_ai_sentences
"For those unfortunate enough to have taken out large loans to pay for college, life after graduation can be filled with anxiety and stress as they struggle to make payments on their mounting debts while still trying to find a job or support themselves on a limited salary.",1,AI,48,medium,human_vs_ai_sentences
"With innovative planning and attitude adjustments, societies around the world are beginning to shift from car dependence, a change that could bring significant advantages.",1,AI,24,short,human_vs_ai_sentences
Without cars we still would be riding horses.,0,Human,8,very_short,human_vs_ai_sentences
When the school year is finally over kids don't want to have to worry about more work that needs to be done.,0,Human,22,short,human_vs_ai_sentences
Its always smarter to have more than one resource when you need an opinion or some advice.,0,Human,17,short,human_vs_ai_sentences
disagreement between advisors also highlights where biases may exist.,1,AI,9,very_short,human_vs_ai_sentences
"Lastly, I would like to say that this point of view that the author is taking is a very good start, but thinking about the author feels versus the way every one else would feel puts this topic on hold.",0,Human,40,medium,human_vs_ai_sentences
If it was created by aliens NASA wouldn't want to be taking pictures of it.,0,Human,15,short,human_vs_ai_sentences
Another positive aspect of country living includes access to fresh produce from local farms and gardens.,1,AI,16,short,human_vs_ai_sentences
"With technology already being such an important institution in students' lives, I do not think that they would benefit very much from using online conferencing in place of an actual classroom.",0,Human,31,medium,human_vs_ai_sentences
If you wont to take action this is a good opertunity!,0,Human,11,short,human_vs_ai_sentences
"For example say if I wanted to make a video game club, but they won't allow me to make one.",0,Human,20,short,human_vs_ai_sentences
Just a natural landform.,0,Human,4,very_short,human_vs_ai_sentences
"On the other hand,some people agree with this statement.",0,Human,9,very_short,human_vs_ai_sentences
"With the help of teachers, students learn how to evaluate various sources of information, identify multiple perspectives on an issue, and weigh the evidence to arrive at a reasonable conclusion.",1,AI,30,short,human_vs_ai_sentences
"It's like, way less stressful!",1,AI,5,very_short,human_vs_ai_sentences
Decisions are sometimes tricky or difficult to make and often leave us with doubt or uneasiness.,0,Human,16,short,human_vs_ai_sentences
"However, this is often due to starting an exercise program too quickly or not properly warming up before engaging in physical activity.",1,AI,22,short,human_vs_ai_sentences
"In conclusion, while the concept of personal responsibility is often touted as a solution to life's problems, the reality is much more complicated.",1,AI,23,short,human_vs_ai_sentences
And businesses doesn't have students have a lot homework.,0,Human,9,very_short,human_vs_ai_sentences
"Also, ¨ In this way, the car-system is actually a safety feature, and safety is a big concern.¨ ( driverless cars are coming 8) seals the deal that driverless cars are a innovative new way to prevent accidents through cell phone use.",0,Human,42,medium,human_vs_ai_sentences
"In addition to the practical applications of AI, it also presents some interesting ethical dilemmas regarding using machines instead of people in certain situations.",1,AI,24,short,human_vs_ai_sentences
Other examples are like if you do community service you get extra points on your report cards.,0,Human,17,short,human_vs_ai_sentences
"Furthermore, climate change is a public health issue.",1,AI,8,very_short,human_vs_ai_sentences
"Childhood lays the foundation for essential skills, relationships, and beliefs that shape the person’s sense of identity for years to come.",1,AI,21,short,human_vs_ai_sentences
Some students this way might not pay attention.,0,Human,8,very_short,human_vs_ai_sentences
"This means that it is possible for a candidate to win the popular vote but lose the election, as happened in 2000 when George W.",1,AI,25,short,human_vs_ai_sentences
Limiting car usage can also promote social interaction.,1,AI,8,very_short,human_vs_ai_sentences
I've always wandered what caused a volcano to explode.,0,Human,9,very_short,human_vs_ai_sentences
"We have control over our actions and our reactions to the world around us, and so it stands to reason that we can shape our own character traits at least to some degree.",1,AI,33,medium,human_vs_ai_sentences
"Say there is a network crash, what will happen there.",0,Human,10,very_short,human_vs_ai_sentences
Using a cell phone violates that responsibility.,1,AI,7,very_short,human_vs_ai_sentences
"First, extracurricular activities are often highly personal.",1,AI,7,very_short,human_vs_ai_sentences
Above all the Electoral College avoid problems of the elections.,0,Human,10,very_short,human_vs_ai_sentences
"Furthermore, Judge Richard A.",1,AI,4,very_short,human_vs_ai_sentences
"With no sports , you have to ask your self well what exactly is there for these guys .",0,Human,19,short,human_vs_ai_sentences
Having someone there for us helps us get farther since we have more support.,0,Human,14,short,human_vs_ai_sentences
NASA's cameras are still in space and they are still searching.,0,Human,11,short,human_vs_ai_sentences
"But beyond its taste profile, what makes coffee so attractive?",1,AI,10,very_short,human_vs_ai_sentences
It desensitizes kids to violence.,1,AI,5,very_short,human_vs_ai_sentences
If the car still needs a driver then it should'nt be called a driverless car.,0,Human,15,short,human_vs_ai_sentences
"In conclusion, I think that using the Facial Action Coding System in a classroom could be very useful if implemented correctly.",1,AI,21,short,human_vs_ai_sentences
These stories have inspired me to consider how I can help others and make a positive impact in my own community.,1,AI,21,short,human_vs_ai_sentences
.,1,AI,1,very_short,human_vs_ai_sentences
This knowledge often comes in the form of connecting with shared interests or gaining a true understanding of the other person’s true character.,1,AI,23,short,human_vs_ai_sentences
"Therefore, in light of these realities, it is our duty as defenders of democracy to promote change, ensuring every vote counts equally and that the popular vote determines the Presidential election outcome.",1,AI,32,medium,human_vs_ai_sentences
Things should be possible to achieve not impossible.,0,Human,8,very_short,human_vs_ai_sentences
"For example, if you know you want to be a doctor since you were little, you can dedicate yourself to studying hard and gaining experience in the medical field through internships or volunteering.",1,AI,33,medium,human_vs_ai_sentences
"They are not afraid of taking risks, making mistakes, or learning from failures.",1,AI,13,short,human_vs_ai_sentences
I had a fun time helping people.,0,Human,7,very_short,human_vs_ai_sentences
"In addition to an interest increase comes a comprehension increase, because students who enjoy more comprehend more.",0,Human,17,short,human_vs_ai_sentences
It is the drivers responsibility not to risk their life nor the lives of others everyday people are dying from using their cellphone while driving.,0,Human,25,short,human_vs_ai_sentences
"It exposes you to more complete information from various angles, counters individual biases, and helps determine which guidance has crossed a threshold of agreed soundness.",1,AI,25,short,human_vs_ai_sentences
"Seeking multiple opinions can help find which ideas that match, and which ones are way out of place.",0,Human,18,short,human_vs_ai_sentences
"I think working in groups is more beneficial and good for many reasons because; we collaborate and share ideas, it more fun and easy working together and get a chance to work with people we really dont talk to.",0,Human,39,medium,human_vs_ai_sentences
"In today's world, technology has become an integral part of our lives.",1,AI,12,short,human_vs_ai_sentences
After the school shuts down then you will have to lose your job.,0,Human,13,short,human_vs_ai_sentences
Taking other peoples advice and doing what they say may lead to a great outcome.,0,Human,15,short,human_vs_ai_sentences
If people didnt have cars they would be in need of some public transportation.,0,Human,14,short,human_vs_ai_sentences
I think in the end that this would be a good thing because it would make students want to try harder in school if they really like a sport and wanted to bring their grade up to be able to play this sport.,0,Human,43,medium,human_vs_ai_sentences
"You can't really determine that the ""face"" is actually a face.",0,Human,11,short,human_vs_ai_sentences
"📚

Secondly, experience is key!",1,AI,5,very_short,human_vs_ai_sentences
In 2000 the electoral college had something called the diasaster factor where there was a giant election crisis.,0,Human,18,short,human_vs_ai_sentences
We have the complete capability to make decisions for ourselves and we can not allow the principal to take away our freedom of choice.,0,Human,24,short,human_vs_ai_sentences
"Man, I enjoyed being a Seagoing Cowboy.",0,Human,7,very_short,human_vs_ai_sentences
Have you ever wanted to be apart of NASA or a scientist?,0,Human,12,short,human_vs_ai_sentences
"This leads to the creation of new ideas, products, and services that can benefit society as a whole.",1,AI,18,short,human_vs_ai_sentences
"In the eyes of many people, traveling by cars is the easiest to go by.",0,Human,15,short,human_vs_ai_sentences
This could help optimize students' learning experiences.,1,AI,7,very_short,human_vs_ai_sentences
"For children with disabilities, providing more resources and support is critical to give them the best chance of a successful life.",1,AI,21,short,human_vs_ai_sentences
Once citizens vote their vote is out of their hands.,0,Human,10,very_short,human_vs_ai_sentences
Talk about being healthy and making sure your body is running in a proper manner.,0,Human,15,short,human_vs_ai_sentences
"😅 For this essay, I'm gonna talk about how important it is to identify your career goals early on in life.",1,AI,21,short,human_vs_ai_sentences
"Dear Principal,

The students should be required perform community.",0,Human,9,very_short,human_vs_ai_sentences
"According to Source 3 by Andrew Selsky, the people of Bogota Columbia have been satisfied with the limitations of car usage in the city, the article states that ""it's a good way to take away stress and lower air pollution""source 3.",0,Human,41,medium,human_vs_ai_sentences
"Some things may be easier to see observe on Venus because it is so much like Earth, wrong, due to the weather and history, Venus isnt a walk in the park.",0,Human,31,medium,human_vs_ai_sentences
"It's a technology that allows us to create objects from digital designs using layers of material, such as plastic or metal, which are built layer upon layer until the desired shape is achieved.",1,AI,33,medium,human_vs_ai_sentences
"A grade B is higher than average, so if you are expecting your students to get higher than a C that is expecting them to work on their abilities that they might not be able to fix.",0,Human,37,medium,human_vs_ai_sentences
teletracnavman.,0,Human,1,very_short,human_vs_ai_sentences
It's something that he's probably always been into in his life!,0,Human,11,short,human_vs_ai_sentences
I am against the use of animals in scientific research.,1,AI,10,very_short,human_vs_ai_sentences
"While there are those who believe it is no longer possible to label someone a hero, I disagree.",1,AI,18,short,human_vs_ai_sentences
"In conclusion I think that the school board shouldn't add more hours of school because of the different consequences it gives to the students, teachers and the school.",0,Human,28,short,human_vs_ai_sentences
"Instead, they can design simple guidelines to allow for more flexibility within the project while also not having to create or approve individual student-designed projects.",0,Human,25,short,human_vs_ai_sentences
"On the other hand, when teachers design projects for students, they can be too structured and rigid.",1,AI,17,short,human_vs_ai_sentences
"Teenagers should have time to enjoy themselves and do things that interest them, rather then homework and school taking up majority of their time.",0,Human,24,short,human_vs_ai_sentences
Like I said earlier I think that students should only have to have a C average.,0,Human,16,short,human_vs_ai_sentences
"To begin with, asking others for help can benefit one in a situation by viewing a different point of view.",0,Human,20,short,human_vs_ai_sentences
If we take a look around us we try to save the Earth by recycling things that reusable.,0,Human,18,short,human_vs_ai_sentences
"But it could also just doom the school's students to furthermore think of themselves as ""I'm too dumb to do it, so I just won't.""

Well, that's the reason your the principal and not me.",0,Human,35,medium,human_vs_ai_sentences
Having autonomous cars will make soicety a better functioning place.,0,Human,10,very_short,human_vs_ai_sentences
Kids can be safer crossing a walk way and not in danger.,0,Human,12,short,human_vs_ai_sentences
"Generally speaking, craft beers are made with higher quality ingredients than mass-produced beers, such as malts and hops grown specifically for use in crafting unique flavors that aren’t found in more mainstream brews.",1,AI,33,medium,human_vs_ai_sentences
"As consumers become more aware of their impact on the environment, they are looking for ways to reduce it.",1,AI,19,short,human_vs_ai_sentences
They choose to mainly focus on the undecided states.,0,Human,9,very_short,human_vs_ai_sentences
A few scientists themselves thought that is wasn't just a landform but something more.,0,Human,14,short,human_vs_ai_sentences
"Secondly, Schweitzer's quote highlights the importance of consistency in behavior.",1,AI,10,very_short,human_vs_ai_sentences
This indicates it was part of a larger pattern of natural landforms shaped by wind and water erosion over eons.,1,AI,20,short,human_vs_ai_sentences
They may need a little work and enforcing this policy will give some students the drive to keep trying.,0,Human,19,short,human_vs_ai_sentences
The environmental benefits of reducing car usage are endless.,0,Human,9,very_short,human_vs_ai_sentences
Helping people whos citys were left in ruins.,0,Human,8,very_short,human_vs_ai_sentences
Fewer vehicles means reduced greenhouse gas emissions and air pollution.,1,AI,10,very_short,human_vs_ai_sentences
"As well, creativity stems from a sense of individuality.",0,Human,9,very_short,human_vs_ai_sentences
"First and foremost, students have the opportunity to begin focusing more seriously on the specific course of study most relevant to their chosen career and hone in on skills that will be required for their chosen field.",1,AI,37,medium,human_vs_ai_sentences
"For example, the National Popular Vote Interstate Compact, which has been adopted by 16 states, ensures that the president is elected by the candidate who receives the most popular votes across the country, while still maintaining the Electoral College system.",1,AI,40,medium,human_vs_ai_sentences
It's about sticking to something and seeing it through.,1,AI,9,very_short,human_vs_ai_sentences
"For the past few years, people have come to theories that the Electoral College is flawed.",0,Human,16,short,human_vs_ai_sentences
"It also happened in 2016, when Donald Trump won the presidency despite losing the popular vote to Hillary Clinton.",1,AI,19,short,human_vs_ai_sentences
No would be the most common answer.,0,Human,7,very_short,human_vs_ai_sentences
The people want more examples to understand the idea.,0,Human,9,very_short,human_vs_ai_sentences
I am Luke Bomberger and I was a former sea cowboy.,0,Human,11,short,human_vs_ai_sentences
"From her example, I learned the importance of having a positive attitude even during difficult times.",1,AI,16,short,human_vs_ai_sentences
So many people struggle with having to make such a diffcult choice.,0,Human,12,short,human_vs_ai_sentences
"The electoral college is irrational, and unfair.",0,Human,7,very_short,human_vs_ai_sentences
"Although this would not help our economy, the car industry will be troubled.",0,Human,13,short,human_vs_ai_sentences
Having a more open-mind can then lead to better choices and wisdom for the future.,0,Human,15,short,human_vs_ai_sentences
Modern technology has also improved our access to entertainment.,1,AI,9,very_short,human_vs_ai_sentences
"However, being inactive also has some benefits.",1,AI,7,very_short,human_vs_ai_sentences
Another reason to join is to make friends.,0,Human,8,very_short,human_vs_ai_sentences
"With an increasingly competitive job market and a tendency toward longer work hours, it is becoming more important for employers to take steps towards ensuring that their employees are mentally healthy and engaged at all times.",1,AI,36,medium,human_vs_ai_sentences
.,1,AI,1,very_short,human_vs_ai_sentences
It's like a puzzle!,1,AI,4,very_short,human_vs_ai_sentences
"Ultimately then, creative problem solving remains an essential part any attempt at tackling difficult challenges — no matter how big or small they may seem — since it offers a unique opportunityto make leaps forward through innovation instead just trying incrementally improve conditions within existing limits.",1,AI,46,medium,human_vs_ai_sentences
My brother and me are a great example of that.,0,Human,10,very_short,human_vs_ai_sentences
"It is obvious that the votes of the Electoral College do not accurately reflect the opinions of the people, and gives the citizens of our country poor representation in our government.",0,Human,31,medium,human_vs_ai_sentences
"The time is here, help our fellow friends and family.",0,Human,10,very_short,human_vs_ai_sentences
"Secondly, using cars less can save money for individuals and society as a whole.",1,AI,14,short,human_vs_ai_sentences
That way you get a more clear and sensible diagnosis that goes with your symptoms.,0,Human,15,short,human_vs_ai_sentences
Some may argue that no region has enough electoral votes to elect a president but regions do have the power to swing an election in an enourmous way.,0,Human,28,short,human_vs_ai_sentences
Which the state legislature are responsible for picking electors.....,0,Human,9,very_short,human_vs_ai_sentences
This leaves millions of Americans in other states feeling like their votes don't matter.,1,AI,14,short,human_vs_ai_sentences
"This could include scheduling extra study time with the student before they participate in the activity, creating individualized learning strategies, and connecting the student with a mentor who can work with them.",1,AI,32,medium,human_vs_ai_sentences
You should ask for advice because people have different opinions or they might just know what to do in your spot.,0,Human,21,short,human_vs_ai_sentences
Driverless cars would be expensive with all of those sensors?,0,Human,10,very_short,human_vs_ai_sentences
I think we should work on them more and make them even smarter than they already are.,0,Human,17,short,human_vs_ai_sentences
Jefferson's influence on the American Revolution cannot be overstated.,1,AI,9,very_short,human_vs_ai_sentences
"It allows us to live authentically, build genuine relationships, and make a positive impact on the world.",1,AI,17,short,human_vs_ai_sentences
"In conclusion, limiting car usage has numerous advantages, including the reduction of greenhouse gas emissions, improvement of air quality, promotion of public health, creation of more compact and accessible communities, and economic benefits.",1,AI,33,medium,human_vs_ai_sentences
"Additionally, online courses have lower tuition and provide an easier learning process.",1,AI,12,short,human_vs_ai_sentences
Community service is an important part of maintaining the health and vitality of our communities.,1,AI,15,short,human_vs_ai_sentences
"However, over time, it has become increasingly undemocratic.",1,AI,8,very_short,human_vs_ai_sentences
"Similarly, someone who is confident and assertive in one situation may appear anxious and unsure in another.",1,AI,17,short,human_vs_ai_sentences
It's like having a personal assistant in our pockets!,1,AI,9,very_short,human_vs_ai_sentences
"Another student that was popular in the Generic_School district named ""Generic_Name"", was always strong in most subjects except science.",0,Human,19,short,human_vs_ai_sentences
They can choke animals and pollute our waterways.,1,AI,8,very_short,human_vs_ai_sentences
There are many reasons why this is a good idea.,1,AI,10,very_short,human_vs_ai_sentences
"This ensures that candidates must consider the interests of both large and small states during their campaigns, preventing the neglect of smaller states' concerns.",1,AI,24,short,human_vs_ai_sentences
"Overall I think getting multiple opinions from different people will help people make a better choice,",0,Human,16,short,human_vs_ai_sentences
I got to keep a horse that i loved.,0,Human,9,very_short,human_vs_ai_sentences
.,1,AI,1,very_short,human_vs_ai_sentences
Next time you need advice ask your mom and dad or your sister and your brother.,0,Human,16,short,human_vs_ai_sentences
"In Bogotá, Colombia, car-free days led to a reduction in traffic congestion, which can save cities enormous amounts of money that would otherwise be lost to time wasted in traffic (Selsky).",1,AI,31,medium,human_vs_ai_sentences
"Moreover, having the extra day can allow us to engage in activities we don’t otherwise have time for such as socializing with family and friends, taking the time to relax, or doing something for self-care.",1,AI,35,medium,human_vs_ai_sentences
"Without the freedom to choose your own character, it can be difficult to trust yourself and be able to open up to others.",1,AI,23,short,human_vs_ai_sentences
When you're in school there are many different drills that can be very stressful because you dont know if it is just a drill or real.,0,Human,26,short,human_vs_ai_sentences
So using prior knowledge form others can help you get to a decision.,0,Human,13,short,human_vs_ai_sentences
"Lastly, it's just down right unfair to the voters.",0,Human,9,very_short,human_vs_ai_sentences
Please let me know if you have any other questions.,1,AI,10,very_short,human_vs_ai_sentences
The American Revolution was a pivotal moment in the history of the world.,1,AI,13,short,human_vs_ai_sentences
Students who end up taking online classes at home will eventually miss out on developing their social skills and damage their ability to take on responsibilites.,0,Human,26,short,human_vs_ai_sentences
Just saying.,0,Human,2,very_short,human_vs_ai_sentences
This aligns with Passage 3's point about road diets creating safer streets for pedestrians and cyclists.,1,AI,16,short,human_vs_ai_sentences
Another disadvantage of a four-day school week is that it could lead to a decrease in funding for schools.,1,AI,19,short,human_vs_ai_sentences
The cause of that is Taxes or IRS are taking to much from the people who work to hard an theres nothing that can be done too that.,0,Human,28,short,human_vs_ai_sentences
"We can also save money on parking, tolls, and other fees.",1,AI,11,short,human_vs_ai_sentences
"Every student can benefit from more sleep, less distractions, and strategies that help students stay on task.",0,Human,17,short,human_vs_ai_sentences
"Thanks for reading, I guess!",1,AI,5,very_short,human_vs_ai_sentences
Texting is the most alarming distraction sending or reading a text takes your eyes off the road for a couple of seconds.,0,Human,22,short,human_vs_ai_sentences
Poverty is also a big problem for young people.,1,AI,9,very_short,human_vs_ai_sentences
"Fourth, the Electoral College is a relic of history.",1,AI,9,very_short,human_vs_ai_sentences
"Plus, it can be a lot of fun!",1,AI,8,very_short,human_vs_ai_sentences
"No one wants to suffer from a stroke due to air pollution,no one wants to inhale smog every day and for sure nobody wants to be charged with $31.",0,Human,29,short,human_vs_ai_sentences
They would have more time because the idea of the project was planned by the teacher already.,0,Human,17,short,human_vs_ai_sentences
Traffic jams are pretty annoying and no one wants to go through them so making up a day like this is extremely good for the environment and for your phyci as well.,0,Human,32,medium,human_vs_ai_sentences
"For example, a person's mood, body language, and the situation in which they are encountered can all affect our initial perceptions of them.",1,AI,23,short,human_vs_ai_sentences
The increasing cost of owning and maintaining a car.,1,AI,9,very_short,human_vs_ai_sentences
"Less car usuage, less pollution, better world.",0,Human,7,very_short,human_vs_ai_sentences
This is where friends come in.,1,AI,6,very_short,human_vs_ai_sentences
"in paragraph 5 of the article In German Suburb, Life Goes On Without Cars.",0,Human,14,short,human_vs_ai_sentences
Vauban is a city that has banned cars.,0,Human,8,very_short,human_vs_ai_sentences
Why does this matter?,0,Human,4,very_short,human_vs_ai_sentences
"How would anyone get justice out of that, they wouldn't.",0,Human,10,very_short,human_vs_ai_sentences
Therefore you must be able to keep up with all the stuff you have to do in your club and your school work at the same time.,0,Human,27,short,human_vs_ai_sentences
"As I stated previously, learning should be fun.",0,Human,8,very_short,human_vs_ai_sentences
Could this be useful in the classroom?,0,Human,7,very_short,human_vs_ai_sentences
"However, the benefits of limiting car usage are clear.",1,AI,9,very_short,human_vs_ai_sentences
"This is the third year cars have been banned, using only buses and taxis, these are only trasportantion permitted for the Day Without Cars.",0,Human,24,short,human_vs_ai_sentences
"A caption noted a ""huge rock formation...",0,Human,7,very_short,human_vs_ai_sentences
"Secondly, group work encourages communication and social skills.",1,AI,8,very_short,human_vs_ai_sentences
"For example, if someone is considering whether to pursue a particular career path, seeking advice from people who have experience in that field can provide valuable insights into the pros and cons of that career.",1,AI,35,medium,human_vs_ai_sentences
"I also like to to study a lot for the classes that I'm having problems because I get more knowledge about different topics and make me grow more as a student

.",0,Human,32,medium,human_vs_ai_sentences
"Doing this gives the senior citizens happiness, helping local medical facilities would also be a creditable way to help the community, helping in a blood drive for example would mean someone who needed blood would be given it.",0,Human,38,medium,human_vs_ai_sentences
"Thirdly, legalizing marijuana could lead to an increase in crime.",1,AI,10,very_short,human_vs_ai_sentences
"In conclusion, car-free cities offer an inspiring vision of a more sustainable, healthier, and community-focused urban future.",1,AI,17,short,human_vs_ai_sentences
A shift in societal behavior is also prompting a change in car usage.,1,AI,13,short,human_vs_ai_sentences
"In paragraph nine it states, ""Presently, traffic laws are written wih the assumption that the only safe car has a human driver in control at all times.",0,Human,27,short,human_vs_ai_sentences
Fun is added in many activities during the trip.,0,Human,9,very_short,human_vs_ai_sentences
3 I would not want to get impaled by debrie.,0,Human,10,very_short,human_vs_ai_sentences
It was so funny!,1,AI,4,very_short,human_vs_ai_sentences
"For example, if someone is trying to decide if they should get a dog, they might ask their friend who has a dog and their parents who don't have a dog.",1,AI,31,medium,human_vs_ai_sentences
But don't forget you have animals to keep you not bored and get your responsibility up.,0,Human,16,short,human_vs_ai_sentences
She knows it must be concise and free of errors.,1,AI,10,very_short,human_vs_ai_sentences
"Cars are responsible for a significant portion of greenhouse gas emissions, ranging from 12 percent in Europe to up to 50 percent in car-intensive areas of the United States.",1,AI,29,short,human_vs_ai_sentences
"Students would not be to happy about having to do a project over the summer but, if they came up with their own projects they wont think to much about it and they will be more interested in doing it.",0,Human,40,medium,human_vs_ai_sentences
Driverless cars uses half the fuel of today's taxis.,0,Human,9,very_short,human_vs_ai_sentences
"First of all, animals provide us with food and clothing.",1,AI,10,very_short,human_vs_ai_sentences
I know I'm not.,1,AI,4,very_short,human_vs_ai_sentences
"Secondly, the program takes care of animals.",0,Human,7,very_short,human_vs_ai_sentences
"In the first paragraph it talks out the percentage of her happiness,fearful,anger,disgusted.",0,Human,12,short,human_vs_ai_sentences
Drivers on cell phones do have more mishaps.,0,Human,8,very_short,human_vs_ai_sentences
"If the students design the projects it would'nt make sense and would probaly be all over the place and not organized, because they have probaly never designed a project on their own.",0,Human,32,medium,human_vs_ai_sentences
"This is a major point because if NASA is already finding different ways that they can have ships on Venus, they are a step closer to having a ship survive on the surface as well.",0,Human,35,medium,human_vs_ai_sentences
So anything you need while driving is at your fingertips.,0,Human,10,very_short,human_vs_ai_sentences
Summer projects are a way for students to learn and develop even in the summer when there is no school for them to attend.,0,Human,24,short,human_vs_ai_sentences
"To successfully implement car-free cities, solutions include expanding and improving public transportation, promoting active transportation methods such as walking and cycling, encouraging carpooling and ride-sharing, adopting electric and sustainable transportation options, and focusing on public education and awareness.",1,AI,38,medium,human_vs_ai_sentences
Well they are wrong about their claim.,0,Human,7,very_short,human_vs_ai_sentences
"The people should go by the important things that the cadidate say they try to fix, not by the promises that they are making to get it done for sure.",0,Human,30,short,human_vs_ai_sentences
"In this essay, I will compare and contrast the idea of going from failure to failure without loss of enthusiasm versus going from failure to failure with a loss of enthusiasm.",1,AI,31,medium,human_vs_ai_sentences
There would probably be arguments all the time.,0,Human,8,very_short,human_vs_ai_sentences
"Explore beyond what you have mastered and there will alway be a suprise , a new talent and a new growth in life.",0,Human,23,short,human_vs_ai_sentences
com/story/news/nation-now/2018/07/02/georgia-hands-free-law-bans-holding-phone-while-driving/752752002/.,0,Human,1,very_short,human_vs_ai_sentences
"A New Era

Times are changing, and changing fast.",0,Human,9,very_short,human_vs_ai_sentences
"Finally, the government should invest in both theaters and stadiums, as well as medical care and education, because they are all important for the quality of life of citizens.",1,AI,29,short,human_vs_ai_sentences
41.,1,AI,1,very_short,human_vs_ai_sentences
The elctoral college is a unfair and not the right way to do things and as a U.S. citizen changing it wiil make it easier for me to have a say so in who gets elected for the president  o the United States.,0,Human,43,medium,human_vs_ai_sentences
You have your own learning environment so use it to your advantage.,0,Human,12,short,human_vs_ai_sentences
"In addition, censorship is often used to protect people from potentially harmful materials.",1,AI,13,short,human_vs_ai_sentences
It was cloudy the day they took it.,0,Human,8,very_short,human_vs_ai_sentences
The only problum is who to blame if you get in an actsident.,0,Human,13,short,human_vs_ai_sentences
"First and foremost, the introduction of autonomous vehicles has and will continue to have a major impact on the number of cars in use in twenty years.",1,AI,27,short,human_vs_ai_sentences
"To finish up, Limiting our use of cars would make life easier and cleaner.",0,Human,14,short,human_vs_ai_sentences
Seeking multiple opinions can help someone make a better choice because it provides different perspectives and ideas.,1,AI,17,short,human_vs_ai_sentences
Now that we've understand the good aspects of venus their are some very dangerous cons about veunes.,0,Human,17,short,human_vs_ai_sentences
This could leave many states and regions feeling ignored.,1,AI,9,very_short,human_vs_ai_sentences
This gave me my first taste at appreciating just how beautiful the world around us can be when we go back and explore its wonders more closely instead rushing off everywhere else.,1,AI,32,medium,human_vs_ai_sentences
"The aurthor also states, "" These conditions are far more extreme than anything humans encounter on Earth; such an environment would crush even a submarine accustomed to diving to the deepest parts of our oeans and would liquefy many metals.",0,Human,40,medium,human_vs_ai_sentences
Some school require students to complete summer projects.,0,Human,8,very_short,human_vs_ai_sentences
As I know many of the basketball players have a C average and also our best player does too.,0,Human,19,short,human_vs_ai_sentences
.,1,AI,1,very_short,human_vs_ai_sentences
"Secondly, computer games can be beneficial for children's intellectual development.",1,AI,10,very_short,human_vs_ai_sentences
* It can help to promote social interaction.,1,AI,8,very_short,human_vs_ai_sentences
"I believe that homework is essential for our success in school and in life, and it should continue to be an important part of our education.",1,AI,26,short,human_vs_ai_sentences
"There are many reasons for this, but one of the main reasons is that work has become more complex.",1,AI,19,short,human_vs_ai_sentences
"Technology has been proven to fail, so at some point this technology is bound to fail.",0,Human,16,short,human_vs_ai_sentences
"By doing so, we can ensure",1,AI,6,very_short,human_vs_ai_sentences
"This is not true, if one is bringing a personal belonging such as a phone, we will be protecting it.",0,Human,20,short,human_vs_ai_sentences
"If you are constantly surrounded by negative people, it can be difficult to maintain a positive self-image.",1,AI,17,short,human_vs_ai_sentences
"For example, the different levels of maturity and experience between the two groups can sometimes lead to frustrations.",1,AI,18,short,human_vs_ai_sentences
You can change one problem that's is stopping you from doing something.,0,Human,12,short,human_vs_ai_sentences
"Almost 4,000 drivers were fined.",0,Human,5,very_short,human_vs_ai_sentences
"## The Advantages of Limiting Car Usage

In recent decades, there has been a growing trend towards limiting car usage.",1,AI,20,short,human_vs_ai_sentences
Some people don't show no emtions.,0,Human,6,very_short,human_vs_ai_sentences
"Last of all,it improves safety of many people.",0,Human,8,very_short,human_vs_ai_sentences
"Then Luke said YES,""why would I miss this opportunity of a lifetime.",0,Human,12,short,human_vs_ai_sentences
"He even tells us in the first paragraph saying ""it has proved a very challanging place to examine more closely."" so it is not very easy to do but it is possibe.",0,Human,32,medium,human_vs_ai_sentences
"In Europe, passenger cars are responsible for 12 percent of greenhouse gas emissions, and in some car-intensive areas in the United States, this number can reach up to 50 percent.",1,AI,30,short,human_vs_ai_sentences
"From its status as a fringe diet option to now being commonplace on supermarket shelves, veganism is one lifestyle choice that is here to stay.",1,AI,25,short,human_vs_ai_sentences
"Additionally, it encourages freedom of thought by freeing oneself from expectations as well as obligations which may make them feel trapped or anxious when making decisions based on what others think is right or wrong.",1,AI,35,medium,human_vs_ai_sentences
Everyones vote counts.,0,Human,3,very_short,human_vs_ai_sentences
And if you are hungry then your not going to be focused on what your doing in class.,0,Human,18,short,human_vs_ai_sentences
"Because of this, they develop character.",0,Human,6,very_short,human_vs_ai_sentences
.,0,Human,1,very_short,human_vs_ai_sentences
"What do you have to say about that?### Response:
 I would say that while renewable energy may have been more expensive and less efficient in the past, that is no longer the case.",1,AI,33,medium,human_vs_ai_sentences
Hey there!,1,AI,2,very_short,human_vs_ai_sentences
"In some cases, it is also thought that by not letting a cancer patient know the full extent of their condition, they may be more likely to fight the disease to the end.",1,AI,33,medium,human_vs_ai_sentences
It's actually kinda nice.,1,AI,4,very_short,human_vs_ai_sentences
They are beneficial for providing a balance between school and personal lives and can provide students with more job opportunities.,1,AI,20,short,human_vs_ai_sentences
"What we dont know is that we use about 100 to 150 gallons of gas a week, and its taking its toll.",0,Human,22,short,human_vs_ai_sentences
So the so called Face started to spread quickly.,0,Human,9,very_short,human_vs_ai_sentences
They risk lives every time they r up in space.,0,Human,10,very_short,human_vs_ai_sentences
That is my thoughts on driving and texting it shouldn't be allowed.,0,Human,12,short,human_vs_ai_sentences
As outlined by Judge Richard A.,1,AI,6,very_short,human_vs_ai_sentences
Standardized testing suck!,1,AI,3,very_short,human_vs_ai_sentences
These skills are crucial in building a harmonious society.,1,AI,9,very_short,human_vs_ai_sentences
The residents have reported feeling happier and less stressed without owning a car.,1,AI,13,short,human_vs_ai_sentences
Sometime people think that success consists of going from failure to failure without loss.,0,Human,14,short,human_vs_ai_sentences
"One notable example is Mark Zuckerberg, founder of Facebook.",1,AI,9,very_short,human_vs_ai_sentences
This will ensure a safer and more efficient travel experience for everyone.,1,AI,12,short,human_vs_ai_sentences
"For one thing, different people have different areas of expertise.",1,AI,10,very_short,human_vs_ai_sentences
Here are three reasons why.,1,AI,5,very_short,human_vs_ai_sentences
On our way to finding a way to overcome these challenges we found discoveries made on the way about future planet explorations that could someday be made by humans on Venus itself.,0,Human,32,medium,human_vs_ai_sentences
"The challenge of exploring Venus showed a great amount of evidence to support both opinions, supportive of the idea or not.",0,Human,21,short,human_vs_ai_sentences
"For instance, Paris issued a driving ban in an effort to ""clear the air of the global city."" Duffer says, ""Congestion was down 60 percent in the capital of France, after fivedays of intensifying smog..."" The smog that affects Paris is also known to ""rival"" with Bejing, China, one of the most polluted cities in the world.",0,Human,57,medium,human_vs_ai_sentences
"Lastly, the Electoral College eliminates the need for run-off elections.",1,AI,10,very_short,human_vs_ai_sentences
"Some people, like me, get super stressed out about it.",1,AI,10,very_short,human_vs_ai_sentences
They say they were alien markings were hidden by haze.,0,Human,10,very_short,human_vs_ai_sentences
"four-day work week to schools, such as the impact on teacher burnout and the ability to provide quality education.",1,AI,19,short,human_vs_ai_sentences
"Finally, imagination can help us succeed in college.",1,AI,8,very_short,human_vs_ai_sentences
This would be the fairest and most democratic way to elect the president of the United States.,1,AI,17,short,human_vs_ai_sentences
"Also, you will be surrounded by strangers, which can be uncomfortable for some people.",1,AI,14,short,human_vs_ai_sentences
"Sincerely,

[Your Name]",1,AI,3,very_short,human_vs_ai_sentences
Hey there!,1,AI,2,very_short,human_vs_ai_sentences
"In addition, having sustained contact with opponents gives off a sense of comfort within the team environment so that there’s mutual respect even though opposing sides are competing against each other at full intensity.",1,AI,34,medium,human_vs_ai_sentences
The idea of driverless cars can be dangerous in the matter of if something goes wrong and the driver is not alert it would cause an accendent.,0,Human,27,short,human_vs_ai_sentences
Venus is often known as the more dangerous 'twin' of Earth.,0,Human,11,short,human_vs_ai_sentences
"By creating car-free communities and promoting active transportation, we can improve the overall health and well-being of individuals.",1,AI,18,short,human_vs_ai_sentences
Make sure you tell them to have a good time and have fun.,0,Human,13,short,human_vs_ai_sentences
"Additionally, the article mentions that driverless cars may not always be able to distinguish between different types of pedestrians, such as children and adults (para.",1,AI,25,short,human_vs_ai_sentences
"Otherwise, you're gonna be like, ""Oh, I can't do this.",1,AI,10,very_short,human_vs_ai_sentences
"Studies show that physical contact releases oxytocin—a hormone associated with trust, empathy and emotional bonding—which helps us form strong attachments to one another.",1,AI,23,short,human_vs_ai_sentences
"Many students are interested in participating in sports, music, and other clubs, but they often struggle to find time to balance their academic and extracurricular responsibilities.",1,AI,26,short,human_vs_ai_sentences
"However, there is still a long way to go.",1,AI,9,very_short,human_vs_ai_sentences
"* Explain how online classes can help students develop important life skills, such as self-reliance and problem-solving.",1,AI,17,short,human_vs_ai_sentences
"While knowledge provides us with facts and information, imagination inspires us to think creatively and to envision new possibilities.",1,AI,19,short,human_vs_ai_sentences
Have you ever done any extracurricular activities?,0,Human,7,very_short,human_vs_ai_sentences
"In the essay I said that I disagreed with his decision because you can't force someone to do something they don't want to do,most people at my don't like participating in extracurricular activities at school,and most people at my school are always busy working or focusing on something that is important to them.",0,Human,53,medium,human_vs_ai_sentences
I think that our community should be one of were children offer to help out; where the food banks are over filled with volunteers; where people don't hate jury duty; where people are true patriots; where people don't have to get sentenced just to pick up trash.,0,Human,47,medium,human_vs_ai_sentences
"Introduction:

Studying Venus is like, super dangerous and stuff, but is it worth it?",1,AI,14,short,human_vs_ai_sentences
5.,1,AI,1,very_short,human_vs_ai_sentences
"This would involve reducing car usage and increasing the use of alternative forms of transportation, such as public transportation, walking, and biking.",1,AI,22,short,human_vs_ai_sentences
If you have ever been in a tough situation you would know getting help is one of the hardest things to do.,0,Human,22,short,human_vs_ai_sentences
Students know their limit as to what they can or can't complete on time.,0,Human,14,short,human_vs_ai_sentences
We all can carpool.,0,Human,4,very_short,human_vs_ai_sentences
Cell Phones vs.,0,Human,3,very_short,human_vs_ai_sentences
Students who take online classes at home are very susceptible to distraction.,0,Human,12,short,human_vs_ai_sentences
Another reason that driverless cars have a negative effect on the future is the economy.,0,Human,15,short,human_vs_ai_sentences
I am writing on the subject of whether we should require all students to perform community service.,0,Human,17,short,human_vs_ai_sentences
It's evident that attitude has a direct effect on the outcome of a given circumstance.,1,AI,15,short,human_vs_ai_sentences
keep on following that dream no matter how hard time will.,0,Human,11,short,human_vs_ai_sentences
Some candidates don't even go to some states.,0,Human,8,very_short,human_vs_ai_sentences
"But, on the other hand, technology can also have some pretty cool positive effects.",1,AI,14,short,human_vs_ai_sentences
A reason that people may want the electoral college is stay in place would be that the electors would do all the dirty work for them and they won't have to cast two votes the year that the new president will be chosen.,0,Human,43,medium,human_vs_ai_sentences
This is something that not many people get to do.,1,AI,10,very_short,human_vs_ai_sentences
One of the most significant drawbacks is the lack of face-to-face interaction.,1,AI,12,short,human_vs_ai_sentences
"Also, it wouldn't be fair to other players.",0,Human,8,very_short,human_vs_ai_sentences
"By making a good impression on others, inspiring people, and gaining favor from others, people with a positive attitude are more likely to succeed in their endeavors.",1,AI,27,short,human_vs_ai_sentences
"The use of social media, decreased physical activity, and remote working can all lead to feelings of isolation and disconnection.",1,AI,20,short,human_vs_ai_sentences
If the students make the Summer project then it would be much more of complicated .,0,Human,16,short,human_vs_ai_sentences
"Most kids in the school get a C

and that is a passing grade.",0,Human,14,short,human_vs_ai_sentences
"Maybe you'll find out that one college has a great program for your major, but the campus is really small and you wouldn't have as many opportunities to meet new people.",1,AI,31,medium,human_vs_ai_sentences
Approaching teachers to switch courses is another way to improve your GPA.,1,AI,12,short,human_vs_ai_sentences
Courses online are often more convenient and can be taken at any time from the comfort of the student’s own home.,1,AI,21,short,human_vs_ai_sentences
We should be able to vote for the electors.,0,Human,9,very_short,human_vs_ai_sentences
33).,0,Human,1,very_short,human_vs_ai_sentences
f.,1,AI,1,very_short,human_vs_ai_sentences
""" It's 2016 and i still look young!"" said Luke.",0,Human,10,very_short,human_vs_ai_sentences
"When he arrives, he is flustered with the amount of homework and studying he still needs to complete.",0,Human,18,short,human_vs_ai_sentences
This can lead to a sense of isolation and can make it harder for students to build relationships with their peers.,1,AI,21,short,human_vs_ai_sentences
Hey there!,1,AI,2,very_short,human_vs_ai_sentences
"When you hear about driveless cars, you'd really like to think you dont have to do much of anything since the car is in control itself and you have all this time to relax.",0,Human,34,medium,human_vs_ai_sentences
So keeping the grade averages should stay a c.,0,Human,9,very_short,human_vs_ai_sentences
"On the other hand, I know people who waited until later in life to choose their career and are now doing something they love.",1,AI,24,short,human_vs_ai_sentences
This would reduce the amount of car crashes due to texting and driving.,0,Human,13,short,human_vs_ai_sentences
"Anyway, that's my plan for now.",1,AI,6,very_short,human_vs_ai_sentences
However the scientist doesn't think that.,0,Human,6,very_short,human_vs_ai_sentences
My teacher made it easier for us when she picking the novel her self.,0,Human,14,short,human_vs_ai_sentences
Its called the FACS(Facial Action Coding system)and i think it would be awsome if we had this level of technology in school.,0,Human,22,short,human_vs_ai_sentences
That could be the case with you too.,0,Human,8,very_short,human_vs_ai_sentences
It just showed a natural landform.,0,Human,6,very_short,human_vs_ai_sentences
Offer them a place to live.,1,AI,6,very_short,human_vs_ai_sentences
"Dear Principal,

Some of the students here believe that we, the school, should be able to use our cell phones in our free time.",0,Human,24,short,human_vs_ai_sentences
"if both states want to vote for someone different, then California is going to win only because of the size and population difference.",0,Human,23,short,human_vs_ai_sentences
it is something that every country should take into consideration.,0,Human,10,very_short,human_vs_ai_sentences
Failure can be an essential learning tool in achieving success.,1,AI,10,very_short,human_vs_ai_sentences
Thank you for you time.,0,Human,5,very_short,human_vs_ai_sentences
"Her friends told her she was going to be great and that she should definitely try out, but she didn't believe them.",1,AI,22,short,human_vs_ai_sentences
"Nowadays, we live in a high-competitive society.",1,AI,7,very_short,human_vs_ai_sentences
"First, students love the idea of taking classes at home because students do not have to wake up early for school, that give students more time to sleep and all of us know how important to get your daily hour sleep on our brains.",0,Human,44,medium,human_vs_ai_sentences
Hey there!,1,AI,2,very_short,human_vs_ai_sentences
"Additionally, organic farms often employ traditional techniques like crop rotation which can help reduce pest infestations without having to rely on synthetic pesticides or other dangerous chemicals used in conventional agriculture practices.",1,AI,32,medium,human_vs_ai_sentences
What may be a promising career today may not be in demand in a few years.,1,AI,16,short,human_vs_ai_sentences
"Just not me, maybe.",1,AI,4,very_short,human_vs_ai_sentences
.,0,Human,1,very_short,human_vs_ai_sentences
2.,0,Human,1,very_short,human_vs_ai_sentences
There was no alien monument after all.,0,Human,7,very_short,human_vs_ai_sentences
"By highlighting the potential benefits of exploring Venus, such as gaining a better understanding of climate change and the formation of our solar system, the author makes a compelling argument for why we should continue to study the planet.",1,AI,39,medium,human_vs_ai_sentences
"For example, an ad for a new kind of toothpaste may show a model with perfect, white teeth, when in reality, the toothpaste may only make teeth a little bit whiter.",1,AI,31,medium,human_vs_ai_sentences
"If we can take the time to get to know someone better, we may be able to look beyond their initial impressions and see the person they truly are.",1,AI,29,short,human_vs_ai_sentences
"""When I had a car I was always tense.",0,Human,9,very_short,human_vs_ai_sentences
"However, there are many ways to overcome these challenges and achieve our desired outcomes.",1,AI,14,short,human_vs_ai_sentences
"So, I decided to do some research and talk to my counselor to see what's what.",1,AI,16,short,human_vs_ai_sentences
also venus is the twin of earth.,0,Human,7,very_short,human_vs_ai_sentences
"During the 2000 campaign, seventeen states didn't see the candidates at all,"" This in turn is unfair to those people in the states where candidates didn't visit.",0,Human,27,short,human_vs_ai_sentences
I was so terrified and perplexed!,0,Human,6,very_short,human_vs_ai_sentences
"The ""Face of Mars"" was not created by aliens.",0,Human,9,very_short,human_vs_ai_sentences
"While AI has the potential to revolutionize these industries, it is also important to remember that there are some risks associated with it as well.",1,AI,25,short,human_vs_ai_sentences
"Once you get into the one set mind, it's very difficult to get out of it.",0,Human,16,short,human_vs_ai_sentences
"I mean, I like my freedom, you know?",1,AI,8,very_short,human_vs_ai_sentences
Having a positive attitude can lead to many great benefits.,1,AI,10,very_short,human_vs_ai_sentences
"Sincerely,

[Your Name]",1,AI,3,very_short,human_vs_ai_sentences
"Our slogan is ""We the People,"" not ""We the Electors."" Now, I know what you're thinking, ""Why would we change this system?",0,Human,22,short,human_vs_ai_sentences
At the end of day though both sides agree on one thing: all forms of artistic expression should be celebrated regardless of whether it was created digitally or traditionally because ultimately great artwork speaks for itself no matter its origin or form!,1,AI,42,medium,human_vs_ai_sentences
"In today's ever-evolving world, having an array of different skills is essential in order to excel in the workforce.",1,AI,19,short,human_vs_ai_sentences
"To start your own organization, it's important to",1,AI,8,very_short,human_vs_ai_sentences
This system reduces the chances of an electoral tie and the resulting complications that a run-off election would entail.,1,AI,19,short,human_vs_ai_sentences
"According to Source Two, Paris, a city known for it's aromatic scents, was covered with the smell and appearance of smog for days (they had near-record pollution: Paris had 147 micrograms of particulate matter per cubic meter compared with 114 in Brussels and 79.7 in London).",0,Human,46,medium,human_vs_ai_sentences
"You get to run, play, talk, and be free.",0,Human,9,very_short,human_vs_ai_sentences
"It's like, totally flexible.",1,AI,4,very_short,human_vs_ai_sentences
There are things called Martian Mesa.,0,Human,6,very_short,human_vs_ai_sentences
Venus nickname is misleading.,0,Human,4,very_short,human_vs_ai_sentences
I hope you like it.,1,AI,5,very_short,human_vs_ai_sentences
They probably have the best advice to handle it.,0,Human,9,very_short,human_vs_ai_sentences
Wooster.,0,Human,1,very_short,human_vs_ai_sentences
with cars free day is stop all traffic and provide a day away from stress and lower air pollution.,0,Human,19,short,human_vs_ai_sentences
This policy could do wonders for the student body.,0,Human,9,very_short,human_vs_ai_sentences
"This essay aims to discuss the potential advantages that limitation or even cessation of car usage can bring about by examining real-world examples from Vauban, Germany, Paris, France and Bogotá, Colombia.",1,AI,31,medium,human_vs_ai_sentences
"While extracurricular activities can be beneficial, they should not be forced upon students who may have other priorities or interests.",1,AI,20,short,human_vs_ai_sentences
You don't have to worry about getting bullied or someone trying fight you over something totally irrelevant.,0,Human,17,short,human_vs_ai_sentences
Having experience is a good thing in many ways like it can help you with a future resume or get you a better job.,0,Human,24,short,human_vs_ai_sentences
"For my third and final reason, extracurricular activities can keep students open minded.",0,Human,13,short,human_vs_ai_sentences
"Sometimes students will have to wait for a teacher, if the teacher works for both online and public schools, to answer a question that the student has on a problem or concept.",0,Human,32,medium,human_vs_ai_sentences
He was always volunteering and helping out his community.,1,AI,9,very_short,human_vs_ai_sentences
Another reason why homework is essential is that it helps students to develop important study skills.,1,AI,16,short,human_vs_ai_sentences
With in five days sixty pecent of the smog was cleared.,0,Human,11,short,human_vs_ai_sentences
"While esports have been met with some skepticism from traditional sports fans and critics alike due to its status as “not real” sport, there are many reasons why this activity has grown over time and deserves consideration alongside traditional athletics.",1,AI,40,medium,human_vs_ai_sentences
"However, I believe that going beyond conformity is the key to achieving success and keeping the people we love in our lives.",1,AI,22,short,human_vs_ai_sentences
Different views can lead to different ways of thinking.,0,Human,9,very_short,human_vs_ai_sentences
"Ultimately, the decision to implement a four-day school week or extend the school day two hours should be based on careful consideration of the potential benefits and drawbacks.",1,AI,28,short,human_vs_ai_sentences
Another benefit to subscribing is cost savings - many companies offer discounts or incentives depending upon how long a customer subscribes making it possible for individuals who would otherwise not be able afford some higher end name brand items try them out at fractionally lower prices than what they'd pay elsewhere.,1,AI,51,medium,human_vs_ai_sentences
"Throughout history, from ancient Egypt to modern times, humans have used various technologies - from simple tools to complex machines - in order to produce aesthetically pleasing objects for both utilitarian and aesthetic purposes.",1,AI,34,medium,human_vs_ai_sentences
then they do the job with a frown and a groan for example say my friend OTHER_NAME is helping the elderly with OTHER_NAME.,0,Human,23,short,human_vs_ai_sentences
"During school hours, students may never get to fully understand the concept the teacher is teaching, for many other students are answering or asking the teacher's questions.",0,Human,27,short,human_vs_ai_sentences
Only a hand full of states are allowing limited use of semi-autonomous cars.,0,Human,13,short,human_vs_ai_sentences
"Anotherwise is considered that many people believe in attitude positive because is the best way that they follow to be successful,

actually a few people didn't believe in positive attitude, they don't think in their future and they give up easy, when it is the best way to follow and became a successful person.",0,Human,54,medium,human_vs_ai_sentences
It's not fun to be lost.,0,Human,6,very_short,human_vs_ai_sentences
Garvin stated that the lava dome takes the form of an isolated mesa about the same height as the face as on mars thiis statement gives second thoughts of what scientist discovered.,0,Human,32,medium,human_vs_ai_sentences
"Requiring students to decide on a career when they first enter high school can lead to many of them feeling overwhelmed, stressed out, and unprepared.",1,AI,25,short,human_vs_ai_sentences
"Secondly, performance-based salaries could create an unhealthy competition among teachers, where they are more likely to focus on ""teaching to the test"" rather than providing a well-rounded education.",1,AI,28,short,human_vs_ai_sentences
"Additionally, traveling can be a great way to meet new people and expand our social circles.",1,AI,16,short,human_vs_ai_sentences
We are no longer alone in our beliefs and values.,1,AI,10,very_short,human_vs_ai_sentences
"However, the question arises whether it is more important for students to understand ideas and concepts or to learn facts.",1,AI,20,short,human_vs_ai_sentences
"summer:

Collage should have online classes becuase it will easy for them do complete the classes online at home they will have time to do it and get a batter garde so you can complete the classes and take a new classes when you get A or B.",0,Human,48,medium,human_vs_ai_sentences
"The Face is a natural landform because of its formation, its evidence, and common sense.",0,Human,15,short,human_vs_ai_sentences
Driving in and of it self has always had a bad side to it.,0,Human,14,short,human_vs_ai_sentences
"For example, someone who has run a marathon or published a book may define themselves as a runner or a writer, respectively, even if they do not belong to a social group that shares these interests.",1,AI,36,medium,human_vs_ai_sentences
But theres no point if the car drives by it's self.,0,Human,11,short,human_vs_ai_sentences
"Additionally, it serves as an impetus for teenagers to use their free time productively, as many may find themselves wanting to take full advantage of the daylight hours before having to be home.",1,AI,33,medium,human_vs_ai_sentences
This is because a person can have bias coming from their relationship with the person needing advice.,0,Human,17,short,human_vs_ai_sentences
"Overall, the rock was just a mesa on Mars.",0,Human,9,very_short,human_vs_ai_sentences
I strongly agree with asking other people for thier opinions.,0,Human,10,very_short,human_vs_ai_sentences
"📈

But, like, football is pretty cool too!",1,AI,8,very_short,human_vs_ai_sentences
"In conclusion, I think marijuana should be legalized.",1,AI,8,very_short,human_vs_ai_sentences
"Furthermore, having plants inside can subtly increase your connection with nature even if you don't get outside much during your day-to-day life; being reminded of outdoor scenery while indoors has been known to boost creativity among those stuck indoors all day long (such as writers).",1,AI,45,medium,human_vs_ai_sentences
I believe that it is more important for students to understand ideas and concepts than it is for them to learn facts.,1,AI,22,short,human_vs_ai_sentences
People are not being themselves in the world.,0,Human,8,very_short,human_vs_ai_sentences
"However, there are also some disadvantages to distance learning.",1,AI,9,very_short,human_vs_ai_sentences
"This is an issue that should no longer be, but instead have popular vote.",0,Human,14,short,human_vs_ai_sentences
"If you don't like any options you thought about and don't know what's the best options, that's when its best to ask other people.",0,Human,24,short,human_vs_ai_sentences
"It was created naturally, and not by aliens.",0,Human,8,very_short,human_vs_ai_sentences
"Also some people may not understand the real intents of a president, example if a potental candadate, if in their campaign the went to sent troops to war but try to cover it up by saying the area they are sending the troops in caused something or threatened the country the  then the people would side with the candidate.",0,Human,59,medium,human_vs_ai_sentences
"Finally, banning single-use plastics would help reduce greenhouse gas emissions.",1,AI,10,very_short,human_vs_ai_sentences
Poverty is perhaps the most prominent issue that humanity continues to struggle with.,1,AI,13,short,human_vs_ai_sentences
"""When I had a car I was always tense.",0,Human,9,very_short,human_vs_ai_sentences
However despite all these benefits there’s also some downsides worth considering such as occasional unexpected health issues or behavioral problems requiring special attention depending on breed/age etcetera - something potential new owners should research thoroughly before deciding whether this type of long term commitment is suitable for their lifestyle or not!,1,AI,51,medium,human_vs_ai_sentences
Reports has that 1.6 million car crashes are caused because drivers try to text and drive.,0,Human,16,short,human_vs_ai_sentences
"However, the Electoral College is no longer necessary.",1,AI,8,very_short,human_vs_ai_sentences
"Google has proven this because their ""cars have driven more than half a million miles without a crash."" In our world today, there are car accidents occuring every minute of our lives.",0,Human,32,medium,human_vs_ai_sentences
"In conclusion, arts education should be essential for a well-rounded education because it helps students develop their creativity, imagination, problem-solving skills, critical thinking skills, and social skills.",1,AI,27,short,human_vs_ai_sentences
"Altough many downfalls, ""The Electorial College restores some of the weight in the political balance that large states...",0,Human,18,short,human_vs_ai_sentences
"That's why you, the principle, should ban phones from school.",0,Human,10,very_short,human_vs_ai_sentences
"In my opinion, I believe that marijuana should be legalized.",1,AI,10,very_short,human_vs_ai_sentences
Excess usage of motor vehicles.,0,Human,5,very_short,human_vs_ai_sentences
Church Hill might?,0,Human,3,very_short,human_vs_ai_sentences
They will be able to pace themselves.,0,Human,7,very_short,human_vs_ai_sentences
Everyone has bad days sometimes.,1,AI,5,very_short,human_vs_ai_sentences
"However, I believe that students would not benefit from video conferencing at home because technical difficulties and distractions are common, and an engaging student to teacher or peer relationship is harder to maintain online than in reality.",0,Human,37,medium,human_vs_ai_sentences
"This is because it gives students a chance to bond with others, become more involved in their school, and be a part of something that they would enjoy.",0,Human,28,short,human_vs_ai_sentences
I don't like the idea of driveless cars.,0,Human,8,very_short,human_vs_ai_sentences
One reason is that young people are busier than ever before.,1,AI,11,short,human_vs_ai_sentences
Countries in Western Europe such as Paris and Germany have recognized that the exponential amounts of smog produced by cars are becoming dangerous.,0,Human,23,short,human_vs_ai_sentences
What's more distracting sitting in a classroom learning or sitting in your room with all your beloved items around you.,0,Human,20,short,human_vs_ai_sentences
Thank you for considering my opinion.,1,AI,6,very_short,human_vs_ai_sentences
"Therefore, through one's looks, personality, and communication, a first impression can and should be managed so that an individual can make the best possible impact when meeting someone for the first time.",1,AI,32,medium,human_vs_ai_sentences
Exercise not only boosts physical fitness but also releases endorphins that improve mood and mental clarity; it also serves as an effective way to manage anxiety levels in times of overload or distress caused by life changes that are common among college students.,1,AI,43,medium,human_vs_ai_sentences
Video games have been a source of controversy among adults for decades.,1,AI,12,short,human_vs_ai_sentences
"With these devices, players are able to move through virtual worlds with realistic movements that feel as if they are actually inside the game itself.",1,AI,25,short,human_vs_ai_sentences
I was devastated and considered giving up on the sport.,1,AI,10,very_short,human_vs_ai_sentences
You can have your own opinion about it but i do not think just because of someone's opinion we should change what we have been doing for many years before them.,0,Human,31,medium,human_vs_ai_sentences
Finishing high school in three years may provide a head start but it also requires a great deal of discipline and hard work.,1,AI,23,short,human_vs_ai_sentences
The Electoral College is much too confusing.,0,Human,7,very_short,human_vs_ai_sentences
If fuel is wasted less then many products will reduce their price and many people would have to waste less money.,0,Human,21,short,human_vs_ai_sentences
Theme: ColorMag by ThemeGrill.,0,Human,4,very_short,human_vs_ai_sentences
"Recently, I discovered the opportunity to join a chorus class at my school, and I knew it was something I had to do.",1,AI,23,short,human_vs_ai_sentences
"Fourth, education helps us to develop a love of learning.",1,AI,10,very_short,human_vs_ai_sentences
"So, like, try to stay focused and follow the rules.",1,AI,10,very_short,human_vs_ai_sentences
It can help them focus on the main task.,0,Human,9,very_short,human_vs_ai_sentences
"I think its kind of gross, but I can deal with it.",0,Human,12,short,human_vs_ai_sentences
Policy 1 also teaches us responsibility.,1,AI,6,very_short,human_vs_ai_sentences
The Bahamas will blow your mind away.,0,Human,7,very_short,human_vs_ai_sentences
"Overall, it's clear that robots can offer huge potential opportunities for modern farming operations if harnessed correctly – allowing them not just operate more efficiently but also at higher yields too!",1,AI,31,medium,human_vs_ai_sentences
The goal of that day is to promote alternative transportation and reduce smog.,0,Human,13,short,human_vs_ai_sentences
It's like a dog knowing when you are upset or happy.,0,Human,11,short,human_vs_ai_sentences
The goal here isn't necessarily to enforce strict rules but rather to promote knowledge about nutritious food choices that allow children to make informed decisions when deciding what’s best for their own body.,1,AI,33,medium,human_vs_ai_sentences
"After the presidential  election, your governor prepares a ""Certificate of Ascertainment"" listing all of the candidates who ran for president in your state along with the names of their respective electors.",0,Human,31,medium,human_vs_ai_sentences
In the Seagoing Cowboys program youll make many friends.,0,Human,9,very_short,human_vs_ai_sentences
"But, why are parks so great for kids?",1,AI,8,very_short,human_vs_ai_sentences
"However, based on what I have learned so far, I believe that we need stricter gun control laws.",1,AI,18,short,human_vs_ai_sentences
I realized that becoming a professional athlete was not the only way to be successful in sports.,1,AI,17,short,human_vs_ai_sentences
"This means that having an adequate amount of time devoted to exercise allows them to stay more alert throughout the remainder of their day, resulting in better comprehension and performance on tests and assignments.",1,AI,34,medium,human_vs_ai_sentences
Reducing the number of vehicles on the road reduces the chances of an accident taking place.,1,AI,16,short,human_vs_ai_sentences
"Additionally, universities offer various extracurricular activities, such as sports, clubs, and volunteer work, that provide students with opportunities to develop leadership skills, build networks, and contribute to their communities.",1,AI,29,short,human_vs_ai_sentences
They also said that maybe the alien markings were hidden by the haze.,0,Human,13,short,human_vs_ai_sentences
"Michelangelo's views on setting goals can be seen in his famous quote, ""The greatest danger for most of us is not that our aim is too high and we miss it, but that it is too low and we reach it.""

One example of taking risks and setting big goals can be seen in the TV show Masterchef.",1,AI,58,medium,human_vs_ai_sentences
Another important factor is geology.,1,AI,5,very_short,human_vs_ai_sentences
"2D animation is more like just drawing on a piece of paper while on the other hand, 3D I had to mostly use a program for to just do 3D animation.",0,Human,31,medium,human_vs_ai_sentences
There are positive arguments and negative arguments about driverless cars.,0,Human,10,very_short,human_vs_ai_sentences
Here's why.,1,AI,2,very_short,human_vs_ai_sentences
I think the policy would definitely improve our grades.,0,Human,9,very_short,human_vs_ai_sentences
Cars have been a great help to people but now their boarding the line of help and hurt.,0,Human,18,short,human_vs_ai_sentences
"You should not text while Driving

Should you be able to use your phone while driving?",0,Human,16,short,human_vs_ai_sentences
"Not always

The electoral College is unfair and irrational.",0,Human,9,very_short,human_vs_ai_sentences
Alot right?,0,Human,2,very_short,human_vs_ai_sentences
26% of most accidents are from texting while driving.,0,Human,9,very_short,human_vs_ai_sentences
"Finally, what contributes most significantly towards making hiking trips memorable ones is that feeling of contentment shared between those taking part: friends catching up over conversation while admiring panoramic vistas; family members laughing together after crossing streams; strangers exchanging smiles during lunch breaks atop mountains… There’s nothing quite like finding solace within nature alongside others doing exactly the same thing!",1,AI,60,medium,human_vs_ai_sentences
Why would we need them on in school anyways?,0,Human,9,very_short,human_vs_ai_sentences
The face on Mars could have been anything.,0,Human,8,very_short,human_vs_ai_sentences
"😊

And lastly, we can be active for our health!",1,AI,10,very_short,human_vs_ai_sentences
Self-motivation is a crucial aspect of achieving success in life.,1,AI,10,very_short,human_vs_ai_sentences
Lets go collect our trophy guys!!!,0,Human,6,very_short,human_vs_ai_sentences
"Let's say that you have a local Walmart or Supper store about a one mile radious away from were you live and all you need is a gallon of milk or just something to eat, im not saying spending over three hundred in grocries.",0,Human,44,medium,human_vs_ai_sentences
What do you say worth a try?,0,Human,7,very_short,human_vs_ai_sentences
In our world today many people use motor vehicles to get to their destionation.,0,Human,14,short,human_vs_ai_sentences
"The decrease in car commuting may find reason in the recession, and it may become a new habit.",0,Human,18,short,human_vs_ai_sentences
dear principal i think you should allow us to have our cell phones during our free time at school.,0,Human,19,short,human_vs_ai_sentences
"Firstly, I do not think they would benefit from distance learning is because almost all students have distractions at home.",0,Human,20,short,human_vs_ai_sentences
"Advertisers should strive to be honest and transparent in their messaging, providing consumers with accurate information that allows them to make informed decisions.",1,AI,23,short,human_vs_ai_sentences
"Secondly, you can visit many places you haven't seen.",0,Human,9,very_short,human_vs_ai_sentences
They can be as high as eight hundred degrees fahrenheit.,0,Human,10,very_short,human_vs_ai_sentences
A summer break can be defined as a time in which students and teachers in the public education system get a 2-3 month grace period of not attending school.,0,Human,29,short,human_vs_ai_sentences
"By the time he was discharged in 1947, Luke made nine trips which was the most of any Seagoing Cowboy.",0,Human,20,short,human_vs_ai_sentences
Or we could have more time for extracurricular activities.,1,AI,9,very_short,human_vs_ai_sentences
"In this essay, I will explore these different ways, examine the pros and cons of taking advice from family members, analyze examples of how our character can be changed by daily influences, consider the consequences of having a bad character, and explore the differences between forming our own character traits and relying on others.",1,AI,54,medium,human_vs_ai_sentences
Hey there!,1,AI,2,very_short,human_vs_ai_sentences
"""'All of our development since World War II has been centered on the car, and that will have to change,' said David Goldberg, and official of Transportation for America, a fast-growing coalition of hundreds of groups in the United States .",0,Human,41,medium,human_vs_ai_sentences
These answers have been noticed by our World's leaders and they are finally taking initiative to save our planet.,0,Human,19,short,human_vs_ai_sentences
"From air pollution reduction to a decrease in greenhouse gas emissions and the revamp of community life, these initiatives present compelling reasons for further exploration and consideration for adoption by other cities and nations globally.",1,AI,35,medium,human_vs_ai_sentences
"Suddenly, learning something new felt easier, as I had a solid foundation that I could build from.",1,AI,17,short,human_vs_ai_sentences
"This offers a glimpse of some of the successes achieved by people who refused to give up: 

1.",1,AI,18,short,human_vs_ai_sentences
"While it has brought many benefits, it has also had negative effects on human contact restrictions.",1,AI,16,short,human_vs_ai_sentences
sounds like a crzy mad great thing huh?,0,Human,8,very_short,human_vs_ai_sentences
Like maybe helping at a church or something like that.,0,Human,10,very_short,human_vs_ai_sentences
There is some ways that online schooling could benefit students.,0,Human,10,very_short,human_vs_ai_sentences
than.,0,Human,1,very_short,human_vs_ai_sentences
"Lastly, all their input along with your personal preferences can help you form a well rounded and though out decision.",0,Human,20,short,human_vs_ai_sentences
it is the straight year for this event.,0,Human,8,very_short,human_vs_ai_sentences
"The reason is the Electoral College is part of the candidate's team, whether its Democrat or Republican.",0,Human,17,short,human_vs_ai_sentences
"Having an optimistic outlook influences how we think, feel, and act.",1,AI,11,short,human_vs_ai_sentences
.,1,AI,1,very_short,human_vs_ai_sentences
"Physical exercise is also incredibly beneficial for growing minds and bodies; engaging in sport provides many health benefits including improved cardiovascular fitness, better coordination and balance, increased strength and stamina, as well as higher metabolic rates which contribute to weight management over time.",1,AI,43,medium,human_vs_ai_sentences
"There weren't any buildings or any sign of actual alien life nearby, so the picture at least proved that the Face wasn't a sign from the aliens, but just a rock.",0,Human,31,medium,human_vs_ai_sentences
"In an online class, I might feel more isolated and disconnected from the material.",1,AI,14,short,human_vs_ai_sentences
Most people probably interact more with devices than with an actual human being.,0,Human,13,short,human_vs_ai_sentences
Some schools may not be able to afford it.,0,Human,9,very_short,human_vs_ai_sentences
"With the winner-take-all method in most states, candidates are incentivized to campaign in swing states, which ultimately leads to a campaign that addresses the concerns and issues of a diverse group of Americans.",1,AI,33,medium,human_vs_ai_sentences
"Lastly, critics argue that the Electoral College may discourage potential voters who reside in states where their preferred candidate has little chance of winning.",1,AI,24,short,human_vs_ai_sentences
"After five-days of intensifying smog, conjestion was down 60 percent in the capital of france.",0,Human,15,short,human_vs_ai_sentences
How will they know who to vote for?,0,Human,8,very_short,human_vs_ai_sentences
The person might not understand about anything you talking about.,0,Human,10,very_short,human_vs_ai_sentences
"Many students have a set schedule for their day, including when they wake up, eat breakfast, and go to bed.",1,AI,20,short,human_vs_ai_sentences
"For example, some students might find it hard to adjust to the longer school hours, especially if they have other commitments like sports or clubs.",1,AI,25,short,human_vs_ai_sentences
"When someone experiences a breakup, it can be incredibly difficult to maintain a positive attitude, especially when the other person is actively trying to make the relationship as difficult as possible.",1,AI,31,medium,human_vs_ai_sentences
Seeking multiple perspectives on a particular problem can be incredibly beneficial.,1,AI,11,short,human_vs_ai_sentences
Additionally virtual reality technology enabled through research studies conducted within.,1,AI,10,very_short,human_vs_ai_sentences
For some things there are just no logical answers.,0,Human,9,very_short,human_vs_ai_sentences
Thank you for considering this important matter.,1,AI,7,very_short,human_vs_ai_sentences
The long break is much better than a short and unnecessary break.,0,Human,12,short,human_vs_ai_sentences
They might learn about the different battles that took place and the people who participated in them.,1,AI,17,short,human_vs_ai_sentences
🤯 It's true!,1,AI,3,very_short,human_vs_ai_sentences
Knowing cell phone use while driving staBsBcs and texBng and driving facts may help families manage this dangerous risk.,0,Human,19,short,human_vs_ai_sentences
"Have a good day sir

Sincerely,

STUDENT_NAME",0,Human,7,very_short,human_vs_ai_sentences
Could also stop crashes and Traffic jams.,0,Human,7,very_short,human_vs_ai_sentences
"In Vaubun, Germany, many have given up their cars and have deicded to walk to where they need to go.",0,Human,20,short,human_vs_ai_sentences
Technology has become an integral part of our lives.,1,AI,9,very_short,human_vs_ai_sentences
Remaining resilient during difficult times is a key component to maintaining one’s individual identity.,1,AI,14,short,human_vs_ai_sentences
Walking your pup might even become part of your own self-care routine if you find yourself able make time for it each day.,1,AI,23,short,human_vs_ai_sentences
I consider Policy 2 to be the most reasonable for this occasion because it allows students to know that they have time to have use of their phones at a certain time during school.,0,Human,34,medium,human_vs_ai_sentences
It felt like I was up against an insurmountable task.,1,AI,10,very_short,human_vs_ai_sentences
Video games are a big part of my life.,1,AI,9,very_short,human_vs_ai_sentences
Here are more three reasons we should not force children to be in a extracurricular activity.,0,Human,16,short,human_vs_ai_sentences
They say the college restores and manages political balance.,0,Human,9,very_short,human_vs_ai_sentences
"Therefore, providing better representation of diverse interests across the nation (Posner).",1,AI,11,short,human_vs_ai_sentences
"I'm much happier this way.""(Rosenthal,3).",0,Human,5,very_short,human_vs_ai_sentences
It can also reduce power from the engine to help in the need of an emergency.,0,Human,16,short,human_vs_ai_sentences
"Smiling is such a simple thing but it can make such a huge difference; smiling can make other people around you happier too, and it can also help boost your own mood.",1,AI,32,medium,human_vs_ai_sentences
Do you think the author did a great job on suggesting that studying Venus is a worthly pursuit despite the dangers it presents?,0,Human,23,short,human_vs_ai_sentences
"This could lead to fewer cars on the road, as people will be able to share cars more easily.",1,AI,19,short,human_vs_ai_sentences
"and up to 50 percent in car-intensive areas of the United States"" (Rosenthal, paragraph 5).",0,Human,15,short,human_vs_ai_sentences
"By encouraging other people, not only will you help other people, but you will help yourself.",0,Human,16,short,human_vs_ai_sentences
Dear.,0,Human,1,very_short,human_vs_ai_sentences
Hey there!,1,AI,2,very_short,human_vs_ai_sentences
Student should be able to work from home?,0,Human,8,very_short,human_vs_ai_sentences
So why even take that risk?,0,Human,6,very_short,human_vs_ai_sentences
Teachers often make projects that require students to reach very high standards.,0,Human,12,short,human_vs_ai_sentences
Whether it’s teaching English abroad or participating in beach cleanups here at home – volunteering gives millennials yet another opportunity connect with cause they care deeply about while developing themselves personally too!.,1,AI,32,medium,human_vs_ai_sentences
I agree with this statement for a few reasons.,1,AI,9,very_short,human_vs_ai_sentences
"Mother and media trainer, Heidrum Walter attested to this after moving into a mostly car-less community, claiming ""when [she] had a car [she] was always tense.",0,Human,26,short,human_vs_ai_sentences
When you vote for a presidential candidate youre actually voting for a slate of electors.,0,Human,15,short,human_vs_ai_sentences
The answer is not quite so straightforward.,1,AI,7,very_short,human_vs_ai_sentences
"Like, if we have a place to go and focus on our homework, we could get it done faster and feel more confident about it.",1,AI,25,short,human_vs_ai_sentences
"Finally, I believe that it is better to have broad knowledge of many academic subjects because it makes students more well-rounded.",1,AI,21,short,human_vs_ai_sentences
There are many animals that are used in the production of food.,1,AI,12,short,human_vs_ai_sentences
"The process begins when the computar constructs a 3-D computar model of the face: All 44 mayjor muscles in the model must move like human muscles movement of one or more muscles in the model is called an ""action unit"" then Dr. Huang relies on the work of psychologist, such as Dr. Paul Eckman, creator of FACS.",0,Human,57,medium,human_vs_ai_sentences
"Some people believe that it is solely to prepare students for gainful employment, while others believe that it has other functions, such as developing the intellect and character of the students.",1,AI,31,medium,human_vs_ai_sentences
"When you excersise and sweat, your body releases endorphines which triggers a chemical in your body.",0,Human,16,short,human_vs_ai_sentences
Some students need day's to understand the content.,0,Human,8,very_short,human_vs_ai_sentences
"By taking advantage of these benefits, students can create a more focused and effective learning environment that can lead to better academic performance.",1,AI,23,short,human_vs_ai_sentences
It's a way of life.,1,AI,5,very_short,human_vs_ai_sentences
.,1,AI,1,very_short,human_vs_ai_sentences
What if those parking spots were gone?,0,Human,7,very_short,human_vs_ai_sentences
The technology would be ableto know when the student was getting confused and bored and modify the lesson or activity to make it easier and more fun for the student.,0,Human,30,short,human_vs_ai_sentences
"Despite the Electoral College having some problems, if we get a new process it will possibly have more problems and will be more difficult to control.",0,Human,26,short,human_vs_ai_sentences
"If somebody lived in Rhode Island, for example, they would never get the chance to see their potential president speak, therefore they would have to make their descion based on television speeches, newspaper articles, etc.",0,Human,35,medium,human_vs_ai_sentences
What would help them succeed in life.,0,Human,7,very_short,human_vs_ai_sentences
Community service should be a school rule that involves everyone.,0,Human,10,very_short,human_vs_ai_sentences
"for example, in the elections that happened in 2012, Obama received 61.7 percent of the electoral vote compared to only 51.3 percent of the popular votes cast for him and Romney, b ecause almsot all states award electoral votes on a winner-take-all basis,ev en a very slight.",0,Human,47,medium,human_vs_ai_sentences
"So, it should definitely not be optional.",1,AI,7,very_short,human_vs_ai_sentences
"Finally, limiting car usage can help to reduce our reliance on oil.",1,AI,12,short,human_vs_ai_sentences
All these benefits aside however becoming entrepreneur isn't easy undertaking involves lot,1,AI,12,short,human_vs_ai_sentences
The  presidential  election  happens  every  four  years  on  a  tuesday  in Novemeber.,0,Human,12,short,human_vs_ai_sentences
"In conclusion, I believe that overusing E-dictionaries may have more disadvantages than advantages for English learning.",1,AI,16,short,human_vs_ai_sentences
Therefore,1,AI,1,very_short,human_vs_ai_sentences
That's why you should join the seagoing cowboys.,0,Human,8,very_short,human_vs_ai_sentences
"This could lead to a promotion or a raise, as they have demonstrated their ability to think outside the box and take calculated risks.",1,AI,24,short,human_vs_ai_sentences
The discipline and focus needed to commit to challenging goals can introduce a sense of purpose and provide valuable lessons that can be reapplied in similar situations.,1,AI,27,short,human_vs_ai_sentences
"So yes, i believe that driverless cars should not be developed any further.",0,Human,13,short,human_vs_ai_sentences
"I personally disagree, even though it is a good idea, some students don't have the time to participate in these activities.",0,Human,21,short,human_vs_ai_sentences
a natural landform.,0,Human,3,very_short,human_vs_ai_sentences
"First, it is undemocratic.",1,AI,4,very_short,human_vs_ai_sentences
So they can use their phones.,0,Human,6,very_short,human_vs_ai_sentences
"By hearing multiple perspectives, we can weigh the pros and cons of each option and make a more informed decision.",1,AI,20,short,human_vs_ai_sentences
"Well, like, you might miss out on stuff.",1,AI,8,very_short,human_vs_ai_sentences
"Sincerely,

[Your Name]",1,AI,3,very_short,human_vs_ai_sentences
"Hello, there fellow citizens of all around what if i could tell you there could be less car accidents, less pollution, and a healthier life style that we can all live with right now!",0,Human,34,medium,human_vs_ai_sentences
"Furthermore, livestock farming requires vast amounts of land, water, and other resources, leading to deforestation, soil erosion, and water pollution.",1,AI,20,short,human_vs_ai_sentences
We need to make our communities more walkable and bikeable in order to encourage people to get around without a car.,1,AI,21,short,human_vs_ai_sentences
"As an eighth-grade student, I believe that finishing high school within three years can be a challenging task for many students.",1,AI,21,short,human_vs_ai_sentences
"It's a valid point to think of this, but having the option to work from school should be thought of more of a privelidge instead of some free way out of class.",0,Human,32,medium,human_vs_ai_sentences
One benefit offered by using an IoT device is increased convenience.,1,AI,11,short,human_vs_ai_sentences
Online schooling is a recent form of schooling which allows students to be at home and learn the same information as students at school.,0,Human,24,short,human_vs_ai_sentences
We can also better identify the implications of our choices and prioritize our values to make positive decisions.,1,AI,18,short,human_vs_ai_sentences
"The fact extracurricular activities are proven to boost student performance in subjects is more than enough of a reason to partake on an activity, don't you think?",0,Human,27,short,human_vs_ai_sentences
"Furthermore, financial costs can add up quickly between purchasing supplies such as books and notebooks; investing in science experiments or field trips; hiring tutors; joining classes outside the home; attending conferences & workshops; even exploring travel opportunities related to studies (depending upon budget).",1,AI,43,medium,human_vs_ai_sentences
Abolishing the electoral college would improve voting and make citizens want to vote.,0,Human,13,short,human_vs_ai_sentences
"Additionally, in the 1976 election, if 5,559 voters in the swing state of Ohio, and 3,687 voters in Hawaii had simply voted in favor of the candidate with the minority of the votes, a tie would have occured.",0,Human,38,medium,human_vs_ai_sentences
"Although a tie in the nationwide electoral vote is possible, it is highly unlikely.",1,AI,14,short,human_vs_ai_sentences
"Third, limiting car usage can help to save money.",1,AI,9,very_short,human_vs_ai_sentences
"It is never too hard to practice using your phone less while driving, and most importantly if you have children or teens who see you on your phone while driving they might think it's okay to do it as well.",0,Human,40,medium,human_vs_ai_sentences
"Furthermore concerns arise around how much autonomy we give these machines - if given too much freedom then this raises questions about what would happen if a robot decides decide one course of action over another without consulting its users first which could result in dangerous consequences especially where safety is concerned (e.g., giving medication).",1,AI,55,medium,human_vs_ai_sentences
"For example, many successful entrepreneurs have taken risks by investing in new and innovative ideas.",1,AI,15,short,human_vs_ai_sentences
"The population has grown exponentially, and there are now 50 states.",1,AI,11,short,human_vs_ai_sentences
"Despite the dangers it presents, studying Venus is a worthy persuit because it could lead to many scientific discoveries, and set foot on another planet and gather data, and see what happened to Venus and possibly find out how to prevent it from happening to Earth.",0,Human,46,medium,human_vs_ai_sentences
"The article says ""Defenders of the NASA budget wish there was an ancient civilization on Mars."" This means that the landform was made by natural occurances.",0,Human,26,short,human_vs_ai_sentences
"Which leads to the next question, what makes a ""smarter car"" smarter?",0,Human,12,short,human_vs_ai_sentences
Then he explain some issue of landing on Venus because each previous mission was unmanned and the spacecraft could only survive for 2 hours.,0,Human,24,short,human_vs_ai_sentences
One other reason that I agree with policy 1 is because our parents buy our cell phones so that they can keep in touch with us.,0,Human,26,short,human_vs_ai_sentences
"It has been shown through numerous studies, for example, that playing interactive video games can lead to improved hand-eye coordination as well as improved problem solving skills due some puzzle type elements being present within many modern titles.",1,AI,38,medium,human_vs_ai_sentences
It's time to stand up for the safety of your life and the people around you.,0,Human,16,short,human_vs_ai_sentences
In other states they arranged it by saying that only even license numbers could go out and use their car on a specific day assigned if you were to get caught violating the fine was going to be 22-euro fine ($31).,0,Human,41,medium,human_vs_ai_sentences
"A plastic bag can take up a lot of space because it takes up a lot of resources, such as energy and water, which can be used more efficiently in other ways.",1,AI,32,medium,human_vs_ai_sentences
It can also save you money on gas and parking.,1,AI,10,very_short,human_vs_ai_sentences
"For example, video games can improve hand-eye coordination, problem-solving skills, and social skills.",1,AI,13,short,human_vs_ai_sentences
"Sincerely,

[Your name]",1,AI,3,very_short,human_vs_ai_sentences
Some people argue that modern technology makes life more convenient.,1,AI,10,very_short,human_vs_ai_sentences
"Ultimately, by continuing investments into our nation’s public libraries we ensure that every individual has equal opportunity for success no matter where they live or go about their daily life; something which should never be taken lightly given its impact on our culture as whole now and far into the future ahead!",1,AI,52,medium,human_vs_ai_sentences
"In conclusion, do students really benfit attending school from home?",0,Human,10,very_short,human_vs_ai_sentences
In Bagota Colombia- Colombian officials set to spread a program across to ohther countries.,0,Human,14,short,human_vs_ai_sentences
"Furthermore, increased pesticide usage required for monocultures can harm beneficial insect species like bees which play an essential role in pollinating many plants crucial for our food supply chain (e.g., fruits & vegetables).",1,AI,33,medium,human_vs_ai_sentences
"Furthermore, the Electoral College doesn't have a majority vote.",0,Human,9,very_short,human_vs_ai_sentences
"In this essay, I will explore the benefits of trying new things and why it is best to step out of our comfort zones and embrace new experiences.",1,AI,28,short,human_vs_ai_sentences
A reason this technology could be helpful is because students might get bored in a classroom.,0,Human,16,short,human_vs_ai_sentences
Thank you for your time.,1,AI,5,very_short,human_vs_ai_sentences
Kindness also has an important effect on our future success.,1,AI,10,very_short,human_vs_ai_sentences
Another is the ingredients.,1,AI,4,very_short,human_vs_ai_sentences
"You gotta keep up the act all the time, and it's just not worth it.",1,AI,15,short,human_vs_ai_sentences
"If an abundant amount of people continue to drive cars as the way they do, every country is going to have the smog problem Beijing and France are having.",0,Human,29,short,human_vs_ai_sentences
A place were cars are a thing of the past.,0,Human,10,very_short,human_vs_ai_sentences
"🤯

First off, technology has made our lives way easier.",1,AI,10,very_short,human_vs_ai_sentences
Thank you for your time.,1,AI,5,very_short,human_vs_ai_sentences
Communication was also imperative to the success of the game during this period.,1,AI,13,short,human_vs_ai_sentences
"It can cause respiratory problems, heart disease, and cancer.",1,AI,9,very_short,human_vs_ai_sentences
Imagination also helps us understand things better.,1,AI,7,very_short,human_vs_ai_sentences
"But reflecting on my experience, I have now come to understand the importance of failure in the pursuit of success.",1,AI,20,short,human_vs_ai_sentences
"Despite having the capability to store a large amount of data, small devices like cell phones remain vulnerable to several types of attacks from malicious actors such as hackers, who aim to gain access to confidential information for their own gain or even for political reasons.",1,AI,46,medium,human_vs_ai_sentences
"So, just be yourself and own it.",1,AI,7,very_short,human_vs_ai_sentences
"But with online classes, you can still learn even on days when school is closed.",1,AI,15,short,human_vs_ai_sentences
When they do you should tell them what you think.,0,Human,10,very_short,human_vs_ai_sentences
"This strategy helped him accomplish his goals, such as drafting the Declaration of Independence and serving as the third President of the United States.",1,AI,24,short,human_vs_ai_sentences
This dependence can lead to political instability and economic vulnerability.,1,AI,10,very_short,human_vs_ai_sentences
"Most teachers put summer projects in next years grade book or add it as extra credit, that just provides more incentive and motivation for the students to complete their projects to the best of their ability.",0,Human,36,medium,human_vs_ai_sentences
"To solve this issue, schools require students to restart their laptops once a week in class in order to refresh the program and decrease the possibility of any technological issues.",0,Human,30,short,human_vs_ai_sentences
"Dear Principal,

I am writing to you about the possible policy change of requiring at least a grade B average to participate in sports or other activities.",1,AI,27,short,human_vs_ai_sentences
"It's a win win either way I believe because if student do not complete work then they have to go to school and talk with their teachers, and if they complete their assignments, they still video chat with their teachers and check in so that they would know they are good and not to worry about that certain student.",0,Human,59,medium,human_vs_ai_sentences
"Unfortunately, their existence is now threatened due to the unavoidable consequences of human-induced climate change.",1,AI,15,short,human_vs_ai_sentences
"The passage set mentions that Paris enforced a partial driving ban to clear the air of pollution, resulting in a 60 percent decrease in congestion and improved air quality.",1,AI,29,short,human_vs_ai_sentences
"Generally, food in the United States is more processed and convenience-based than in Puerto Rico and El Salvador, where traditional, made-from-scratch, home-cooked meals are more common.",1,AI,26,short,human_vs_ai_sentences
Summer is a time to have fun and rest.,0,Human,9,very_short,human_vs_ai_sentences
Additionally,1,AI,1,very_short,human_vs_ai_sentences
In a driverless car this could be prevented because the driver is not driving the vehicle.,0,Human,16,short,human_vs_ai_sentences
Nicu Sebe of the University of Amsterdam.,0,Human,7,very_short,human_vs_ai_sentences
However not every owner may be tech savvy enough use,1,AI,10,very_short,human_vs_ai_sentences
I am not telling you how to run the school but you will never get the parents or students attention.,0,Human,20,short,human_vs_ai_sentences
"Further, young people should receive assistance from the adults in their lives in order to make sure that they are not forcing themselves into a future that may not be the right fit for them.",1,AI,35,medium,human_vs_ai_sentences
"But the thing is, if we don't give up, if we keep striving for our goals, we can achieve anything we set our minds to.",1,AI,25,short,human_vs_ai_sentences
"However, is our privilege to vote really honest and are the results of elections really in our hands like we think they are?",0,Human,23,short,human_vs_ai_sentences
"From the very first descriptions of the idea the author is trying to bring across, the audience is turned away from the author's opinion.",0,Human,24,short,human_vs_ai_sentences
"Take a rug for example, some people have a rug as a place to clean your shoes while others use a rug as a place to practice their religion.",0,Human,29,short,human_vs_ai_sentences
They offer a fast and efficient form of transportation across both long and short distances.,0,Human,15,short,human_vs_ai_sentences
"In addition, the workplace is becoming increasingly competitive, as employers are looking for the most qualified candidates.",1,AI,17,short,human_vs_ai_sentences
"Juggling classes, exams, and extracurricular activities can add up quickly and leave students feeling overwhelmed.",1,AI,15,short,human_vs_ai_sentences
In summary distance learning as an option for students to attend classes from home by way online or video conferencing.,0,Human,20,short,human_vs_ai_sentences
"It's their time and their passion, after all!",1,AI,8,very_short,human_vs_ai_sentences
It is subjective and varies from person to person.,1,AI,9,very_short,human_vs_ai_sentences
There are a number of things that individuals and communities can do to encourage people to limit car usage.,1,AI,19,short,human_vs_ai_sentences
"in 2013, BMW developed a car which can go up to twenty five miles per hour if the driver keeps his or her hands on the steering wheel, adding to the safety features on these new cars.",0,Human,37,medium,human_vs_ai_sentences
"After the animals were unloaded, everyone played games like baseball and such.",0,Human,12,short,human_vs_ai_sentences
This could potentially improve teaching methods to better meet students' needs.,1,AI,11,short,human_vs_ai_sentences
Cool.,1,AI,1,very_short,human_vs_ai_sentences
"Dear Principal,

I think it should be required that all students should perform community service because it is a very good thing that us as children should help others and the planet.",0,Human,32,medium,human_vs_ai_sentences
Also one of the most common reasons is that they might have other things to do.,0,Human,16,short,human_vs_ai_sentences
They may not feel that they have a voice or that their opinions matter.,1,AI,14,short,human_vs_ai_sentences
The morning and evening cycles are difficult to work in.,1,AI,10,very_short,human_vs_ai_sentences
They are about helping animals and teaching people.,1,AI,8,very_short,human_vs_ai_sentences
"If only a few people join, it might be hard for them to get the help they need, and it might not be as fun as they thought it would be.",1,AI,31,medium,human_vs_ai_sentences
"While this may not seem like a big deal, smog can actually kill you if too much is inhaled.",0,Human,19,short,human_vs_ai_sentences
One of these possible positive changes is distance learning: a way to attend school from home through online conferences.,0,Human,19,short,human_vs_ai_sentences
Getting a B average is not that difficult but it makes you look so much better.,0,Human,16,short,human_vs_ai_sentences
"While not all of the advice I received was helpful, I was able to gain a broader understanding of the situation and make a more informed decision.",1,AI,27,short,human_vs_ai_sentences
70 percent of Vauban's families do not have cars.,0,Human,9,very_short,human_vs_ai_sentences
"Sincerely,

STUDENT_NAME",0,Human,2,very_short,human_vs_ai_sentences
"""At the most basic level, the electoral college is unfair to voters.",0,Human,12,short,human_vs_ai_sentences
Who are the electors at all?,0,Human,6,very_short,human_vs_ai_sentences
"""Ashley D.",0,Human,2,very_short,human_vs_ai_sentences
When having the benefit to take online class at home is working at your own pace.,0,Human,16,short,human_vs_ai_sentences
"So get those pen, pencils, paper, etc.",0,Human,7,very_short,human_vs_ai_sentences
"Sincerely, 
[Your Name]",1,AI,3,very_short,human_vs_ai_sentences
There are many reasons why the Electoral College is unfair.,1,AI,10,very_short,human_vs_ai_sentences
"Like, we could use cells or computer models or something.",1,AI,10,very_short,human_vs_ai_sentences
"There are a lot of reasons for this, including the fact that cars are more fuel-efficient than they used to be, which means they use less fuel and produce less greenhouse gas emissions.",1,AI,33,medium,human_vs_ai_sentences
"Behind successful individuals are often stories of failure, as was the case with Steve Jobs.",1,AI,15,short,human_vs_ai_sentences
"Furthermore, driverless cars will also revolutionize the way we travel.",1,AI,10,very_short,human_vs_ai_sentences
"Or, they just don't want to.",0,Human,6,very_short,human_vs_ai_sentences
Achieving goals is a crucial component of building self-esteem.,1,AI,9,very_short,human_vs_ai_sentences
"In order tackle this issue there are several proactive steps society can take such as reducing consumption rates via purchasing reusable items instead whenever possible , investing into proper waste management systems , educating citizens about effects associated with improper disposal methods and incentivizing companies producing goods with high levels of plastic content (such computers).",1,AI,55,medium,human_vs_ai_sentences
Venus is like Earth's sister planet.,0,Human,6,very_short,human_vs_ai_sentences
"Finally, cars are expensive.",1,AI,4,very_short,human_vs_ai_sentences
Cars are making the particulate matter go up by a huge percent.,0,Human,12,short,human_vs_ai_sentences
"Sure, here is an essay arguing against adding one and a half hours to school days from the perspective of an average 8th grade student:

Introduction:

Hey, guys, have you heard the latest?",1,AI,33,medium,human_vs_ai_sentences
"He noted that “honesty is the first chapter in the book of wisdom,” which means that without hard work and determination, success is impossible.",1,AI,24,short,human_vs_ai_sentences
"In any society, there will always be individuals who may exhibit deviant behavior that can threaten the peace and stability of that society.",1,AI,23,short,human_vs_ai_sentences
"The electoral college does not just elect the president by itself, it works on what the people elect.",0,Human,18,short,human_vs_ai_sentences
"Sincerely,

[Your Name]",1,AI,3,very_short,human_vs_ai_sentences
"These cities propose a fundamental shift in urban planning, where private automobiles are either heavily restricted or entirely absent, making room for sustainable transportation alternatives and a greener, more vibrant urban environment.",1,AI,32,medium,human_vs_ai_sentences
"Not only did the student misspell words during his presentation, but he was not able to recall important details from his past experiences.",1,AI,23,short,human_vs_ai_sentences
"Pollution, Economy, and people's health are all a factor to limiting car usuage.",0,Human,13,short,human_vs_ai_sentences
The relationship between man and nature is one that goes back generations – often intertwined with cultural heritage and spirituality too - making it all the more fascinating how those who practice this ancient art form today still enjoy it just as much today as they did hundreds (or even thousands) years ago!,1,AI,53,medium,human_vs_ai_sentences
"She was slowly making progress in this direction and, as a result, gaining greater satisfaction from her job.",1,AI,18,short,human_vs_ai_sentences
"Like, if you're always putting in 100% effort, you're more likely to achieve your goals.",1,AI,15,short,human_vs_ai_sentences
Researchers and NASA are trying to find a way to land safety and see if people can actally live on Venus.,0,Human,21,short,human_vs_ai_sentences
"Sincerely,

[Your Name]",1,AI,3,very_short,human_vs_ai_sentences
I trust that you will take my viewpoint into consideration when evaluating any potential changes to our presidential election process.,1,AI,20,short,human_vs_ai_sentences
"As we move forward,",1,AI,4,very_short,human_vs_ai_sentences
Utilizing one's own agency to make decisions—good or bad—can provide valuable insight and helpful information for the future.,1,AI,18,short,human_vs_ai_sentences
We could impress people towards our government parties to support us by voting us.,0,Human,14,short,human_vs_ai_sentences
"Even though Neville is fictional, he proves the importance of extracurriculars, and shows exactly why every student should participate in at least one.",0,Human,23,short,human_vs_ai_sentences
"When people walk, bike, or take public transportation, they save money on these costs.",1,AI,14,short,human_vs_ai_sentences
"Traditional classroom settings are often disrupted by snow days, which can cause students to miss important lessons and assignments.",1,AI,19,short,human_vs_ai_sentences
The task might get in the way of our life that we want to live.,0,Human,15,short,human_vs_ai_sentences
The final statement is that venus could have been earths most looked like planet.,0,Human,14,short,human_vs_ai_sentences
Physical fitness is also a big motivator for a few students with sports related activities.,0,Human,15,short,human_vs_ai_sentences
"Posner also argues that voters in swing states, knowing that they will decide the election, are likely to be the most thoughtful and attentive, leading to a more informed outcome (Posner 20).",1,AI,32,medium,human_vs_ai_sentences
"Sincerely,
[Your Name]",1,AI,3,very_short,human_vs_ai_sentences
"She told me that it was not impossible, but just a lot of work you need to be committed to do.",0,Human,21,short,human_vs_ai_sentences
"Hey, I'm like totally stoked to be writing this essay!",1,AI,10,very_short,human_vs_ai_sentences
New York City is another place I would love to visit because it's so vibrant and exciting.,1,AI,17,short,human_vs_ai_sentences
It is said to be called smart planning.,0,Human,8,very_short,human_vs_ai_sentences
All things considered then it becomes clear why so many parents these days are,1,AI,14,short,human_vs_ai_sentences
Some of our planets are called sister planets sister plants i think sister planets are planets that look the same scientist at his point don't know what are they or waht other name should they called them.,0,Human,37,medium,human_vs_ai_sentences
If you frown when you see that ad it will show you a conpletely differnet one.,0,Human,16,short,human_vs_ai_sentences
Ask them and just here to what they'll tell you.,0,Human,10,very_short,human_vs_ai_sentences
This may lead to a lack of financial security.,1,AI,9,very_short,human_vs_ai_sentences
And they might help other communit,0,Human,6,very_short,human_vs_ai_sentences
"They should also ensure that they provide sustainable returns to their shareholders, while at the same time ensuring that they do not engage in unethical practices that could negatively impact their brand reputation.",1,AI,33,medium,human_vs_ai_sentences
Not all students have free time at the same time as others.,0,Human,12,short,human_vs_ai_sentences
"It can save you time and money, and it can also reduce your environmental impact.",1,AI,15,short,human_vs_ai_sentences
Enthusiasm is also crucial in reaching our goals.,1,AI,8,very_short,human_vs_ai_sentences
Limiting car usage can help to reduce air pollution.,1,AI,9,very_short,human_vs_ai_sentences
Not only do these systems provide unparalleled efficiency compared to traditional methods but they also offer significant competitive advantages against larger market entrants thanks to flexible structures and low upfront costs associated with setting up shop online .,1,AI,38,medium,human_vs_ai_sentences
"When I was younger, I used to judge people based solely on their appearance.",1,AI,14,short,human_vs_ai_sentences
What about attendance?,1,AI,3,very_short,human_vs_ai_sentences
"The consequences of our choices when it comes to our character traits can be significant, and it is important to carefully consider the impact of our actions on ourselves and others.",1,AI,31,medium,human_vs_ai_sentences
"The more a student is intrested and wants to learn about a topic, the more effort they are going to put into the project.",0,Human,24,short,human_vs_ai_sentences
"However, there are also dangers of being idle.",1,AI,8,very_short,human_vs_ai_sentences
"Also, ""With all these changes, people wo stopped car commuting as a result of the recession may find less reason to resume the habit...."" thus, causing a sudden shift in the way pollution is being created.",0,Human,36,medium,human_vs_ai_sentences
"In conclusion, enforcing this new rule can be inconvenient to families who's parents work late, to students who already joined an activity, that they signed up for outside of school, and to students who have a lot of homework that needs to be completed.",0,Human,44,medium,human_vs_ai_sentences
-A concerned Student,0,Human,3,very_short,human_vs_ai_sentences
"Some might agree with the idea and won't mind their kids using cell phones in school, but some might disagree and want their kids to not be distracted during school, and to just learn the curriculum that the school has to offer.",0,Human,42,medium,human_vs_ai_sentences
"Finally, online monitoring systems can also help to improve communication between parents and teachers.",1,AI,14,short,human_vs_ai_sentences
How would you feel if we had a technlology to read students?,0,Human,12,short,human_vs_ai_sentences
"For example, students can work together to complete a puzzle or play a cooperative game.",1,AI,15,short,human_vs_ai_sentences
How do people gain knowledge?,0,Human,5,very_short,human_vs_ai_sentences
Thomas Huang and Prof.,0,Human,4,very_short,human_vs_ai_sentences
Allowing the option of online classes could help ensure that students are able to learn in an environment that proves to be more beneficial to them.,0,Human,26,short,human_vs_ai_sentences
Now a days when people hear excersize they would run and hide but it's mostly because we have all these vehicals that can take us places without the dreaded walking or running.,0,Human,32,medium,human_vs_ai_sentences
"Tour groups often consist of people from different backgrounds and cultures, and the shared experience of travel can bring them together.",1,AI,21,short,human_vs_ai_sentences
.,1,AI,1,very_short,human_vs_ai_sentences
"It has brought us our ups and downs, but everything has it's cons.",0,Human,13,short,human_vs_ai_sentences
Their idealism led to discoveries that changed the world and advanced human knowledge.,1,AI,13,short,human_vs_ai_sentences
"Not long after, her parents became worried and sent her to a therapist, but most of the time she just came up with an excuse not to go.",0,Human,28,short,human_vs_ai_sentences
"For this reason, schools should be required to include a mandatory volunteer program as part of their curriculum.",1,AI,18,short,human_vs_ai_sentences
"But even with the ban almost 4,000 people were fined a fee of 22 euros ($31).",0,Human,16,short,human_vs_ai_sentences
I know some kids might say that they don't have time for extracurricular activities because they have to do homework or chores at home.,1,AI,24,short,human_vs_ai_sentences
"People think that once a new president gets elected that, things around the world are going too change.",0,Human,18,short,human_vs_ai_sentences
"While these activities can be enjoyable, they are not using one's time and resources in a productive way.",1,AI,18,short,human_vs_ai_sentences
"If you reduce your car usage, you will help to improve the air quality in your community.",1,AI,17,short,human_vs_ai_sentences
"Like, it's important to pay attention to details and be careful when you're working with things.",1,AI,16,short,human_vs_ai_sentences
It's like a dream come true!,1,AI,6,very_short,human_vs_ai_sentences
"Hey, guys!",1,AI,2,very_short,human_vs_ai_sentences
"The point is, all these passions can start from you just wanting to try out an activity.",0,Human,17,short,human_vs_ai_sentences
Scientist believe that Venus was an Earth-like planet many years ago.,0,Human,11,short,human_vs_ai_sentences
One way that advertisements make products seem better than they are is by using attractive models.,1,AI,16,short,human_vs_ai_sentences
"Overall, there are many good reasons to support the movement to limit car usage.",1,AI,14,short,human_vs_ai_sentences
"Other of my examples is that part of some students leave school, because their parents need to work,and they need to support their family to survive,getting money,finding a job,taking care of their siblings,or helping with home responsibilities.",0,Human,37,medium,human_vs_ai_sentences
"You can video chat with your friends who live on the other side of the world, or send them a quick message on social media.",1,AI,25,short,human_vs_ai_sentences
Automated solutions provide a cost-effective alternative which allows companies allocate resources better and save money in exchange for quicker turnaround times on various projects .,1,AI,25,short,human_vs_ai_sentences
Driverless Cars pose many possitives and negatives.,0,Human,7,very_short,human_vs_ai_sentences
I can solve the ones not even teachers can solve because I am intelligent.,0,Human,14,short,human_vs_ai_sentences
This is because freedom of speech is a fundamental human right that allows individuals to express their thoughts and opinions without fear of retaliation or censorship.,1,AI,26,short,human_vs_ai_sentences
"Libraries, on the other hand, provide access to curated resources that have been carefully selected and vetted by experts.",1,AI,19,short,human_vs_ai_sentences
Food however plays an integral role throughout this magical period – ranging from traditional dishes such as turkey dinners accompanied with cranberry sauce; homemade pies made lovingly by grandmothers passed down through generations; gingerbread houses created collaboratively between siblings…the list goes on!,1,AI,42,medium,human_vs_ai_sentences
There are a number of ways to limit car usage.,1,AI,10,very_short,human_vs_ai_sentences
They even indicate the difference between a genuine smile and a forced one.,0,Human,13,short,human_vs_ai_sentences
"An online course teacher does not have this same bond as an in-school teacher, and this represents one of the many possible cons.",0,Human,23,short,human_vs_ai_sentences
"Many people who work minimum wage jobs are living paycheck to paycheck and can barely afford rent, food, and other necessities.",1,AI,21,short,human_vs_ai_sentences
"The economic benefits of addressing climate change far outweigh the costs, and it is our moral imperative to protect the planet for future generations.",1,AI,24,short,human_vs_ai_sentences
Another advantage is the reduction of traffic congestion.,1,AI,8,very_short,human_vs_ai_sentences
"Additionally, a person's motivations can influence their character.",1,AI,8,very_short,human_vs_ai_sentences
"The landform labeled the Face is certainly an intriguing discovery, but not for the fact it was an acient alien monument.",0,Human,21,short,human_vs_ai_sentences
"70% of the people in Vauban don't own cars, and 54% have giving up their cars to live there.",0,Human,19,short,human_vs_ai_sentences
Then you wouldn't exactly know what they are really feeling.,0,Human,10,very_short,human_vs_ai_sentences
"By limiting car usage, we can reduce the amount of air pollution in our communities and improve our health.",1,AI,19,short,human_vs_ai_sentences
.,1,AI,1,very_short,human_vs_ai_sentences
It going to be a caus if you change it.,0,Human,10,very_short,human_vs_ai_sentences
"Schools could also provide students with more flexible schedules, allowing them to attend school at different times or attend school part-time.",1,AI,21,short,human_vs_ai_sentences
"When we fail, we are forced to think outside the box and come up with new solutions.",1,AI,17,short,human_vs_ai_sentences
It is none other than the electoral college system.,0,Human,9,very_short,human_vs_ai_sentences
"Scientist discoverd that the face was formed by a shadow giving the illusion of eyes, nose, and mouth."" Over the past years scientist believe it would attract more attention to Mars.",0,Human,31,medium,human_vs_ai_sentences
One could see the other side and having the project being teacher orientated.,0,Human,13,short,human_vs_ai_sentences
"Or you might think someone is super nice, but then you find out they're actually a total jerk.",1,AI,18,short,human_vs_ai_sentences
Limiting car usage has a number of benefits.,1,AI,8,very_short,human_vs_ai_sentences
By working at your own paste and slowing things down can potentially help the student in a positive way.,0,Human,19,short,human_vs_ai_sentences
What activity would you like to do?,0,Human,7,very_short,human_vs_ai_sentences
edu/news_releases/drivers-on-cell-phones-are-as-bad-as-drunks/).,0,Human,1,very_short,human_vs_ai_sentences
"With prior experience in the beauty retail and nail artistry space, I am confident that this would be an excellent opportunity to grow my skills and knowledge further.",1,AI,28,short,human_vs_ai_sentences
"Table 1

Works Cited

AuthorLastName, FirstName.",0,Human,6,very_short,human_vs_ai_sentences
"at the same time if i were to take the classes at home, it would benefit me by being home with family, be able to go to work early, and actually participate because it would allow me to be on my own, alone and i like to be alone.",0,Human,49,medium,human_vs_ai_sentences
This is a valuable technology that can greatly impact the world.,0,Human,11,short,human_vs_ai_sentences
For example tightening your lips could identify anger.,0,Human,8,very_short,human_vs_ai_sentences
This prevents the dominance of only a few densely populated states in determining the outcome of the election and ensures that candidates address the needs of a broad range of constituents.,1,AI,31,medium,human_vs_ai_sentences
"Is wen the make othe people that dont want to do it , that wea i disagree.",0,Human,17,short,human_vs_ai_sentences
"Cooperation, on the other hand, is defined as ""the process of working together to the same end"" (Cooperation, n.",1,AI,19,short,human_vs_ai_sentences
"For instance, a sales associate who takes the time to learn about a customer's style and preferences can help them find the perfect outfit, which can lead to repeat purchases and positive reviews.",1,AI,33,medium,human_vs_ai_sentences
It's just not fair.,1,AI,4,very_short,human_vs_ai_sentences
Less cars would lower stress levels for all ages.,0,Human,9,very_short,human_vs_ai_sentences
She was a single mom living on welfare when she started writing her books.,1,AI,14,short,human_vs_ai_sentences
"When we do something nice for someone else, they are more likely to do something nice for someone else, and it can keep going on and on.",1,AI,27,short,human_vs_ai_sentences
"Many people struggle with asking for advice, but it becomes more easy over time.",0,Human,14,short,human_vs_ai_sentences
"Nowadays, electronic dictionaries (E-dictionaries) have been increasingly popular among students.",1,AI,10,very_short,human_vs_ai_sentences
"However, even in these cases it is important to ensure that the leader does not remain in power for too long.",1,AI,21,short,human_vs_ai_sentences
Thank you for your consideration.,1,AI,5,very_short,human_vs_ai_sentences
This means that a presidential candidate must strive for trans-regional appeal and consider the interests of all regions.,1,AI,18,short,human_vs_ai_sentences
Why?,0,Human,1,very_short,human_vs_ai_sentences
This can help them achieve their goals and overcome challenges.,1,AI,10,very_short,human_vs_ai_sentences
"On one hand, there is a strong case to be made for the importance of understanding ideas and concepts rather than just memorizing facts.",1,AI,24,short,human_vs_ai_sentences
The gas from your vehicle explores the air and that can cause a very filthy thing called polution in your communitiy.,0,Human,21,short,human_vs_ai_sentences
So...,0,Human,1,very_short,human_vs_ai_sentences
"For example, you may feel like you're missing out on the opportunity to learn and grow if you don't take advantage of the summer to pursue your passions.",1,AI,28,short,human_vs_ai_sentences
"Yes, car's make everything easier for you but what happens when there is a bad traffic day and you are already late to work.",0,Human,24,short,human_vs_ai_sentences
A test was conducted to see how drivers would drive under the influence or on the phone.,0,Human,17,short,human_vs_ai_sentences
I do have some ideas for helping out kids.,0,Human,9,very_short,human_vs_ai_sentences
"Just one of the advantages of limiting the usage of cars would be cutting down these huge numbers and getting rid of these issues, and if you asked anyone im pretty sure they'd say that this one advantage is plenty reason already to look into this.",0,Human,46,medium,human_vs_ai_sentences
Driverless cars can be another tool for the human population that could save lives.,0,Human,14,short,human_vs_ai_sentences
By connecting various devices to a central hub such as Amazon Echo Plus or Wink Hub 2 customers can access real-time information about how much power they’re using; this data can then be used to identify opportunities for reducing electricity consumption and saving money on bills each month.,1,AI,48,medium,human_vs_ai_sentences
This Interest would make learning new things much more fun and exciting for students.,0,Human,14,short,human_vs_ai_sentences
The FACS can help that.,0,Human,5,very_short,human_vs_ai_sentences
Others don't see the advantages of reducing car usage.,0,Human,9,very_short,human_vs_ai_sentences
"On top of that, different musical genres serve as distinct forms of self-expression for their creators and performers alike; each one conveying unique messages through its own signature sounds and meanings.",1,AI,31,medium,human_vs_ai_sentences
Thank you for your time.,1,AI,5,very_short,human_vs_ai_sentences
It would take years for us to perfect everythimg for a new voting system.,0,Human,14,short,human_vs_ai_sentences
"It is true that we have become a “throw-away society”, and this is damaging our environment.",1,AI,16,short,human_vs_ai_sentences
"Hip-Hop's lyrics often tackle topics such as racism, economic inequality, politics and other issues faced by minority populations living in urban areas worldwide; topics which previously may not have been discussed openly or widely understood until they were addressed through this art form.",1,AI,43,medium,human_vs_ai_sentences
The teams will not be as good because some of the good players will not be able to play and there you will lose more games than you would if you had those players back.,0,Human,35,medium,human_vs_ai_sentences
"That's right, rocks!",1,AI,3,very_short,human_vs_ai_sentences
"When we are passionate about something, it is natural for us to put our heart and soul into it.",1,AI,19,short,human_vs_ai_sentences
"On one hand, there is no doubt that understanding ideas and concepts is vital for a student's success.",1,AI,18,short,human_vs_ai_sentences
"Therefore, distance learning would be a best idea for students to work at home because it would allow more time to be done and complete many of their work at home.",0,Human,31,medium,human_vs_ai_sentences
The average fine for distracted driving is $150-$250.,0,Human,8,very_short,human_vs_ai_sentences
They cannot tell us whether or not they want to be used for food or clothing.,1,AI,16,short,human_vs_ai_sentences
"If you are a teacher looking to make the most of vacation time, speak to your local museums and parks about what programs and activities are available and plan a visit today!",1,AI,32,medium,human_vs_ai_sentences
I believe if we try and protest this new rule that it can be changed.,0,Human,15,short,human_vs_ai_sentences
Group travel is definitely the best way to travel.,1,AI,9,very_short,human_vs_ai_sentences
"It can also lead to a lack of flexibility and adaptability, as individuals may become too focused on their chosen career and be unwilling to make changes or take on new challenges.",1,AI,32,medium,human_vs_ai_sentences
By carefully selecting partners and establishing clear guidelines and expectations,1,AI,10,very_short,human_vs_ai_sentences
"Based on the story, Unmasking the Face on Mars, ""Scientists figured it was just another Martian mesa, common enough around Cydonia, only this one had unusual shadow that made it look like an Egyptian Pharaoh."" When this picture was showed to the world, many people thought it looked like a face, just like many scientst.",0,Human,55,medium,human_vs_ai_sentences
He told me that he didn't like me that much so we didn't talk too much.,0,Human,16,short,human_vs_ai_sentences
"To ensure promptness, it is important to create a plan in advance and make sure to leave plenty of time for surprises.",1,AI,22,short,human_vs_ai_sentences
"It showed every crack and bump on the surface of the ""face"", while the Viking's only showed patches of white while most of it was covered in shadow.",0,Human,28,short,human_vs_ai_sentences
Polution is constantly harming us and the world around us.,0,Human,10,very_short,human_vs_ai_sentences
Therefore will driving always keep your hands on the wheel and eyes on the road.,0,Human,15,short,human_vs_ai_sentences
"Studying Venus will give us more information about the once most Earth-like planet in our solar system, we will find out more about the extreme surface conditions, and will provide us with many technology innovations and advancements.",0,Human,37,medium,human_vs_ai_sentences
It would also cause several students to fall behind in their education.,0,Human,12,short,human_vs_ai_sentences
I trust that you will carefully weigh the advantages of the Electoral College in your decision-making process.,1,AI,17,short,human_vs_ai_sentences
Such a supportive atmosphere promotes creativity as well as respect for others' ideas leading to positive outcomes in class discussions or group projects that require input from multiple sources.,1,AI,29,short,human_vs_ai_sentences
That something you can't really take back.,0,Human,7,very_short,human_vs_ai_sentences
"Therefore,online classes is a great alternative especially if you're getting bullied like I was.",0,Human,14,short,human_vs_ai_sentences
It was established by our founding fathers and has been quite realiable over the couple hundred years it has been in service.,0,Human,22,short,human_vs_ai_sentences
The new policy would also help the students get on the right track when it comes to college.,0,Human,18,short,human_vs_ai_sentences
"""U Drive.",0,Human,2,very_short,human_vs_ai_sentences
"But when we walk or bike instead of drive, we can get a good workout without even realizing it.",1,AI,19,short,human_vs_ai_sentences
You won't regret it!,1,AI,4,very_short,human_vs_ai_sentences
"In a similar situation, if a sudent has a severe mental diability that renders them immobile, they could get anxious in crowded spaces where it is even more difficult to get around.",0,Human,32,medium,human_vs_ai_sentences
"If a new human driving cars costs 20,000 thousand, think about how much a driverless car might cost.",0,Human,18,short,human_vs_ai_sentences
"Similarly, someone who is seen as a hero today may be seen as a villain in the future.",1,AI,18,short,human_vs_ai_sentences
"🤦‍♀️ For one thing, I can't, like, physically interact with my teachers or classmates.",1,AI,14,short,human_vs_ai_sentences
Another thing I like about working in groups is that it's way more fun.,1,AI,14,short,human_vs_ai_sentences
This can lead to them feeling uncomfortable and exposed.,1,AI,9,very_short,human_vs_ai_sentences
"For instance, if we don't have any assignments or projects to work on during the break, we might spend our time watching TV or playing video games instead of doing something productive, like reading or studying.",1,AI,36,medium,human_vs_ai_sentences
And it would make our cities more livable.,1,AI,8,very_short,human_vs_ai_sentences
.,1,AI,1,very_short,human_vs_ai_sentences
"Not only could they cause injures, but they could also cause legal issues.",0,Human,13,short,human_vs_ai_sentences
I have two exampes as to why sending Scientist off in to space would be a bad idea.,0,Human,18,short,human_vs_ai_sentences
The Electoral College also gives disproportionate power to small states.,1,AI,10,very_short,human_vs_ai_sentences
"As technology advances, so too does the need for individuals to stay up-to-date with their knowledge.",1,AI,16,short,human_vs_ai_sentences
"It would be a good thing for everyone, to help other people in need.",0,Human,14,short,human_vs_ai_sentences
No matter what form it takes though — whether it’s lecture slideshows powered by Microsoft PowerPoint or gaming software designed for language arts instruction — one thing remains clear: embracing technology within school settings can prove challenging yet rewarding depending on its usage case-by-case basis offering unique advantages along with some drawbacks too.,1,AI,53,medium,human_vs_ai_sentences
Young scholars should be able to design their own projects durng the break because it shows how creative a student can get if he/she is left alone to choose his/her own topic to do the project on.,0,Human,37,medium,human_vs_ai_sentences
"""Why, yes you've been such a good man I let you, but only this time."" He had a dread look.",0,Human,20,short,human_vs_ai_sentences
"In conclusion, marijuana should be legalized because it's a natural plant, it helps people feel better, it's not as bad as other drugs, it would help the economy, and it's not fair to put people in jail for something that's not hurting anyone.",1,AI,43,medium,human_vs_ai_sentences
"If you aren't familiar with the ""face on mars"" then you're probably wondering why there is an argument going around.",0,Human,20,short,human_vs_ai_sentences
"That sounds pretty cool, I guess.",1,AI,6,very_short,human_vs_ai_sentences
"This means that most in most elections the focus is on the swing states or toss up states, all the efforts go to these states.",0,Human,25,short,human_vs_ai_sentences
"By driving less, we can reduce our reliance on foreign oil and make our country more energy independent.",1,AI,18,short,human_vs_ai_sentences
"Firstly, the electoral college is quite unfair.",0,Human,7,very_short,human_vs_ai_sentences
"On the one hand, university education is designed to prepare students for employment.",1,AI,13,short,human_vs_ai_sentences
"It's like, we're not even really connecting anymore.",1,AI,8,very_short,human_vs_ai_sentences
3.,1,AI,1,very_short,human_vs_ai_sentences
Heidrun is able to walk to any store because it is so close.,0,Human,13,short,human_vs_ai_sentences
"As all people has different talent, that they really want to show to people.",0,Human,14,short,human_vs_ai_sentences
"There are a number of ways to limit car usage, such as living in a walkable or bikeable community, taking public transportation, or carpooling or using a ride-sharing service.",1,AI,29,short,human_vs_ai_sentences
"First and foremost, single-use plastics are incredibly convenient.",1,AI,8,very_short,human_vs_ai_sentences
Texting while driving is a really problematic situation when it comes to acquiring a vehicle.,0,Human,15,short,human_vs_ai_sentences
"😅 Thanks for reading, I guess!",1,AI,6,very_short,human_vs_ai_sentences
Everything adds up to mesa and the thought of ancient artifacts are pointless.,0,Human,13,short,human_vs_ai_sentences
We each will be able to say we helped out with something big!,0,Human,13,short,human_vs_ai_sentences
I hope you liked it!,1,AI,5,very_short,human_vs_ai_sentences
"As said in the article, ""A classroom computer could recognize when a student is becoming confused or bored."" This also supports the fact that this technology could be valuable in classrooms.",0,Human,31,medium,human_vs_ai_sentences
"Also how in Paris, France they try to ban cars because of so much smog and air pollution.",0,Human,18,short,human_vs_ai_sentences
"For one thing, individual preferences can play a major role in how people choose to present themselves.",1,AI,17,short,human_vs_ai_sentences
"this is our chance to help ourselves and the generation to come, but are we willing to conform and put our luxiories aside for the greater good of mankind?",0,Human,29,short,human_vs_ai_sentences
"In conclusion, having an age mix of older and younger students in the same program can bring numerous benefits to both age groups.",1,AI,23,short,human_vs_ai_sentences
There are a number of reasons why education is expensive.,1,AI,10,very_short,human_vs_ai_sentences
"As explained by the Office of the Federal Register, our founding fathers implemented this system to compromise between a Congressional vote and a direct popular vote by qualified citizens for Presidential elections.",1,AI,32,medium,human_vs_ai_sentences
"Another reason why students will not benefit from being able to attend classes from home, because we get too distracted.",0,Human,20,short,human_vs_ai_sentences
"The influence of technology on this generation, the use of video conferencing and online courses, and the potential for socially and educationally beneficial connections all make distant learning a valuable option for students.",1,AI,33,medium,human_vs_ai_sentences
"Therefore, I would argue that formal education is not just a personal matter, but it is also an essential component for success in life.",1,AI,24,short,human_vs_ai_sentences
Failure is an important part of success.,1,AI,7,very_short,human_vs_ai_sentences
"As seen in the passages provided, this approach has been successfully implemented in various places around the world, with positive results.",1,AI,21,short,human_vs_ai_sentences
We learn all day and sometimes we just need a break.,0,Human,11,short,human_vs_ai_sentences
The car has become a staple of American life.,1,AI,9,very_short,human_vs_ai_sentences
.,1,AI,1,very_short,human_vs_ai_sentences
"In addition, cars emit other pollutants such as nitrogen oxides and particulate matter, which can contribute to poor air quality and harm human health.",1,AI,24,short,human_vs_ai_sentences
The advise is not what you want to hear.,0,Human,9,very_short,human_vs_ai_sentences
"Finally, working for the greater good leads to a greater sense of fulfillment and happiness.",1,AI,15,short,human_vs_ai_sentences
Another benefit of the lack of car usage is the improvement of public health.,0,Human,14,short,human_vs_ai_sentences
This kind of system is not needed in america from me speaking personally.,0,Human,13,short,human_vs_ai_sentences
"Because of this, if students were allowed to design their own projects for the summer, they would create easy projects for themselves in order to complete as little work as possible over the summer.",0,Human,34,medium,human_vs_ai_sentences
"Unconditionally, this very thought has already been emphasized ever since the invention of homework.",0,Human,14,short,human_vs_ai_sentences
Why wouldn't the emotinal expressions of a student be valuable?,0,Human,10,very_short,human_vs_ai_sentences
"In this essay, I will analyze the implications of being honest, examine the consequences of dishonesty, evaluate the potential benefits of being truthful, explore the negative repercussions of dishonesty, and create a conclusion that summarizes the views expressed in the essay.",1,AI,41,medium,human_vs_ai_sentences
And greenhouse gases are baad for the enviroment.,0,Human,8,very_short,human_vs_ai_sentences
Good team spirit habits are developed through understanding how to take direction from coaches/leaders but also to be responsible for your own actions when leading by example for younger players who look up to you as role models.,1,AI,38,medium,human_vs_ai_sentences
"dead""?",1,AI,1,very_short,human_vs_ai_sentences
"So, like, the prompt is pretty deep, you know?",1,AI,9,very_short,human_vs_ai_sentences
"However, there is a growing debate on whether children should be taught to compete or cooperate.",1,AI,16,short,human_vs_ai_sentences
"With a better video surgey, more lives will be saved.",0,Human,10,very_short,human_vs_ai_sentences
This mitigates the risk of prolonged disputes and ensures a smooth transfer of power.,1,AI,14,short,human_vs_ai_sentences
"After reading and analyzing several sources on the topic, I believe that the Electoral College should be maintained due to its practical advantages and ability to ensure a fair and representative election.",1,AI,32,medium,human_vs_ai_sentences
What if we find out further down the line that their first impression has nothing to do with their character at all?,1,AI,22,short,human_vs_ai_sentences
By playing sports kids become confident in what they do.,0,Human,10,very_short,human_vs_ai_sentences
"Like, think about it, if you're always grumpy and negative, no one wants to be around you or work with you.",1,AI,21,short,human_vs_ai_sentences
"Lastly, I researched the",1,AI,4,very_short,human_vs_ai_sentences
"According to my research, most schools in the U.S. are in session for around 180 days a year, which is less than many other countries.",1,AI,25,short,human_vs_ai_sentences
This is because finding the help of others makes you have less doubt in a situation where you have to make a decision.,0,Human,23,short,human_vs_ai_sentences
"Lastly, the Electoral College avoids the need for run-off elections.",1,AI,10,very_short,human_vs_ai_sentences
"Learning from home allows students to study and work simultaneously in an environment they are familiar and comfortable with, and eliminates the need to commute, potentially saving them time and money.",1,AI,31,medium,human_vs_ai_sentences
All these factors must be taken into account if we want our new found sense of unity to last long!.,1,AI,20,short,human_vs_ai_sentences
"However, there are students who struggle to keep up in a classroom, and by having these classes at home they can go at their own pace; and receive the further explanation they need.",0,Human,33,medium,human_vs_ai_sentences
"It can help individuals develop resilience, a growth mindset, and perseverance, all of which are crucial components of success.",1,AI,19,short,human_vs_ai_sentences
"People ask for advice from other people is to: Have more opinions, use those opinions and move them around, like a puzzle, and find out which one is best for you, not everybody else.",0,Human,34,medium,human_vs_ai_sentences
"This phrase suggests that success is not about achieving perfection or never failing, but rather about maintaining a positive attitude and a willingness to keep trying even in the face of adversity.",1,AI,32,medium,human_vs_ai_sentences
One way is to live in a walkable or bikeable neighborhood.,1,AI,11,short,human_vs_ai_sentences
"Many people view technology as a tool of progress, but with the invention of artificial intelligence (AI), humans are faced with both opportunities and challenges.",1,AI,25,short,human_vs_ai_sentences
One such time was when I decided to try out for the school debate team.,1,AI,15,short,human_vs_ai_sentences
"While this shift may have negative effects on car manufacturers, it can result in positive economic changes in other areas.",1,AI,20,short,human_vs_ai_sentences
"So, I guess you're asking us to write an essay about whether it's better to decide on a career early or wait until later.",1,AI,24,short,human_vs_ai_sentences
How many electric for one lamp?,0,Human,6,very_short,human_vs_ai_sentences
We can discovere things that we haven't seen.,0,Human,8,very_short,human_vs_ai_sentences
By telling and us in a art that software can tells us the emotinal and or feels on someone in a art desgin.,0,Human,23,short,human_vs_ai_sentences
So you are in gym and someone trips you and you fall and break your leg.,0,Human,16,short,human_vs_ai_sentences
"Ultimately, adding extra hours should be done with consideration for the impact on the student's academic performance, extracurricular activities, and overall quality of life.",1,AI,24,short,human_vs_ai_sentences
"Ultimately, the decision whether to graduate early or not should be made carefully in order to ensure that the student is able to get the most out of their high school and college experience.",1,AI,34,medium,human_vs_ai_sentences
"As an eighth-grade student, I have a dream of becoming a successful entrepreneur.",1,AI,13,short,human_vs_ai_sentences
As the years goes by you see that the face doesnt appear on anymore of the picutures from the time it started to the time it ends ( 1998 - 2001.,0,Human,31,medium,human_vs_ai_sentences
"In social contexts, first impressions can be particularly important.",1,AI,9,very_short,human_vs_ai_sentences
"This can lead to increased job satisfaction, reduced stress, and improved mental health.",1,AI,13,short,human_vs_ai_sentences
"RELATIVE_NAME missing the championship game affected his team for the worst, as the Red

Silver could've won its first basketball championship ever.",0,Human,22,short,human_vs_ai_sentences
"You're not gonna make impulsive or bad choices, you're gonna make choices that are gonna help you achieve your goals.",1,AI,20,short,human_vs_ai_sentences
Doing an extracurricular activity might not always bring good things to students.,0,Human,12,short,human_vs_ai_sentences
This means that they can be used indefinitely without depleting the earth's resources.,1,AI,13,short,human_vs_ai_sentences
But is it reley?,1,AI,4,very_short,human_vs_ai_sentences
While imagination can be unreliable and limited,1,AI,7,very_short,human_vs_ai_sentences
"It does not matter if you dont like space or planets but if you thinking about it, then now is the time to learn about the planet Venus.",0,Human,28,short,human_vs_ai_sentences
Luke loved playing these games!,0,Human,5,very_short,human_vs_ai_sentences
"Every year, as summer temperatures decline and leaves begin to change color, people around the world are blessed with a stunning display of natural artistry.",1,AI,25,short,human_vs_ai_sentences
Sports help kids clear their minds.,0,Human,6,very_short,human_vs_ai_sentences
Further compounding these issues is the fact that businesses may need to invest large amounts of money into technology solutions designed to reduce greenhouse gas emissions which could potentially add an extra layer onto already tight budgets.,1,AI,37,medium,human_vs_ai_sentences
"They are often smaller and more lightweight, which may make them less convenient to carry around.",1,AI,16,short,human_vs_ai_sentences
If we used this state of the art technology today companys and buisness could also use this through marketing so that they know what their customers think of their products and what needs to be done to make their company succede.,0,Human,41,medium,human_vs_ai_sentences
Automation has made it possible to do mundane tasks in a fraction of the time as before.,1,AI,17,short,human_vs_ai_sentences
"It would be another thing students have to do, these are the reasons why I am against this policy.",0,Human,19,short,human_vs_ai_sentences
In fact you cant have any social contact which is not healthy.,0,Human,12,short,human_vs_ai_sentences
Thank you for your time and consideration.,0,Human,7,very_short,human_vs_ai_sentences
Who wants to take a risk so deadly?,0,Human,8,very_short,human_vs_ai_sentences
On top of these benefits IoT-connected devices also offer greater safety measures by monitoring movement throughout your property so you know when someone enters without permission - great if you're away from home often!.,1,AI,34,medium,human_vs_ai_sentences
One of the most obvious benefits of home schooling is customization.,1,AI,11,short,human_vs_ai_sentences
"while it does cause gas emissions as well as other forms of pollution such as smog, there is no better way to get from point A to point B in every day life.",0,Human,33,medium,human_vs_ai_sentences
"On Mondays, even numbered license plates were not allowed to use their car for anything.",0,Human,15,short,human_vs_ai_sentences
"Sincerely,

[Your Name]",1,AI,3,very_short,human_vs_ai_sentences
Then add it all up and which every one is the highest is what that person is feeling.,0,Human,18,short,human_vs_ai_sentences
"In recent years, the rise of eSports has become a growing phenomenon in what was once considered an intangible arena.",1,AI,20,short,human_vs_ai_sentences
Another reason why kids should do community service is because they are the future face of America so they need to help this country instead of sitting playing video games.,0,Human,30,short,human_vs_ai_sentences
"The Face itself is a large, flat-topped mesa with two smaller mesas on either side.",1,AI,15,short,human_vs_ai_sentences
This is the only way to ensure that the President is truly the choice of the American people.,1,AI,18,short,human_vs_ai_sentences
"Furthermore, these kinds of robots possess advanced algorithms which enable them to learn new skills quicker than ever before allowing them to perform complex actions such as recognizing faces or hand gestures without prior programming instructions.",1,AI,36,medium,human_vs_ai_sentences
Doing good in school gets you a good job.,0,Human,9,very_short,human_vs_ai_sentences
"One reason, if they have appointments or need to work for economic reasons like: help your family, pay rent or pay your car.",0,Human,23,short,human_vs_ai_sentences
"Why do we have Vice Presient,Presidednt,ect..?",0,Human,6,very_short,human_vs_ai_sentences
There are many advantages to limiting car usage.,1,AI,8,very_short,human_vs_ai_sentences
And that's actually a pretty smart thing to do.,1,AI,9,very_short,human_vs_ai_sentences
"What are your thoughts of the ""Face on Mars""?",0,Human,9,very_short,human_vs_ai_sentences
"Driving a car can be very difficult sometimes with all the traffic, getting a phone call, not seeing a pedestrian and many other things that a driver has to be aware of when driving.",0,Human,34,medium,human_vs_ai_sentences
"I believe that having advice from many people can really help you have a better perspective, adtuided,and understanding.",0,Human,18,short,human_vs_ai_sentences
"Technology has had a significant impact on people's lives, and it has brought numerous benefits to individuals and society as a whole.",1,AI,22,short,human_vs_ai_sentences
"I've been able to create my own websites and apps, and even land a few freelance gigs.",1,AI,17,short,human_vs_ai_sentences
"But, he didn't start out as this super important person.",1,AI,10,very_short,human_vs_ai_sentences
Being able to adapt to the technological advances is important if we all want to continue moving forward.,0,Human,18,short,human_vs_ai_sentences
This person now has two diffrent perspectives and can think about which one is more important to them.,1,AI,18,short,human_vs_ai_sentences
"On the other hand, university education can also help students develop their abilities and personalities.",1,AI,15,short,human_vs_ai_sentences
It is the benefts that everyone needs to have.,0,Human,9,very_short,human_vs_ai_sentences
"Some of these advertisements are misleading, making the product seem much better than it really is.",1,AI,16,short,human_vs_ai_sentences
"The author has supported his claim throughout the article that studying Venus would be a worthy pursuit despite the dangers it presents by explaining it's likeness to Earth, it's closeness in proximity, and how scientists are advancing closer toward the goal of landing.",0,Human,43,medium,human_vs_ai_sentences
"The more clarity each member has regarding his/her role and objectives associated with those responsibilities, then stronger relationships formed between co-workers will be built over time – resulting greater cooperation amongst teammates when tackling difficult issues later down line!.",1,AI,39,medium,human_vs_ai_sentences
"They are more personal, memorable, and environmentally friendly.",1,AI,8,very_short,human_vs_ai_sentences
So basically what I'm trying to say is that you should let the students take out there phones but you also never know if there's an emergency and they need to hurry and get help they would automatically have there phones with them but if you ban them from bringing there phones that's going to be a real big problem.,0,Human,60,medium,human_vs_ai_sentences
"Another thing, these practices can be kinda...",1,AI,7,very_short,human_vs_ai_sentences
"First and foremost, the Electoral College ensures a certainty of outcome.",1,AI,11,short,human_vs_ai_sentences
In fact there are several companies that offer guided tours along with rental equipment such as masks and fins so novices can easily participate even without any prior experience.,1,AI,29,short,human_vs_ai_sentences
Community service is a vital component of any community.,1,AI,9,very_short,human_vs_ai_sentences
"Being in an extracurricular activity such as soccer club may gives students an opportunity to have fun and play with their friends, by doing this it can be enjoyable and take away stress from school.",0,Human,35,medium,human_vs_ai_sentences
"In Vauban,Germany, this ""smart planning"" movement was introduced to reduce the greenhouse gas emissions and the amount of cars in the area.",0,Human,22,short,human_vs_ai_sentences
Nothing is better than the feeling of doing it yourslef.,0,Human,10,very_short,human_vs_ai_sentences
"Nowdays, there are more and more people that are learning English in china.",1,AI,13,short,human_vs_ai_sentences
"Medical care and education are necessary for everyone, and they are more likely to be used for the benefit of society as a whole than sports stadiums and theaters are.",1,AI,30,short,human_vs_ai_sentences
Do you agree or disgree that student must participate in at least one extracurricular activity?,0,Human,15,short,human_vs_ai_sentences
And is simliar to those in the American West.,0,Human,9,very_short,human_vs_ai_sentences
"In conclusion, Luke was brave to work to all the stuff over seas and give the people who were affected in war what they needed no matter what.",0,Human,28,short,human_vs_ai_sentences
This can give a great start on what they choose to do or plans to do.,0,Human,16,short,human_vs_ai_sentences
Venus is a Planet.,0,Human,4,very_short,human_vs_ai_sentences
After a long agrument with one of my co-workers deciding whether or not the Face on Mars was made by the aliens or the picture was a picture of a natural landform we both had different opinions on what we thought it really was.,0,Human,44,medium,human_vs_ai_sentences
"When asking multiple people, a person can see the different way of solving a problem and it helps them understand the best options.",0,Human,23,short,human_vs_ai_sentences
In a true democracy the people vote for a president and the ideal behind the Electoral College is that it eliminates uneducated votes.,0,Human,23,short,human_vs_ai_sentences
"First of all, distance learning is way more flexible.",1,AI,9,very_short,human_vs_ai_sentences
.,1,AI,1,very_short,human_vs_ai_sentences
.,1,AI,1,very_short,human_vs_ai_sentences
"Well, there are many reasions we should.",0,Human,7,very_short,human_vs_ai_sentences
"By taking elective courses outside of a student's comfort zone, they can gain vital skills such as creativity and problem-solving.",1,AI,20,short,human_vs_ai_sentences
"However, by first studying the underlying ideas and concepts, students are encouraged to think critically about the subject matter.",1,AI,19,short,human_vs_ai_sentences
But still in the future changing to popular vote will help people who earned presidency actually get it.,0,Human,18,short,human_vs_ai_sentences
Whose fault would it be?,0,Human,5,very_short,human_vs_ai_sentences
"For example, if I get in trouble I could get kick of the football team.",0,Human,15,short,human_vs_ai_sentences
This type of technology should not be in classrooms.,0,Human,9,very_short,human_vs_ai_sentences
Here's my essay on comparing a first impression vs.,1,AI,9,very_short,human_vs_ai_sentences
"When we fail, we can reflect on the things that didn’t work, identify ways in which we can improve, and then use this knowledge to perform better next time.",1,AI,29,short,human_vs_ai_sentences
A way of think or feeling about a fact or state becuasse a positive attitude it is something when you feel better to other people and continue with the attitude.,0,Human,30,short,human_vs_ai_sentences
Kodak went bankrupt in 2012.,1,AI,5,very_short,human_vs_ai_sentences
"On the one hand, celebrities do deserve some privacy, as they are not always in the public eye.",1,AI,18,short,human_vs_ai_sentences
"If other people can make a good choice, then it will take the weight off your shoulder as you wouldn't have to come up with a solution yourself.",0,Human,28,short,human_vs_ai_sentences
They seeked help from multiple peers!,0,Human,6,very_short,human_vs_ai_sentences
"Additionally, electric vehicles are much more efficient than traditional cars and produce fewer emissions, making them a much more sustainable option.",1,AI,21,short,human_vs_ai_sentences
"""I believe that dress codes are beneficial to the school environment.""

First, dress codes promote a sense of equality among students.",1,AI,21,short,human_vs_ai_sentences
Its still the same painting as it was before.,0,Human,9,very_short,human_vs_ai_sentences
So if there was life on Mars we would want to share it with the public.,0,Human,16,short,human_vs_ai_sentences
"On the apple website itself, it gives you brief information and you can install it, ""Apple receives this location information only when you locate your device, turn on Lost Mode, or enable Send Last Location.",0,Human,35,medium,human_vs_ai_sentences
This is undemocratic and makes it seem like some people's votes don't count.,1,AI,13,short,human_vs_ai_sentences
Is it possible to ban games containing violence from being sold in your country?,1,AI,14,short,human_vs_ai_sentences
"Secondly, doing community service makes others happy.",0,Human,7,very_short,human_vs_ai_sentences
"The advantages of being young are that you have more time to learn and grow, and you are less likely to get hurt.",1,AI,23,short,human_vs_ai_sentences
This can help to build a stronger sense of community.,1,AI,10,very_short,human_vs_ai_sentences
If you vote for a president youd vote for a slate of  democratic electors pledged to the president you want to vote for.,0,Human,23,short,human_vs_ai_sentences
org.,0,Human,1,very_short,human_vs_ai_sentences
"You can go to exploring all over the Earth, and learn about the places you go.",0,Human,16,short,human_vs_ai_sentences
"By having this 3-D model of ones face they can track all of the emotions you have while doing homework, learning a new leason, or taking a test.",0,Human,28,short,human_vs_ai_sentences
Also with not using cars theres more room for small stores and big stores to be put in different places that couldnt be put there because of cars so you could drive.,0,Human,32,medium,human_vs_ai_sentences
I don't think work is any less stressful than it used to be.,1,AI,13,short,human_vs_ai_sentences
"In conclusion, I disagree with the statement that advertisements make products seem much better than they really are.",1,AI,18,short,human_vs_ai_sentences
"Lastly, they can put all of the opinions together.",0,Human,9,very_short,human_vs_ai_sentences
bland.,1,AI,1,very_short,human_vs_ai_sentences
"While I recognize that the Electoral College has sound reasons for its existence, as noted by Judge Richard A.",1,AI,19,short,human_vs_ai_sentences
The advantages of changing the school lunch menu are extensive.,1,AI,10,very_short,human_vs_ai_sentences
"If you listened then you would most likely stop eating junkfood and find something more healthier to sooth your cravings, so you try to find something, but nothing came to mind, but that's when you remember you have an app that lets you see everyone's opinions in catagories.",0,Human,48,medium,human_vs_ai_sentences
"So, there you have it.",1,AI,5,very_short,human_vs_ai_sentences
This indicates that young people are engaging in volunteering and community service activities.,1,AI,13,short,human_vs_ai_sentences
I urge you to support abolishing the Electoral College and implementing a direct election of the President of the United States.,1,AI,21,short,human_vs_ai_sentences
"Dear state senator,

I believe that the Electoral College should be changed to election by popular vote.",0,Human,17,short,human_vs_ai_sentences
Students can choose how to learn at their own pace and can also have the flexibility to work around their other commitments.,1,AI,22,short,human_vs_ai_sentences
There are many advantages to limiting car usage.,1,AI,8,very_short,human_vs_ai_sentences
"For example, a student-designed summer project in calculus may have the student practice and research taking a derivative.",0,Human,18,short,human_vs_ai_sentences
"Paris, France, implemented a partial driving ban due to severe smog caused by car emissions.",1,AI,15,short,human_vs_ai_sentences
They are closely related to the mesas we have on Earth.,0,Human,11,short,human_vs_ai_sentences
"I have seen many advertisements on television, in magazines, on the Internet, and in books that make it'seem as if the advertised product is better or more effective than it really is.",1,AI,32,medium,human_vs_ai_sentences
School activities can make a school a better place.,0,Human,9,very_short,human_vs_ai_sentences
"Let me tell you, I've experienced it all!",1,AI,8,very_short,human_vs_ai_sentences
I disagree with the statement that the human mind will always be superior to machines.,1,AI,15,short,human_vs_ai_sentences
"A food product may claim to be all-natural or organic, but it may only contain a small percentage of organic ingredients or may still contain harmful additives.",1,AI,27,short,human_vs_ai_sentences
"An example would be the election backin 2012, Obama had 61.7 percent of the electoral vote compared 6to what Romeny had because most of the states awarded the eletoral votes on the winner-take-all basis, can get a chance of having victory in winning the electoral vote.",0,Human,46,medium,human_vs_ai_sentences
Have you ever been on a gondola ride in Venice?,1,AI,10,very_short,human_vs_ai_sentences
I think it is a waste of money.,0,Human,8,very_short,human_vs_ai_sentences
Michelangelo’s famous frescoes on the ceiling of the Sistine Chapel are testament to this legacy as his work incorporates mathematical shapes like circles and squares into a sophisticated composition that has stood the test of time.,1,AI,36,medium,human_vs_ai_sentences
"Firstly, zoos are not an effective means of conservation.",1,AI,9,very_short,human_vs_ai_sentences
"By limiting car usage, we can save money.",1,AI,8,very_short,human_vs_ai_sentences
Schools are often evaluated and compared according to the results of standardized tests.,1,AI,13,short,human_vs_ai_sentences
"Bogota’s car-free days bring millions of citizens together, uniting them in their shared commitment to improving city life (Selsky, passage 21).",1,AI,21,short,human_vs_ai_sentences
"For instance, the tax rates set by governments can have a direct impact on the income of citizens and businesses.",1,AI,20,short,human_vs_ai_sentences
"It's like, they're saying, ""Hey, you're doing a great job!",1,AI,10,very_short,human_vs_ai_sentences
This way you will be able to build a strong community that will last for generations to come.,1,AI,18,short,human_vs_ai_sentences
"Firstly, it allows for more consistent learning throughout the year, as students are not interrupted by long breaks.",1,AI,18,short,human_vs_ai_sentences
"When working in a group, tasks can be divided up and assigned to each person, increasing efficiency and driving performance.",1,AI,20,short,human_vs_ai_sentences
"In conclusion, there are many reasons why car usage should be limited.",0,Human,12,short,human_vs_ai_sentences
"In that election, Hillary Clinton won the popular vote by nearly 3 million votes, but Donald Trump won the Electoral College and became president.",1,AI,24,short,human_vs_ai_sentences
"Advice can vary drastically depending on the situation at hand, advice is not only a touchy and very broad topic.",0,Human,20,short,human_vs_ai_sentences
They don’t need to worry about getting up early or travelling long distances in order to attend lectures or seminars; all they need is a computer (or even just a smartphone) and an internet connection!,1,AI,35,medium,human_vs_ai_sentences
"There are many young people who are passionate about making a difference, and there are many ways for them to do so.",1,AI,22,short,human_vs_ai_sentences
The possibilities are endless!,1,AI,4,very_short,human_vs_ai_sentences
It's something our brains trigger.,0,Human,5,very_short,human_vs_ai_sentences
Thank you for your dedicated service and for considering my perspective on this matter.,1,AI,14,short,human_vs_ai_sentences
"One of the best strategies, when a driver has to talk to someone, is to park the car, make the call, and switch to the Bluetooth headset, which eliminates the need to touch any controls when driving.",0,Human,37,medium,human_vs_ai_sentences
Allowing everyone involved peace mind knowing that will someone truly cares them regardless whether graduating valed,1,AI,16,short,human_vs_ai_sentences
Or lets just say your driving minding your own bessnious and some edeit rams in the back of your new Nisson 2015 car and oh lord i dont think you want to talk about how high you insurents would go up.,0,Human,41,medium,human_vs_ai_sentences
"In conclusion, the",0,Human,3,very_short,human_vs_ai_sentences
The first reason is the increase in the cost of gasoline.,1,AI,11,short,human_vs_ai_sentences
"Or, if a student isn't feeling well and they need to go home, they can contact their parent to bring them home, with permission from the health teacher or other school staff.",0,Human,32,medium,human_vs_ai_sentences
Promoting public trasportation or other ways of getting places is better for everyone.,0,Human,13,short,human_vs_ai_sentences
Hey there!,1,AI,2,very_short,human_vs_ai_sentences
The answers were;not always and sometimes.,0,Human,6,very_short,human_vs_ai_sentences
"If the student at least gets to choose to do something that he or she likes, then it is way more likely that the student will actually choose to do that project.",0,Human,32,medium,human_vs_ai_sentences
"Second, a popular vote system would be more democratic.",1,AI,9,very_short,human_vs_ai_sentences
"With the winner-take-all distribution of electoral votes in most states, candidates have an incentive to campaign and address the concerns of voters in a variety of states, rather than solely focusing on heavily populated metropolitan areas.",1,AI,36,medium,human_vs_ai_sentences
You meet your friends and teachers who help you in many situations.,0,Human,12,short,human_vs_ai_sentences
The best  thing for you to do is keep electorial vote it helps with eveything that you need help with.,0,Human,20,short,human_vs_ai_sentences
"On another note, in some cases, there can be ties between two candidates, as seen in 1992's Election between Nixon and Clinton on the popular vote.",0,Human,26,short,human_vs_ai_sentences
"For example, J.K. Rowling, the author of the Harry Potter series, was committed to writing and publishing her books, even when she faced rejection from multiple publishers.",1,AI,27,short,human_vs_ai_sentences
"I asked my dad, my mom and the server.",0,Human,9,very_short,human_vs_ai_sentences
There are a number of reasons why young people may enjoy life more than older people.,1,AI,16,short,human_vs_ai_sentences
"Firstly, attending school provides",1,AI,4,very_short,human_vs_ai_sentences
"They shouldn't extend the school day two hours , because every student have a schedule they run everyday like going to work , playing a sport , or any a school club they are in.",0,Human,35,medium,human_vs_ai_sentences
This should be our goal for every thing and anything.,0,Human,10,very_short,human_vs_ai_sentences
Therefore Generic_Name got emails from colleges saying there are no longer interested in him anymore due to lack of appearance.,0,Human,20,short,human_vs_ai_sentences
When they took the picture it first looked like a face.,0,Human,11,short,human_vs_ai_sentences
"🐦 There are over 200 different species of birds in Jamaica, including the beautiful hummingbirds!",1,AI,15,short,human_vs_ai_sentences
"Changing our attitude towards automobiles, embracing public transportation, and encouraging walking or cycling as means for short-distance commuting, could herald an era which distances itself from the harmful effects of car culture.",1,AI,32,medium,human_vs_ai_sentences
Limiting car usage can help people to save money on transportation costs.,1,AI,12,short,human_vs_ai_sentences
"The advantages of doing so are numerous, and the challenges can be overcome.",1,AI,13,short,human_vs_ai_sentences
"Thirdly, limiting car usage can promote physical activity and health.",1,AI,10,very_short,human_vs_ai_sentences
So my little cousin listened to it and landed it to.,0,Human,11,short,human_vs_ai_sentences
One of the biggest problems is the lack of face-to-face interaction with the teacher and other students.,1,AI,17,short,human_vs_ai_sentences
"Lastly, banning cell phones altogether may not be effective.",1,AI,9,very_short,human_vs_ai_sentences
It would give us the ability to learn more about the planets that are around us and why we are the only planet that humans are able to live it.,0,Human,30,short,human_vs_ai_sentences
Let me know if you have any questions or something.,1,AI,10,very_short,human_vs_ai_sentences
"Additionally, online classes can be taken from anywhere with an internet connection, which can be especially helpful for students who live in remote areas or have difficulty attending school in person due to transportation or other logistical issues.",1,AI,38,medium,human_vs_ai_sentences
Also phones will be needed for after school in case any body needs to get picked up from school.,0,Human,19,short,human_vs_ai_sentences
"If so, then popular election it is.",0,Human,7,very_short,human_vs_ai_sentences
The world is in dire need of renewable energy sources.,1,AI,10,very_short,human_vs_ai_sentences
The use of cars has always affected society greatly.,0,Human,9,very_short,human_vs_ai_sentences
One new exciting invention is the Facial Action Coding System.,0,Human,10,very_short,human_vs_ai_sentences
"As adults, they are often asked to re-examine these notions and consider new perspectives.",1,AI,14,short,human_vs_ai_sentences
Where do I want to apply?,1,AI,6,very_short,human_vs_ai_sentences
The votes in electoral college don't make sense big states have more votes then the little ones so the candidates focus on big states and the other ones are left out because they have two or three votes.,0,Human,38,medium,human_vs_ai_sentences
"All of these have direct implications on human health and welfare; they disrupt food production systems, displace populations and negatively affect economic growth worldwide.",1,AI,24,short,human_vs_ai_sentences
"""Whatever, geek!",0,Human,2,very_short,human_vs_ai_sentences
"If you only talk to one person, they might have a limited perspective based on their own experiences.",1,AI,18,short,human_vs_ai_sentences
"When we are enthusiastic and optimistic, we are more likely to persist in the face of challenges and setbacks.",1,AI,19,short,human_vs_ai_sentences
It can start by graduating from any school.,0,Human,8,very_short,human_vs_ai_sentences
It is guaranteed driverless cars will be a safety threat to everyone on the road becasue they can not be trusted.,0,Human,21,short,human_vs_ai_sentences
"Assuming that distance learning includes video conferences and ""Google classroom"" type system, then students can almost learn anything they want with whatever pace they want to learn it at.",0,Human,29,short,human_vs_ai_sentences
"First, it is undemocratic.",1,AI,4,very_short,human_vs_ai_sentences
"When we drive, we're not getting any exercise.",1,AI,8,very_short,human_vs_ai_sentences
"These emotions are associted with the movement of the facial muscles

Another example that the author gives is web ads on your screen.",0,Human,23,short,human_vs_ai_sentences
"If schools are suggesting that students still learn even after the year is over then, it is best that the teachers assist the students in what they pick but, they should let the students decide on their own.",0,Human,38,medium,human_vs_ai_sentences
"It is essential to consider the environmental and health impacts of meat consumption, but it is equally important to remember that a balanced omnivorous diet can also be sustainable and healthy.",1,AI,31,medium,human_vs_ai_sentences
.,0,Human,1,very_short,human_vs_ai_sentences
"They didn't give up, and neither should we!",1,AI,8,very_short,human_vs_ai_sentences
"Runoff elections often occur when no candidate receives a majority of the votes cast, leading to prolonged uncertainty and potential divisiveness.",1,AI,21,short,human_vs_ai_sentences
My father is an accountant for a private company.,1,AI,9,very_short,human_vs_ai_sentences
One important step is to improve public transportation.,1,AI,8,very_short,human_vs_ai_sentences
"First, it is undemocratic.",1,AI,4,very_short,human_vs_ai_sentences
To me i think its cool.,0,Human,6,very_short,human_vs_ai_sentences
".."" The illusion of eyes, nose, and mouth, which was created by shadows.",0,Human,13,short,human_vs_ai_sentences
"To make better decisions in the future I will(and you should too) find the best option that is right for me, find someone with experience in what I am asking for, and ask a friend not a foe.",0,Human,38,medium,human_vs_ai_sentences
And it's hard to communicate with teachers when you're not in a classroom.,1,AI,13,short,human_vs_ai_sentences
But just remember when your bored in class try not to stop the others from learning.,0,Human,16,short,human_vs_ai_sentences
This means lower tuition fees since schools aren't having raise prices just cover these extra expenses; making higher education far more accessible people regardless financial situation who would otherwise struggle make ends meet while receiving an offline qualification without taking out copious amounts student loans/debt etc.,1,AI,46,medium,human_vs_ai_sentences
When you are receiving advice from different people you are making a decision yourself instead of one person telling you what decision to make.,0,Human,24,short,human_vs_ai_sentences
Venus is the the closest planet to earth distnace wise.,0,Human,10,very_short,human_vs_ai_sentences
"This is because Wyoming has only three electoral votes, while California has 55.",1,AI,13,short,human_vs_ai_sentences
🤔 Let's do this!,1,AI,4,very_short,human_vs_ai_sentences
No wonder it wasn't available to drivers before.,0,Human,8,very_short,human_vs_ai_sentences
So in my opinion I agree with using technology to show peoples emotions.,0,Human,13,short,human_vs_ai_sentences
"In ""In Defense of the Electoral College,"" Judge Posner argues that the winner-take-all method of awarding electoral votes encourages candidates to focus on closely contested states.",1,AI,26,short,human_vs_ai_sentences
"As math students, it is essential to understand the basics of math and practice solving problems.",1,AI,16,short,human_vs_ai_sentences
That would have been a catastrophe.,0,Human,6,very_short,human_vs_ai_sentences
"Like, we could try writing letters or drawing pictures or something.",1,AI,11,short,human_vs_ai_sentences
The average age range is from 18 to 34.,0,Human,9,very_short,human_vs_ai_sentences
Power to the People has always been a great thought to keep running around in your brain for me.,0,Human,19,short,human_vs_ai_sentences
"Finally, perseverance is essential when striving for success.",1,AI,8,very_short,human_vs_ai_sentences
"The article ""What Is the Electoral College"" by the Office of the Federal Register states "" Most states have a ""winner-take-all"" system that awards all electors to the winning presidential candidate"".",0,Human,31,medium,human_vs_ai_sentences
"So if we had our cell phones with us, we could each separately call or text our parents and notify them immediately.",0,Human,22,short,human_vs_ai_sentences
When it comes to toning down some makeup you should either find someone to show you how to or find a good video that shows you step by step how to put on light natural makeup on your face.,0,Human,39,medium,human_vs_ai_sentences
"With you alone driving to work and back everyday will tally up to over a hundred dollars spent every week, now add children into it, and their after school ativities, also add emergencies.",0,Human,33,medium,human_vs_ai_sentences
Driving the car would be putting the people at risk that are using it because something could go wrong with the car and could cause an accident that would put other people in danger.,0,Human,34,medium,human_vs_ai_sentences
"And also texting and driving , drinking etc.",0,Human,8,very_short,human_vs_ai_sentences
Failures can lead to success if we use enthusiasm.,1,AI,9,very_short,human_vs_ai_sentences
"Additionally, group activities and discussions in a traditional classroom setting can help students build social skills and collaborate with peers, which can enhance the learning experience.",1,AI,26,short,human_vs_ai_sentences
"Besides, when each party selects a slate of electors, they put their trust, which, might I add, is rarely betrayed.",0,Human,20,short,human_vs_ai_sentences
"Like, if you're always smiling and being friendly, people are gonna want to be around you.",1,AI,16,short,human_vs_ai_sentences
"It's who you are on the inside, and it's what makes you unique and special.",1,AI,15,short,human_vs_ai_sentences
It is debatable whether or not famous people should be given more privacy from the media.,1,AI,16,short,human_vs_ai_sentences
"For example, research has consistently found that students who work in a group are more likely to participate actively in class, discuss material more thoroughly, and be more successful on tests than those who work alone.",1,AI,36,medium,human_vs_ai_sentences
com) If she would've followed the law she would've made it to school happily and still have her life.,0,Human,19,short,human_vs_ai_sentences
"Some students would disagree with this but just telling the students to turn the phone of is not enough, because if the teacher walks out of the room the student can turn it back on and continue texting their friends.",0,Human,40,medium,human_vs_ai_sentences
"And if one of these violations results in the death of another person, vehicular homicide charges are a possibility."" Although there are some expectations to using your phone such as reporting traffic accidents, medical emergencies, fires, criminal activity, or serious road hazards, it is safe to use your phone only for emergencies and nothing else.",0,Human,55,medium,human_vs_ai_sentences
"For example One day i got in trouble for hitting my neighbors car with a soccer ball, the next day my mom told me to tell the neighbor about his car and i didnt want to tell him because i know that he will get mad at me.",0,Human,48,medium,human_vs_ai_sentences
Also complicated as well.,0,Human,4,very_short,human_vs_ai_sentences
"In this article, we will try to answer these questions.",1,AI,10,very_short,human_vs_ai_sentences
In many countries educational systems exist with a purpose to cultivate these advances by providing citizens with access to opportunities that would otherwise remain out of reach if only learned through experience or trial-and-error methods.,1,AI,35,medium,human_vs_ai_sentences
"Like, I went to this big forest the other day and it was so cool!",1,AI,15,short,human_vs_ai_sentences
"When you are not driving, you can relax and enjoy other activities.",1,AI,12,short,human_vs_ai_sentences
"In conclusion, both talent and hard work are essential for success in professional soccer, as evidenced by the role communication plays in the game and the example of Alex Hunter's combination of skill and dedication.",1,AI,35,medium,human_vs_ai_sentences
"Distance learning has become increasingly popular in recent years, with students relying on technology to attend classes from the comfort of their own homes.",1,AI,24,short,human_vs_ai_sentences
"For those with busy schedules, online classes provide greater flexibility.",1,AI,10,very_short,human_vs_ai_sentences
"Conclusion:

The advantages of limiting car usage are numerous and extend beyond individual benefits to encompass environmental, societal, and urban planning advantages.",1,AI,22,short,human_vs_ai_sentences
One of the best things about learning from home is that you can do it on your own time.,1,AI,19,short,human_vs_ai_sentences
There are multiple options that can occur.,0,Human,7,very_short,human_vs_ai_sentences
Students designing these project could make a change and benefit to students all over the world.,0,Human,16,short,human_vs_ai_sentences
"While it is true that the Electoral College may discourage potential voters in states where their preferred candidates have no hope of winning, it is important to note that voter turnout is not solely determined by the election system.",1,AI,39,medium,human_vs_ai_sentences
In both cases though the student is going to be working on it thoughout summer and keeping in touch with learning.,0,Human,21,short,human_vs_ai_sentences
Another reason I think making kids stay after school is a bad idea is because some students have sports that they play after school and they might not be able to do them anymore because they have to stay after.,0,Human,40,medium,human_vs_ai_sentences
"Students are very busy with things outside of school, some play on sports teams that are not through the school, some are busy doing things at home, and others might not have parents that have time to get them to the activities and take them back home.",0,Human,47,medium,human_vs_ai_sentences
Such as businessmen and lawyers.,0,Human,5,very_short,human_vs_ai_sentences
"On one hand, animals can provide us with food and clothing, and on the other, they can be loyal and loving companions.",1,AI,22,short,human_vs_ai_sentences
Social skills are a good thing to have in life and the best place to get them is by staying after school.,0,Human,22,short,human_vs_ai_sentences
Dear senator The Electoral College process should be changed.,0,Human,9,very_short,human_vs_ai_sentences
Different school have different ways of doing things.,0,Human,8,very_short,human_vs_ai_sentences
"Impacting you in many good, or bad ways.",0,Human,8,very_short,human_vs_ai_sentences
You can tutor little kids after school or pick up litter on the schools campus.,0,Human,15,short,human_vs_ai_sentences
There are a number of benefits to limiting car usage.,1,AI,10,very_short,human_vs_ai_sentences
This is why the people should take responsibility and vote.,0,Human,10,very_short,human_vs_ai_sentences
First and foremost on this list is global warming.,0,Human,9,very_short,human_vs_ai_sentences
* Cars are also a major source of noise pollution.,1,AI,10,very_short,human_vs_ai_sentences
Gardner's hard work and dedication paid off when he landed an internship at a prestigious brokerage firm.,1,AI,17,short,human_vs_ai_sentences
It is 44 nations joined together to help the countries in need from being left in the ruins after World War II.,0,Human,22,short,human_vs_ai_sentences
It is also the hotest plant in our atmosphere.,0,Human,9,very_short,human_vs_ai_sentences
There are many advantages to limiting car usage.,0,Human,8,very_short,human_vs_ai_sentences
Prove to me that it is.,0,Human,6,very_short,human_vs_ai_sentences
"Posner continues the idea with ""the most thoughtful voters should be the ones to decide the election."" To break it down, voters who pay close attention to the campaign will be the most thoughtful voters and they will recieve the most attention from the candidates.",0,Human,45,medium,human_vs_ai_sentences
All you have to do is take about an hour from your day and clean up trash about your neighborhood or you can also cut peoples lawns.,0,Human,27,short,human_vs_ai_sentences
"This is because taking breaks allows the brain to rest and recharge, which can lead to increased focus and productivity when resuming the task.",1,AI,24,short,human_vs_ai_sentences
"There are many advantages to this approach, including reducing air pollution, traffic congestion, and the cost of transportation.",1,AI,18,short,human_vs_ai_sentences
That just makes it even more of a landform though.,0,Human,10,very_short,human_vs_ai_sentences
"All you have to do is charge it, and BOOM!",0,Human,10,very_short,human_vs_ai_sentences
Johnson!,1,AI,1,very_short,human_vs_ai_sentences
"I believe that by dedicating myself to my talent and constantly striving for improvement, I can achieve my goal of becoming a skilled and accomplished musician.",1,AI,26,short,human_vs_ai_sentences
"In conclusion, playing a sport can be an incredibly rewarding experience for students, as it helps develop a range of important life skills, allows for stress relief, and provides a sense of purpose.",1,AI,33,medium,human_vs_ai_sentences
The world would have a better way of life.,0,Human,9,very_short,human_vs_ai_sentences
Venus is one of our closes reletives is size.,0,Human,9,very_short,human_vs_ai_sentences
"Like, my friend Emily, she's always really quiet in class and she never talks to anyone, but then we hang out outside of school and she's like, the funniest person ever!",1,AI,31,medium,human_vs_ai_sentences
"We could get out of there earlier, explore our passions, and maybe even start our careers earlier.",1,AI,17,short,human_vs_ai_sentences
Not only will it amuse the students but it can also help them learn about the new improvements that are being created while they get older.,0,Human,26,short,human_vs_ai_sentences
"When working in a group, individuals can share their ideas and work together to create a solution.",1,AI,17,short,human_vs_ai_sentences
"If you're not tech-savvy, you're basically doomed to fail.",1,AI,9,very_short,human_vs_ai_sentences
Next comes packing!,1,AI,3,very_short,human_vs_ai_sentences
Governments have the power and resources to implement policies and technologies that can significantly reduce greenhouse gas emissions and transition to renewable energy sources.,1,AI,24,short,human_vs_ai_sentences
Advancing modern cars into self driving vehicles in a societal achievement.,0,Human,11,short,human_vs_ai_sentences
There are many reasons on why I believe that a student should participate in at least one after school activity.,0,Human,20,short,human_vs_ai_sentences
"It's like, the ultimate goal-setter's nightmare.",1,AI,6,very_short,human_vs_ai_sentences
That's why a lot of students use their phone during class because they talk to people but if they talk to people during their free time that might be better so in class they can turn off their phone since they already used it and actually listen in class.,0,Human,49,medium,human_vs_ai_sentences
It felt good knowing your helping clean up the earth.,0,Human,10,very_short,human_vs_ai_sentences
"Even though driverless cars could be very helpful to people in some situations, I am against the development for driverless cars.",0,Human,21,short,human_vs_ai_sentences
"Luke said that helping out on his aunt Katie's farm as a boy prepared him for hard work, but not for the dangers of the sea,on his second trip luke served as a watchman.",0,Human,34,medium,human_vs_ai_sentences
"By drilling deep holes in the artic, scientists can extract tubes of ice millions of years old.",0,Human,17,short,human_vs_ai_sentences
"As Judge Posner points out, the electoral votes awarded to a state depend on its population, granting more attention and influence to larger states.",1,AI,24,short,human_vs_ai_sentences
Its only fair.,1,AI,3,very_short,human_vs_ai_sentences
"Second, advertisements often omit important information about a product.",1,AI,9,very_short,human_vs_ai_sentences
One easy thing that would be very helpful is to help out a younger grade teachers for about a hour and just help the students read or write or anything that the teacher would need help with.,0,Human,37,medium,human_vs_ai_sentences
"With the many benefits it would provide for each student and instructor, teachers should be the ones to create the structure of the students' summer projects.",0,Human,26,short,human_vs_ai_sentences
"In my opinion, I think it's a good idea to legalize marijuana.",1,AI,12,short,human_vs_ai_sentences
"Students who have taken career classes at a young age have had mixed experiences, although some have reaped great success.",1,AI,20,short,human_vs_ai_sentences
"""No,"" answers your friend, ""School stuff...",0,Human,6,very_short,human_vs_ai_sentences
"Plus, it's not",1,AI,3,very_short,human_vs_ai_sentences
A large percentage of fatal crashes involved cell phones.,0,Human,9,very_short,human_vs_ai_sentences
"Second, the cognitive distractions of a phone conversation prevent full focus on the complex tasks required for safe driving such as scanning traffic conditions, adjusting speed appropriately, and reacting swiftly to unexpected events.",1,AI,33,medium,human_vs_ai_sentences
"It ensures certainty of outcome, promotes a President who represents all citizens, encourages thoughtful voting, balances the interests of big and small states, and avoids the need for runoff elections.",1,AI,30,short,human_vs_ai_sentences
"I understand doing community service is a good thing to do in this world , but kids shouldn't do it at all !",0,Human,23,short,human_vs_ai_sentences
"For example, it takes over 1,000 gallons of water to produce just one pound of beef.",1,AI,16,short,human_vs_ai_sentences
"If everyone was to successes in their first try, we would not feel accomplished in the presence of success.",0,Human,19,short,human_vs_ai_sentences
"Furthermore, since all parties involved in a given transaction have access to view its details at any time during the deal’s lifespan, trust between buyers and sellers is increased substantially.",1,AI,30,short,human_vs_ai_sentences
"In this essay, I will research the current laws concerning curfews among different regions in the United States and analyze different views of adults and young people concerning having a nationwide curfew law in the United States.",1,AI,37,medium,human_vs_ai_sentences
"Back in 2000, 17 states didn't see the candidates at all, which is not right.",0,Human,15,short,human_vs_ai_sentences
"In this essay, I will research the benefits of eating healthier foods in school compared to junk food, identify the most popular healthier snacks among students, and create a plan to implement healthier food options into school cafeterias.",1,AI,38,medium,human_vs_ai_sentences
"💪"", then you're way more likely to succeed!",1,AI,8,very_short,human_vs_ai_sentences
"In terms of physical and mental benefits, people who work productively often experience a stronger sense of purpose and fulfillment in life compared to those who choose to be idle.",1,AI,30,short,human_vs_ai_sentences
As you can see the author did a fantastic job at supporting his claim about our further research of the planet Venus.,0,Human,22,short,human_vs_ai_sentences
"Additionally, a good attitude can improve our relationships by making us more approachable, empathetic, and understanding.",1,AI,16,short,human_vs_ai_sentences
Kids wouldn't have to lose their life because they ran out in the street and was hitten by a car all because the child was getthing a ball.,0,Human,28,short,human_vs_ai_sentences
"💖 And who knows, maybe we'll even become good friends!",1,AI,10,very_short,human_vs_ai_sentences
"While modern technology has increased the reach of information, I do not believe that it will ever fully replace the book or the written word.",1,AI,25,short,human_vs_ai_sentences
"A first Impression is the key to succes, because that is the first time a person is going to see how formal you are and makes in idea of your personality.",0,Human,31,medium,human_vs_ai_sentences
"Posner, the Electoral College assures certainty of outcome, ensures that the president has trans-regional appeal, focuses the campaign on the toss-up states, prioritizes larger states, and avoids complicated run-off elections (Source: Judge Richard A.",1,AI,34,medium,human_vs_ai_sentences
"Some people believe that standardized tests are an accurate measure of student ability, while others disagree.",1,AI,16,short,human_vs_ai_sentences
"After days of near-record pollution, Paris enforced a partial driving ban (Duffer, 2014).",1,AI,13,short,human_vs_ai_sentences
It's better than using real animals.,1,AI,6,very_short,human_vs_ai_sentences
Not all educational implications are positive ones however; there are potential risks associated with too much reliance upon digital technology while learning as well - primarily distraction leading towards decreased attention spans or less active listening habits during lectures among fellow classmates instead interacting over tweets or text messages instead!,1,AI,50,medium,human_vs_ai_sentences
"Although the author uses many disclaimers throughout the article, they still make good claims that studying Venus is worthy, despite the dangers.",0,Human,22,short,human_vs_ai_sentences
In addition changing the policy will make the student body more responsible in life.,0,Human,14,short,human_vs_ai_sentences
What do you guys think that student can do it on there own?.Many student learn in different ways;some students like to work together and others like to work alone in a quiet place where they can focus on there work or what they are thinking;other students like to play around and not do there work.,0,Human,55,medium,human_vs_ai_sentences
"Not having a cell phone is a big deal in eighth grade especially, since just about everyone has one.",0,Human,19,short,human_vs_ai_sentences
They will create more jobs which will improve our economy.,0,Human,10,very_short,human_vs_ai_sentences
This form of data storage allows users to store their files remotely instead of onto individual machines or hard drives.,1,AI,20,short,human_vs_ai_sentences
"I mean, come on, let's be real here.",1,AI,8,very_short,human_vs_ai_sentences
Facial Action Coding System I think is a good idea because if someone is trying to figure out how you are feeling and you don't tell them they can look on the computer and tell what your emotions are.,0,Human,39,medium,human_vs_ai_sentences
"Like, at all.",1,AI,3,very_short,human_vs_ai_sentences
There is an ongoing debate on whether these summer projects should be teacher-designed or student-designed.,0,Human,15,short,human_vs_ai_sentences
Sitting in the car everyday going to and from work for 2 hours is not being productive.,0,Human,17,short,human_vs_ai_sentences
"So, online classes.",1,AI,3,very_short,human_vs_ai_sentences
"So, you know how we've been talking about extending the student release time at our school?",1,AI,16,short,human_vs_ai_sentences
* Take public transportation.,1,AI,4,very_short,human_vs_ai_sentences
"A positive attitude serves as an inner compass that shows us the path to our dreams, and helps us to stay motivated and inspired even when things get tough.",1,AI,29,short,human_vs_ai_sentences
These young people are our next generation and we should try our best to protect and guide their lives to the greatness they can achieve.,0,Human,25,short,human_vs_ai_sentences
"Finally, be prepared to make some changes to your lifestyle.",1,AI,10,very_short,human_vs_ai_sentences
"It's, like, a way to eliminate bullying and stuff.",1,AI,9,very_short,human_vs_ai_sentences
"In a traditional classroom setting, students have access to their teachers and classmates, which can make it easier to complete homework assignments and seek help when needed.",1,AI,27,short,human_vs_ai_sentences
The goal is to promote alternative transportation and reduce smog.,0,Human,10,very_short,human_vs_ai_sentences
The state senator should consider changing election to popular vote for the president of the united states because its the peoples choice and its more safe route.,0,Human,27,short,human_vs_ai_sentences
"This is because they tend to have a growth mindset, which means they believe that their abilities can be developed through hard work and dedication.",1,AI,25,short,human_vs_ai_sentences
"However, He is changing every day.",0,Human,6,very_short,human_vs_ai_sentences
Now if a police officer catch anyone on their phone while driving they will get a ticket.,0,Human,17,short,human_vs_ai_sentences
We gotta do something about it.,1,AI,6,very_short,human_vs_ai_sentences
"It's like, super important for kids to have that extra support and have fun while they're at it.",1,AI,18,short,human_vs_ai_sentences
"Distance learning can be an effective and beneficial form of learning in some contexts, but it can also be limiting and counterproductive in others.",1,AI,24,short,human_vs_ai_sentences
But community service helps out everybody.,0,Human,6,very_short,human_vs_ai_sentences
I believe that the community can become better when given advice.,0,Human,11,short,human_vs_ai_sentences
"Next time, try to ask or talk to more people.",0,Human,10,very_short,human_vs_ai_sentences
"By studying Venus, scientists can gain a better understanding of how Earth's climate works and how it could be affected by changes in the atmosphere.",1,AI,25,short,human_vs_ai_sentences
"As the world continues to become more diverse and inclusive, individuals who practice individualism will be better equipped and empowered to challenge the status quo.",1,AI,25,short,human_vs_ai_sentences
"This movement ""[left] the street eerily devoid of traffic jams"" (source 3).",0,Human,12,short,human_vs_ai_sentences
"Lastly, the Second Amendment guarantees citizens the right to bear arms.",1,AI,11,short,human_vs_ai_sentences
"But, umm...",1,AI,2,very_short,human_vs_ai_sentences
"Sure, here's my attempt at writing an essay responding to the prompt as an average 8th grade student:

Hey, y'all!",1,AI,20,short,human_vs_ai_sentences
One con is that it would take away our freedom.,1,AI,10,very_short,human_vs_ai_sentences
"Or, like, at least pretended to like it.",1,AI,8,very_short,human_vs_ai_sentences
Like I said you may need different point of veiws.,0,Human,10,very_short,human_vs_ai_sentences
"Additionally, always check if websites have encryption technology (e.g., SSL) and read customer reviews before purchasing anything from them so you have a better idea of who they are and what kind of service they provide.",1,AI,36,medium,human_vs_ai_sentences
"For example, NBA player Michael Jordan is often credited with saying, ""I can accept failure, but I can't accept not trying."" Jordan's willingness to take risks and embrace failure led him to become one of the greatest basketball players of all time.",1,AI,42,medium,human_vs_ai_sentences
Lastly but not least importantly – celebrate successes!,1,AI,8,very_short,human_vs_ai_sentences
"On the other hand, opponents of legalization argue that it could have a detrimental impact on individuals, especially young people.",1,AI,20,short,human_vs_ai_sentences
"Bringing back the Art 3 summer project, our teacher wanted us to continue doodling and working on art, but he also wanted two show-worthy art pieces, which is what the class revolves around.",0,Human,33,medium,human_vs_ai_sentences
I urge you to consider these factors when making decisions regarding the Electoral College.,1,AI,14,short,human_vs_ai_sentences
The reason you should join this program is because on your extra time you can go sight seeing and look at what you will be passing on the jorney from place to place.,0,Human,33,medium,human_vs_ai_sentences
"Soon after, I willthe talk about the facts of this college process.",0,Human,12,short,human_vs_ai_sentences
This can result into the right choice to make.,0,Human,9,very_short,human_vs_ai_sentences
Transitioning to car-free living can face resistance from those who fear the loss of convenience and autonomy.,1,AI,17,short,human_vs_ai_sentences
"In conclusion, igniting your vehicle , return the lifeless box to an uproar of sounds , and let the fumes escape your car.",0,Human,23,short,human_vs_ai_sentences
"Finally, Generic City is a food lover's paradise.",1,AI,8,very_short,human_vs_ai_sentences
This could maybe help bring up the percentage of homework assignments completed.,0,Human,12,short,human_vs_ai_sentences
"Greenhouse gases trap heat in the atmosphere, which is causing the planet to warm.",1,AI,14,short,human_vs_ai_sentences
Many students that I know think that school work is very boring and they hate doing their homework.,0,Human,18,short,human_vs_ai_sentences
There are countless reasons why young people today do not give enough time to helping their communities.,1,AI,17,short,human_vs_ai_sentences
"Furthermore, it can also lead to a lack of communication between the patient and their family members, which can make it difficult for the family to provide the necessary support and care for the patient.",1,AI,35,medium,human_vs_ai_sentences
This encourages a more informed electorate by increasing political engagement and encouraging candidates to address the concerns and issues relevant to swing states.,1,AI,23,short,human_vs_ai_sentences
It makes sense to me.,1,AI,5,very_short,human_vs_ai_sentences
"Its representation of states' interests, certainty of outcome, promotion of broad appeal, support for political balance, and avoidance of run-off elections are crucial to our democratic ideals and the strength of our nation.",1,AI,33,medium,human_vs_ai_sentences
"When drivers use cell phones while driving, it poses a major distraction that puts both the driver and others on the road at risk.",1,AI,24,short,human_vs_ai_sentences
Sometimes the election doesn't go as planned.,0,Human,7,very_short,human_vs_ai_sentences
The presence of cell phones in the classroom can create both positive and negative consequences for students.,1,AI,17,short,human_vs_ai_sentences
"I met so many other cowboys who were just like me, passionate about horses and adventure.",1,AI,16,short,human_vs_ai_sentences
"This is due to the winner-take-all system adopted by most states, where a slight plurality in a state leads to a landslide electoral-vote victory.",1,AI,24,short,human_vs_ai_sentences
"That means everytime you get into your car for a ""cruise"", you are harming our environment.",0,Human,16,short,human_vs_ai_sentences
Some people will say that by making them do this they will make more friends.,0,Human,15,short,human_vs_ai_sentences
"These methods of transportation are much more efficient than driving, and they are more environmentally friendly than driving.",1,AI,18,short,human_vs_ai_sentences
"Throughout the article, the author gives certain statistics about Venus and the extremities of the planet.",0,Human,16,short,human_vs_ai_sentences
Utilizing technology such as video chatting or virtual date nights can help keep couples connected even when life gets busy; but don't forget about going out together too!,1,AI,28,short,human_vs_ai_sentences
Students have the opportunity to interact with their peers and make new friends.,1,AI,13,short,human_vs_ai_sentences
"Second, asking more experienced people may help you find a much easier way to deal with future problems.",0,Human,18,short,human_vs_ai_sentences
Johnson!,1,AI,1,very_short,human_vs_ai_sentences
"Over massive stretches of geological time, this could reasonably create shallow clefts and cavities that give the impression of eyes, nose and mouth when viewed remotely.",1,AI,26,short,human_vs_ai_sentences
"Unfortunately, most of the objects reported stolen never make there way back to their rightful owner.""

When I went to talk to some of the kids who have had things stolen from them there in the past, 4/5 th's of them said that it was either their cell phone (or an electric device) stolen from them.",0,Human,56,medium,human_vs_ai_sentences
That's right i never loss my enthusiasm because i take the example that they give me because i wanna be a good example for my childrens and be like my parents or better.,0,Human,33,medium,human_vs_ai_sentences
Who would be responsible for crashes?,0,Human,6,very_short,human_vs_ai_sentences
"So, it's not for everyone.",1,AI,5,very_short,human_vs_ai_sentences
"People may have different opinions on how best to utilize a new idea, and when these opinions differ, it can be difficult to accept the proposed changes.",1,AI,27,short,human_vs_ai_sentences
I think that the principles decision for everyone to start an extracurricular activity is a great idea and I think we should all support it.,0,Human,25,short,human_vs_ai_sentences
Texting while driving has become the number one driving distraction for many people.,0,Human,13,short,human_vs_ai_sentences
This is why we need to change the system.,0,Human,9,very_short,human_vs_ai_sentences
"John turned out to be an amazing employee, and he even started his own business!",1,AI,15,short,human_vs_ai_sentences
"I think it's like when Michael Jordan said, ""I can accept failure, everyone fails at something.",1,AI,16,short,human_vs_ai_sentences
"The author gave an entire paragraph about the new technologies that NASA is working on to explore Venus, even though his main idea is about why we should send shuttles to Venus.",0,Human,32,medium,human_vs_ai_sentences
This is crucial for ensuring that the President represents the interests of all Americans and not just those in densely populated areas.,1,AI,22,short,human_vs_ai_sentences
For all these reasons we should not have driverless cars.,0,Human,10,very_short,human_vs_ai_sentences
But for the U.S. reasons for staying as one we need this more then ever so that we can vote and so that we can have president and all our different congress people too.,0,Human,34,medium,human_vs_ai_sentences
Crafts can also be rapidly placed into stable orbits to minimize exposure.,1,AI,12,short,human_vs_ai_sentences
"Trust me, take this from a kid who had been kicked off of the sports team because of bad grades.",0,Human,20,short,human_vs_ai_sentences
"for example,sports,art,science.",0,Human,2,very_short,human_vs_ai_sentences
We could change that with just one event each year.,0,Human,10,very_short,human_vs_ai_sentences
"It's like, you can experience things that are completely immersive.",1,AI,10,very_short,human_vs_ai_sentences
"And lastly , you were to require kids to do community service, you'd be helping them give back to the community.",0,Human,21,short,human_vs_ai_sentences
Another negative impact of technology is privacy concerns.,1,AI,8,very_short,human_vs_ai_sentences
"Finally, cars can be a barrier to social interaction.",1,AI,9,very_short,human_vs_ai_sentences
Your mind will change after you read this.,0,Human,8,very_short,human_vs_ai_sentences
"There is a new experimental district, that allows people to see how much you don't need a car for.",0,Human,19,short,human_vs_ai_sentences
Sure thing!,1,AI,2,very_short,human_vs_ai_sentences
""" states, ""Consider that state legislatures are technically responsible for picking electors, and that those electors could always defy the will of the people."" This is basically saying we can't trust our electors to really vote for what they are assigned.",0,Human,41,medium,human_vs_ai_sentences
"""Our travels on Earth and beyond should not be limited by dangers and doubts but should be expanded to meet the very edges of imagination and innovation."" We do it because we want to, because of how nature works.",0,Human,39,medium,human_vs_ai_sentences
"In conclusion, while extending the school day at Generic School by two hours for four days a week could have both positive and negative effects, I believe that it is important to weigh these factors carefully before making a decision.",1,AI,40,medium,human_vs_ai_sentences
I urge you to support abolishing the Electoral College.,1,AI,9,very_short,human_vs_ai_sentences
"Students are relieved that they can choose their own project because, it gives them freedom,allows them to express their creativity, and convince.",0,Human,22,short,human_vs_ai_sentences
"Therefore, some people may believe that using a cell phone while driving isn't dangerous, but the facts say otherwise.",0,Human,19,short,human_vs_ai_sentences
Thank you for your time and consideration.,1,AI,7,very_short,human_vs_ai_sentences
"It is a valuable investment strategy that can be used to generate money, as well as save money and help others in need.",1,AI,23,short,human_vs_ai_sentences
"All in all, modernisation within traditional farming practices offers both immense potential benefits—in terms increased productivity through better resource management—as well as longterm risks associated with irresponsible behaviour regarding ecological conservation measures; though thankfully advances like agribusiness degrees",1,AI,38,medium,human_vs_ai_sentences
"After all, I and many other students my age enjoy having time to ourselves away from school and it would really bog down our lives if community service was added to the already long list of things that a student must do in a day such as sports, clubs, homework, etc.",0,Human,51,medium,human_vs_ai_sentences
I believe that we should transition from fossil fuels to renewable energy sources.,1,AI,13,short,human_vs_ai_sentences
Asking questions/advice to multiple people is really good and if you have a chance you should do it often.,0,Human,19,short,human_vs_ai_sentences
Did you like it?,1,AI,4,very_short,human_vs_ai_sentences
The shape made is most likely a cowensidence.,0,Human,8,very_short,human_vs_ai_sentences
"In the article ""Making Mona Lisa Smile"" the author describes a new technology that enables computers to identify human emotions such as happy, sad, disgust, surprised, and a few other basic emotions.",0,Human,32,medium,human_vs_ai_sentences
The picture taken in 2001 shows that there is nothing else around the face.,0,Human,14,short,human_vs_ai_sentences
"By Bogota doing this they have parks and sports centers, uneven sidewalks have been taking away and replaced with smooth sidewalks.",0,Human,21,short,human_vs_ai_sentences
"The risks that come with this include but are not limited to getting a citation, causing a collision, and even provoking death to the driver or those in his or her surroundings.",0,Human,32,medium,human_vs_ai_sentences
"It's like, we're not even present in the moment.",1,AI,9,very_short,human_vs_ai_sentences
This would ultimately benefit students in the long run.,1,AI,9,very_short,human_vs_ai_sentences
This decrease in gridlock improves overall mobility while simultaneously creating fewer emissions into the atmosphere from vehicles stuck in long lines of traffic.,1,AI,23,short,human_vs_ai_sentences
"I say this because, as successful as the Electoral College has been, it has many flaws.",0,Human,16,short,human_vs_ai_sentences
"Thus, the advantages of actively honing your craft far outweigh the disadvantages of taking a break from it.",1,AI,18,short,human_vs_ai_sentences
"As an eighth-grade student, I believe that adding one and a half extra hours to the school day for students could have both positive and negative consequences.",1,AI,27,short,human_vs_ai_sentences
"""""Pedestrian, bicycle, private cars, commercial, and public transportation traffic are woven into a connected network to save time, conserve resources, lower emissions and improve safety.""""

With less cars around, people would be less likely to get hit.",0,Human,37,medium,human_vs_ai_sentences
"By taking breaks, using the computer, staying with family, and maintaining a comfortable environment, students can improve their overall well-being and academic performance.",1,AI,23,short,human_vs_ai_sentences
It is vitally important that students maintain a B average or higher in order to participate in sports and other activities.,1,AI,21,short,human_vs_ai_sentences
"Of course, limiting car usage would also have some challenges.",1,AI,10,very_short,human_vs_ai_sentences
"When people walk, bike, or take public transportation, they get more exercise, which can help them maintain a healthy weight and reduce their risk of chronic diseases such as heart disease, stroke, and diabetes.",1,AI,34,medium,human_vs_ai_sentences
There are many reasons why fewer cars are in use today than in the past.,1,AI,15,short,human_vs_ai_sentences
"By offering flexible and reasonable community service opportunities, students can develop important skills, build empathy, and give back to their community, all while maintaining a healthy balance between their personal and academic responsibilities.",1,AI,33,medium,human_vs_ai_sentences
"Education is a public good that benefits everyone, and requiring college graduates to pay the full cost of their education would create a barrier to entry for low-income students and be unfair to those who are already paying a significant amount for their education.",1,AI,44,medium,human_vs_ai_sentences
The author tellus about the two planet that are right ext to each other.,0,Human,14,short,human_vs_ai_sentences
Taking your eyes off the road for just a couple of seconds anything can happen.,0,Human,15,short,human_vs_ai_sentences
But that tradition stopped when he got too old to play and I started to have more frequent basketball practice and training.,0,Human,22,short,human_vs_ai_sentences
Thank you for your attention to this important matter.,1,AI,9,very_short,human_vs_ai_sentences
One way is to improve public transportation.,1,AI,7,very_short,human_vs_ai_sentences
In 1976 Viking 1 snapped a photo of Mars.,0,Human,9,very_short,human_vs_ai_sentences
This will save trees and reduce waste.,1,AI,7,very_short,human_vs_ai_sentences
"""Motor Vehicle Safety."" Centers for Disease Control and Prevention, Centers for Disease Control and Prevention, 9 June 2017, www.",0,Human,19,short,human_vs_ai_sentences
Having cell phones around can always cause distractions.,0,Human,8,very_short,human_vs_ai_sentences
"This can lead to better performance, which can lead to more job satisfaction and a better work-life balance.",1,AI,18,short,human_vs_ai_sentences
I hope you liked it!,1,AI,5,very_short,human_vs_ai_sentences
"That CO2 rises into the air, the atmopshere of Earth trapping all of that heat in, and it bounced back down at us.",0,Human,23,short,human_vs_ai_sentences
"Now all of the evidence should make you want to get away with the electoral college, but if ot then this last paragragh should it will tell you everthing that i already have but in a diffrent point of view.",0,Human,40,medium,human_vs_ai_sentences
This could even lead to bad grades in school!,0,Human,9,very_short,human_vs_ai_sentences
"Like my friend Jack, he cleans up litter and he says it teaches him about taking care of the earth.",1,AI,20,short,human_vs_ai_sentences
"They get nothing in return for all of their hard work, money, and time put into the election.",0,Human,18,short,human_vs_ai_sentences
"In order to ensure students are retaining their education, some school districts may have to reduce the number of extracurricular activities and limit certain subjects, such as science or foreign language.",1,AI,31,medium,human_vs_ai_sentences
Some students go home and ask their parents for help but some parents doesn't remember the question or don't know how to do it.,0,Human,24,short,human_vs_ai_sentences
This means that they don’t need to own a car.,1,AI,10,very_short,human_vs_ai_sentences
"What if there is the case where a kid forgot his or her lunch, shouldn't they be allowed to send their mom or dad a quick text saying they need their lunch or lunch money?",0,Human,35,medium,human_vs_ai_sentences
"Also, that there was wispy clounds.",0,Human,6,very_short,human_vs_ai_sentences
.,1,AI,1,very_short,human_vs_ai_sentences
"therefore, Student will able to behave alot beter.",0,Human,8,very_short,human_vs_ai_sentences
Phones are a distraction for a lot of people.,0,Human,9,very_short,human_vs_ai_sentences
"During training, we are listening to music while we help each other out with the workouts we are supposed to do.",0,Human,21,short,human_vs_ai_sentences
.,1,AI,1,very_short,human_vs_ai_sentences
The unpredictability of desert weather adds to this adventure - temperatures can fluctuate drastically between day and night while strong winds can cause sand dunes to move around at any moment creating unique scenes each time you look out into the horizon.,1,AI,42,medium,human_vs_ai_sentences
"The Electoral College, as established by the founding fathers in the Constitution, provides several key benefits that ensure a fair and balanced representation of the diverse interests and needs of our nation.",1,AI,32,medium,human_vs_ai_sentences
"Thirdly, attending a four-year high school can help students prepare for college.",1,AI,12,short,human_vs_ai_sentences
Germany they have created a community that is car free.,0,Human,10,very_short,human_vs_ai_sentences
"When people limit their use of cars, it can help to reduce energy consumption and conserve resources.",1,AI,17,short,human_vs_ai_sentences
"These events promote literacy, creativity, and social cohesion, fostering a sense of community and belonging.",1,AI,15,short,human_vs_ai_sentences
It is a fun and easy way to complete this task.,0,Human,11,short,human_vs_ai_sentences
"You don't get to interact with your classmates or teachers as much, which can make it harder to build relationships and get that social aspect of school.",1,AI,27,short,human_vs_ai_sentences
It helps us stay healthy and strong.,1,AI,7,very_short,human_vs_ai_sentences
There always will be some one like that in the world.,0,Human,11,short,human_vs_ai_sentences
"While changing to a popular vote system may seem like a more straightforward democratic process, I believe the Electoral College helps protect against some of the limitations of a popular vote.",1,AI,31,medium,human_vs_ai_sentences
We have taken many pictures and it has faded away more every time we take a picture of it.,0,Human,19,short,human_vs_ai_sentences
"I mean, they are still young and need guidence.",0,Human,9,very_short,human_vs_ai_sentences
"Seeking multiple opinions can help someone make a better choice because one person could know more about the situation, someone could have gone through something similar, and you could see how different people react to the problem.",0,Human,37,medium,human_vs_ai_sentences
"In conclusion, I urge you to support the retention of the Electoral College.",1,AI,13,short,human_vs_ai_sentences
"By doing so, we can develop a growth mindset and understand that success is not just based on natural talent or luck, but on our effort and dedication.",1,AI,28,short,human_vs_ai_sentences
Limiting car usage has many advantages.,1,AI,6,very_short,human_vs_ai_sentences
"Well, one can not promise that an elector, will vote for the same candidate that the American people have already chosen.",0,Human,21,short,human_vs_ai_sentences
"When you prepare meals from scratch, it can help build self-confidence over time by developing skills like measuring ingredients accurately, following recipes correctly, and having a good understanding of flavor combinations.",1,AI,31,medium,human_vs_ai_sentences
They will be thankful that it was a teacher-designed project and that it helped to keep their brains working.,0,Human,19,short,human_vs_ai_sentences
Most of that is because of driving.,0,Human,7,very_short,human_vs_ai_sentences
This isn't just something we can ignore!,0,Human,7,very_short,human_vs_ai_sentences
"Dear TEACHER_NAME,

Kids love to have fun, they don't want to be forced to do community service.",0,Human,17,short,human_vs_ai_sentences
"Limiting or lowering the usage of automobiles anywhere can help reduce stress mainly because people won't have to worry as much about traffic, maintanence & repair costs, air polution, or even the general dangers of driving a vehicle.",0,Human,38,medium,human_vs_ai_sentences
"If students have the opportunity to do classes from home they dont have to stress about returning to school, and having a lot of class work to make up.",0,Human,29,short,human_vs_ai_sentences
"If I were to make a big decision, I would ask lots of people for advice, and I would advise you to do it too.",0,Human,25,short,human_vs_ai_sentences
"This is because Trump won a majority of the electoral votes in a small number of swing states, such as Pennsylvania, Michigan, and Wisconsin.",1,AI,24,short,human_vs_ai_sentences
"Furthermore, cooperation can help children develop problem-solving skills.",1,AI,8,very_short,human_vs_ai_sentences
"The hospital, that's where you'll end up, or worse!",0,Human,9,very_short,human_vs_ai_sentences
After she told me this I asked my civics teacher and a couple of other friends who advised me to skip my basket ball game so that I could finish the project without any stress.,0,Human,35,medium,human_vs_ai_sentences
"The implication was that if you use this detergent, your dishes will be just as sparkling clean.",1,AI,17,short,human_vs_ai_sentences
"Studies have shown that when children are regularly playing sports, their academic performance tends to improve as well.",1,AI,18,short,human_vs_ai_sentences
"They release greenhouse gases, which contribute to climate change, and they're also finite, which means they'll eventually run out.",1,AI,19,short,human_vs_ai_sentences
"In 2006, Vanban was completed as an example of a growing trends in Europe, the United States and elswhere to separate suburban life from auto use, as a component of a movement called ""smart planning"" Vauban, home to 5,500 resident within a rectangular square mile, mat be the most advance expreiment in low-car suburban life.",0,Human,55,medium,human_vs_ai_sentences
The important thing is that education isn't a one-time event.,1,AI,10,very_short,human_vs_ai_sentences
I hope this information is helpful.,1,AI,6,very_short,human_vs_ai_sentences
"Trust me, I've seen it happen.",1,AI,6,very_short,human_vs_ai_sentences
The author goes into detail about the factors the contribute of how dangerous venus is.,0,Human,15,short,human_vs_ai_sentences
"So,",1,AI,1,very_short,human_vs_ai_sentences
"When someone offers constructive criticism, they are providing valuable feedback that can help us improve our decision-making.",1,AI,17,short,human_vs_ai_sentences
NASA just does not pass over the face very often.,0,Human,10,very_short,human_vs_ai_sentences
We had the opportunity to learn about how adults felt about some people and learned new facts about candidates.,0,Human,19,short,human_vs_ai_sentences
One of the main concerns is that students may not be fully prepared for the next step in their education or career.,1,AI,22,short,human_vs_ai_sentences
The impact of going beyond what you have already mastered on your after life can be positive or negative depending on the outcome.,1,AI,23,short,human_vs_ai_sentences
"Using your phone while driving just isn't worth going to jail , having to pay a ticket or loosing your life or someone else loosing theirs .",0,Human,27,short,human_vs_ai_sentences
"Secondly, textbooks provide a structured learning experience.",1,AI,7,very_short,human_vs_ai_sentences
"This may be fatal, however, because states like Wyoming, which only have the population of 500,000, will have as much to say about the fate of the United States as a state like California, home to 35 million people.",0,Human,39,medium,human_vs_ai_sentences
"I know from personal experience that when I am doing a project that interests me, I do so much better and I learn so much more about the subject.",0,Human,29,short,human_vs_ai_sentences
One of the primary advantages of the Electoral College is its ability to ensure certainty of outcomes.,1,AI,17,short,human_vs_ai_sentences
Why shouldn't they.,0,Human,3,very_short,human_vs_ai_sentences
I have come to conclusion that i favor of changing to election by popular vote for the president of the United States.,0,Human,22,short,human_vs_ai_sentences
"With the ability to access social media, play games, and send messages, students may be tempted to use their cell phones instead of focusing on their studies.",1,AI,27,short,human_vs_ai_sentences
"The mal-apportionment of the Senate, which benefits small states, is counterbalanced by the Electoral College system.",1,AI,16,short,human_vs_ai_sentences
The technology behind this type of diving has come a long way over recent years with improvements being made all the time in both gear design as well as safety protocols employed by certifying agencies around world.,1,AI,37,medium,human_vs_ai_sentences
What would you do?,0,Human,4,very_short,human_vs_ai_sentences
"In order to more fully understand the potential implications of such a change, it is essential to consider the educational context in which this decision would be made.",1,AI,28,short,human_vs_ai_sentences
"One person's grudge may be getting in the way of a choice, decision, or their advice.",0,Human,16,short,human_vs_ai_sentences
"Democracy is the power of the people, and we should strive to ensure that power is distributed equally among everyone, not just a select few states or voters deemed to be in strategic locations.",1,AI,34,medium,human_vs_ai_sentences
We need to do more towards making this bigger.,0,Human,9,very_short,human_vs_ai_sentences
"It's not fair, and it's not right.",1,AI,7,very_short,human_vs_ai_sentences
monday a motorists with even-number license plates were ordered to leave their cars at the home or suffer a 22-euro.,0,Human,20,short,human_vs_ai_sentences
"Finally, libraries are adapting to the digital age by embracing technology and innovation.",1,AI,13,short,human_vs_ai_sentences
"Academics are extremely important, but it is argued that a socail life is equally as important.",0,Human,16,short,human_vs_ai_sentences
Cars are creating an harmful environment with problems such as smog and traffic.,0,Human,13,short,human_vs_ai_sentences
3.,1,AI,1,very_short,human_vs_ai_sentences
"Plus, doing things for others doesn't just make them feel good, it makes you feel good because you know you have done a big deed for that person and it makes them really happy.",0,Human,34,medium,human_vs_ai_sentences
"While it is true that some young people may not be actively involved in community service, it is unfair to generalize and say that all young people are indifferent to the needs of their communities.",1,AI,35,medium,human_vs_ai_sentences
Proportional representation keeps this functionality that those who support normal electoral college hide behind.,0,Human,14,short,human_vs_ai_sentences
The car is not perfected.,0,Human,5,very_short,human_vs_ai_sentences
"Experience:

During my visit to Generic_City, I made sure to experience the city like a local.",1,AI,16,short,human_vs_ai_sentences
"How will the driver have the ability to take control in a broke down, completely driverless car?",0,Human,17,short,human_vs_ai_sentences
"It could take months or possibly a year, depending on how detailed it is.",0,Human,14,short,human_vs_ai_sentences
"Thirdly, purchasing local produce can also be great for your wallet - because it doesn’t need extra packaging or travel expenses – prices typically remain lower than supermarket shelves!",1,AI,29,short,human_vs_ai_sentences
We can tell the difference between a good teacher and a bad one.,1,AI,13,short,human_vs_ai_sentences
"To protect and help these children, it is essential that the Bangladeshi government act quickly to provide resources to families in need, especially those who are struggling to raise an abnormal child.",1,AI,32,medium,human_vs_ai_sentences
"The same would apply yo those Odd-Numbered plates the following."" this is telling you that there city was so bad tha the goverenment was forsed to have ther city be taxed if thet wanted to drive ther car.",0,Human,38,medium,human_vs_ai_sentences
Cell phones are a common growing material in the United States and other countries most teenagers/kids have them.,0,Human,18,short,human_vs_ai_sentences
It also makes driving much safer and easier.,0,Human,8,very_short,human_vs_ai_sentences
This would be a more democratic and fair system that would give all voters a voice in the election.,1,AI,19,short,human_vs_ai_sentences
"Like, I had a really hard time with math last semester and I was like, totally gonna fail, but I didn't give up.",1,AI,23,short,human_vs_ai_sentences
"And it's not just about personal stuff, either.",1,AI,8,very_short,human_vs_ai_sentences
"Hey, I'm just a regular 8th grader, so bear with me!",1,AI,11,short,human_vs_ai_sentences
This showed that he had initiative.,0,Human,6,very_short,human_vs_ai_sentences
"The face of of mars is claimed by lots of people to be real, the people say it might be a landbulge, ancient arifacts, aliens created it?",0,Human,27,short,human_vs_ai_sentences
Pretend that you are a student and you have a very big test tomorrow and you need to study.,0,Human,19,short,human_vs_ai_sentences
Make sure to have people with different perspectives.,0,Human,8,very_short,human_vs_ai_sentences
"The annual ""Day Without Cars,"" saw millions of Colombians opt for alternative modes of transportation, effectively demonstrating the potential of large-scale public participation in car usage reduction (Selsky, Paragraph 21).",1,AI,30,short,human_vs_ai_sentences
Sometimes voters can't control who the electors vote for.,0,Human,9,very_short,human_vs_ai_sentences
com/dangers-using-cell-phones-driving-1253.,0,Human,1,very_short,human_vs_ai_sentences
"However, it is fair to address counter-arguments.",1,AI,7,very_short,human_vs_ai_sentences
Stress is another major problem in our society.,1,AI,8,very_short,human_vs_ai_sentences
"Cars, the pride and joy of many people.",0,Human,8,very_short,human_vs_ai_sentences
He had to work and do stuff.,0,Human,7,very_short,human_vs_ai_sentences
"As an 8th grader, I strongly believe that attending school from home can have numerous benefits for students.",1,AI,18,short,human_vs_ai_sentences
"Sometimes I don't know what to do to get better, its hard watching YouTube or going to Google is the only thing I can do to get batter, or not forget to pass, and help me.",0,Human,36,medium,human_vs_ai_sentences
Even though cars are becoming more advanced for using as little fossil fuels and energy as possible we should try not to use them as often as we do.,0,Human,29,short,human_vs_ai_sentences
It speaks to the idea that being true to one's self is a valuable and underrated task.,1,AI,17,short,human_vs_ai_sentences
"By reducing air pollution, traffic congestion, and promoting physical activity, we can create a better and healthier world for ourselves and future generations.",1,AI,23,short,human_vs_ai_sentences
A driverless car is a have to have item!,0,Human,9,very_short,human_vs_ai_sentences
"Some kids prefer to save their parent's money, plus if they dont want to take one, that's even more unfair.",0,Human,20,short,human_vs_ai_sentences
"To begin this all off, money is a crucial thing in life no matter who you are.",0,Human,17,short,human_vs_ai_sentences
Parents and schools play a significant role in the decision-making process for students.,1,AI,13,short,human_vs_ai_sentences
Whether independent travels sounds like something you'd enjoy depends entirely upon individual preference – either way it’,1,AI,17,short,human_vs_ai_sentences
"Although Venus is a dangerous planet to visit, there are scientist out there that would sitll go and explore Venus because of features that are worth studying for and give an idea of what it is like for Venus.",0,Human,39,medium,human_vs_ai_sentences
They will use less fuel and make people happier.,0,Human,9,very_short,human_vs_ai_sentences
Don't do this to us.,0,Human,5,very_short,human_vs_ai_sentences
Everybody has their own ideas and opinions.,0,Human,7,very_short,human_vs_ai_sentences
"In addition, other studies and research completed with the FACS shows that this system can and will relay accurate results because body language is universal and our human anatomy does not lie.",0,Human,32,medium,human_vs_ai_sentences
This is making our country sound like a dictatorship.,0,Human,9,very_short,human_vs_ai_sentences
"Financially, limiting car dependence offers savings for citizens.",1,AI,8,very_short,human_vs_ai_sentences
"By having the classes online that risk is gone and would benefit teachers, students, and even parents.",0,Human,17,short,human_vs_ai_sentences
Why not just cut out all of the extra processes and focuses on the decision of the people directly.,0,Human,19,short,human_vs_ai_sentences
"And who knows, you might discover something new and awesome!",1,AI,10,very_short,human_vs_ai_sentences
"Like, there's this one girl in my class who",1,AI,9,very_short,human_vs_ai_sentences
"This idea can be seen everywhere, from T-shirts and coffee mugs with words like ‘hustle’ and ‘grind’, to people bragging about how much time they are putting in at work or what they are accomplishing.",1,AI,35,medium,human_vs_ai_sentences
"Cars are expensive to buy, operate, and maintain.",1,AI,8,very_short,human_vs_ai_sentences
"Firstly, people can get more information about a topic.",0,Human,9,very_short,human_vs_ai_sentences
"When drafting an outline, take note of the key arguments of why using a writing checklist is beneficial.",1,AI,18,short,human_vs_ai_sentences
Social media platforms also create an often artificial sense of connection which may leave one feeling more disconnected than they were before due to its inability to capture real emotions or nuances in conversation that exist only when having direct contact with another person.,1,AI,44,medium,human_vs_ai_sentences
"Libraries are like, super important, you know?",1,AI,7,very_short,human_vs_ai_sentences
"Dear Senator,

I am writing to you today to express my support for abolishing the Electoral College.",1,AI,17,short,human_vs_ai_sentences
Due to increasing crime rates caused by the U.S. economy.,0,Human,10,very_short,human_vs_ai_sentences
"They promote equality, discipline, and focus among students, which are all essential for academic success.",1,AI,15,short,human_vs_ai_sentences
"Many students use their phones to play games, scroll through social media, or watch videos during lunch, which can take away from their ability to focus and learn during the rest of the school day.",1,AI,35,medium,human_vs_ai_sentences
"* Stronger communities: When people walk or bike to their destinations, they are more likely to interact with their neighbors and get to know their community.",1,AI,26,short,human_vs_ai_sentences
"In my story i'm going to tell you why I don't like the idea, why a homan should always be controlling the car, and the consequences of a driverless car that could happen.",0,Human,33,medium,human_vs_ai_sentences
This kind of pressure to conform to certain beauty standards is harmful and can have long-lasting effects on mental health.,1,AI,20,short,human_vs_ai_sentences
"Additionally, the university education provides students with the opportunity to develop their personality and character.",1,AI,15,short,human_vs_ai_sentences
Should summer projects be designed by teachers or students?,0,Human,9,very_short,human_vs_ai_sentences
v.,0,Human,1,very_short,human_vs_ai_sentences
They keep students busy.,0,Human,4,very_short,human_vs_ai_sentences
"Hey, y'all!",1,AI,2,very_short,human_vs_ai_sentences
"It allows us to be authentic, creative, and confident.",1,AI,9,very_short,human_vs_ai_sentences
Not only does this lead to more productive conversations but it encourages problem solving skills as well as critical thinking abilities which are invaluable tools when making decisions both inside and outside of work settings.,1,AI,35,medium,human_vs_ai_sentences
"In that election, George W.",1,AI,5,very_short,human_vs_ai_sentences
"This is a matter that has sparked a voluminous debate in recent years as some argue in favor of switching to the popular vote, but I believe that the Electoral College, despite its criticisms, still serves pivotal functions that safeguard our representative democracy.",1,AI,43,medium,human_vs_ai_sentences
"Upon closer examination, pareidolia rather than visitation best explains the formation.",1,AI,11,short,human_vs_ai_sentences
The technology they are making escpecially inventions like this will one day change the future.,0,Human,15,short,human_vs_ai_sentences
"After researching, I found that there are many pros and cons to each occupation, and two that really interest me are being a software developer and a nurse.",1,AI,28,short,human_vs_ai_sentences
There are many advantages to limiting car usage.,1,AI,8,very_short,human_vs_ai_sentences
"so that's why getting advice from other people is good because it could help with new ideas, it can help you make the right choice, and it can help you because other people might have experience it before.",0,Human,38,medium,human_vs_ai_sentences
"Finally, we can also change our own habits.",1,AI,8,very_short,human_vs_ai_sentences
"That's not cool, bro.",1,AI,4,very_short,human_vs_ai_sentences
"Some people might argue that it does, but I disagree.",1,AI,10,very_short,human_vs_ai_sentences
"However, working alone also has its drawbacks.",1,AI,7,very_short,human_vs_ai_sentences
can you take your hand off of the steering wheel long enough to open yourself up to other transportation options?,0,Human,20,short,human_vs_ai_sentences
Or the state of Alabama.,0,Human,5,very_short,human_vs_ai_sentences
The reason is that the winning candidate's share of the Electoral College rarely exceeds his share of the popular vote.,0,Human,20,short,human_vs_ai_sentences
Computers do not have this.,0,Human,5,very_short,human_vs_ai_sentences
"In conclusion, while saving every plant and animal species could be expensive, it is crucial for maintaining ecological balance, providing essential benefits to humans, and fulfilling our responsibility as inhabitants of the natural ecosystem.",1,AI,34,medium,human_vs_ai_sentences
There are many reasons why elcetoral college should be abolished.,0,Human,10,very_short,human_vs_ai_sentences
"Additionally, students who are English language learners might struggle with the language barrier, which can make it harder for them to do well on the test.",1,AI,26,short,human_vs_ai_sentences
The winner-takes-all method employed by most states gives a candidate an overwhelming majority if they secure even a slight plurality in a state.,1,AI,23,short,human_vs_ai_sentences
"For example, in the 2000 election, George W.",1,AI,8,very_short,human_vs_ai_sentences
Even just ten minutes could do good and make someone smile.,0,Human,11,short,human_vs_ai_sentences
"Now, you've talked to both your mother and friends, asked internet forums about relationships your questions and have even gotten some replies from certified professionals.",0,Human,25,short,human_vs_ai_sentences
"In conclusion, while there are both benefits",1,AI,7,very_short,human_vs_ai_sentences
"As more people turn to ride-sharing services for their transportation needs, the need for personal cars will decrease.",1,AI,18,short,human_vs_ai_sentences
"Speaking of safety rules, they are super important in the laboratory!",1,AI,11,short,human_vs_ai_sentences
"Walking and cycling are excellent ways to stay active, and by limiting car usage, we can incorporate these activities into our daily routine.",1,AI,23,short,human_vs_ai_sentences
"But, like, here I am.",1,AI,5,very_short,human_vs_ai_sentences
"The MONA LISA demonstration is really intended to bring a smile to your face, while it showa just how much this computer can do.",0,Human,24,short,human_vs_ai_sentences
"org, www.",0,Human,2,very_short,human_vs_ai_sentences
"It's like, a total game-changer!",1,AI,5,very_short,human_vs_ai_sentences
We definetly would not be using as much.,0,Human,8,very_short,human_vs_ai_sentences
"Last but not least, E-dictionaries can help us to learn new words more effectively.",1,AI,14,short,human_vs_ai_sentences
"And, like, what if we're out after dark and something bad happens?",1,AI,12,short,human_vs_ai_sentences
"Arts education isn't just about creating art, it's about developing important skills that can help us in all areas of life.",1,AI,21,short,human_vs_ai_sentences
My essay will be about a situation two years ago when I was a junior in high school.,1,AI,18,short,human_vs_ai_sentences
"For example if you have a medical problem but want to know more about it, You usually ask more than one person so that you know everything that you can about what you may have.",0,Human,35,medium,human_vs_ai_sentences
"Students, regardless of the activity they choose to be a part of, can engage in a fun and worthwhile experience that will help them grow as people.",0,Human,27,short,human_vs_ai_sentences
"In Vauban, Germany, the residents have almost completely given up driving.",0,Human,11,short,human_vs_ai_sentences
My advice is that we leave things the way they are and keep on pressuring the students to a successful life and a life filled with happiness and joy.,0,Human,29,short,human_vs_ai_sentences
"People do not feel like they are contributing because when it comes down to it, the electoral votes are the deciding votes.",0,Human,22,short,human_vs_ai_sentences
"The idea of a caifiee dat has spiouted fiom Colombia, in which the citizens of Colombia aie encouiaged tohike, bike, skate, oi take the bus to woik iathei than using cais foi tianspoitation "" Caifiee day is spinning into a big hit in Bogota "" .",0,Human,46,medium,human_vs_ai_sentences
Is it just mother nature pulling tricks on us?,0,Human,9,very_short,human_vs_ai_sentences
This flaws the percentages overall.,0,Human,5,very_short,human_vs_ai_sentences
You're unstoppable!,1,AI,2,very_short,human_vs_ai_sentences
But everything usally has a reason why it's made and it will be used by some people with certain jobs with stuff like this.,0,Human,24,short,human_vs_ai_sentences
First impressions are powerful.,1,AI,4,very_short,human_vs_ai_sentences
"In recent years, there has been a growing interest in mentoring programs between older and younger students.",1,AI,17,short,human_vs_ai_sentences
"Many individuals heavily rely on their cars for daily activities and commutes, which can result in resistance to the transition due to concerns about inconvenience and a perceived loss of personal freedom.",1,AI,32,medium,human_vs_ai_sentences
I think we all just want to fit in and be normal.,0,Human,12,short,human_vs_ai_sentences
There are many benefits to lifelong learning.,1,AI,7,very_short,human_vs_ai_sentences
"By getting someone else's point of view, You can look at things in a different way.",0,Human,16,short,human_vs_ai_sentences
"Firstly, modern technology has made communication easier and faster.",1,AI,9,very_short,human_vs_ai_sentences
.,0,Human,1,very_short,human_vs_ai_sentences
Its always important for people to get a second or third or even forth opinion so people dont get into trouble and do the right thing.,0,Human,26,short,human_vs_ai_sentences
"Aside from just the noise pollution our buzzing motors give us, the air pollution is much worse.",0,Human,17,short,human_vs_ai_sentences
"Lets take my friend for example he does no work at home or at school, Yet he still has a playstation three.",0,Human,22,short,human_vs_ai_sentences
"In conclusion, the advantages of limiting car use are multi-faceted.",1,AI,10,very_short,human_vs_ai_sentences
When it comes to the technology that reads students emotions I think its a great idea of having it in classrooms.,0,Human,21,short,human_vs_ai_sentences
"Although some say students wouldn't benefit attending classes from home because students will not have the opportunity to work in groups with other students, actually students would benefit attending classes from home because they will feel comfortable and students can be more safe.",0,Human,43,medium,human_vs_ai_sentences
(NHTSA) also concluded that texting while driving is six times more dangerous than driving while intoxicated.,0,Human,16,short,human_vs_ai_sentences
We should try and study Venus even though it could be dangers.,0,Human,12,short,human_vs_ai_sentences
Car's.,0,Human,1,very_short,human_vs_ai_sentences
"In traditional art classes, students may spend most of their time sitting in a classroom, listening to a teacher lecture.",1,AI,20,short,human_vs_ai_sentences
The face has become a pop icon that everyone likes.,0,Human,10,very_short,human_vs_ai_sentences
"Also if the teacher lets students pick people, they can pick people that know a lot about the topic of the project or classwork.",0,Human,24,short,human_vs_ai_sentences
I think it's just going into someones personal life without asking and thats never ok.,0,Human,15,short,human_vs_ai_sentences
It can bless you by other things in the world.,0,Human,10,very_short,human_vs_ai_sentences
Noise pollution can lead to stress and sleep problems.,1,AI,9,very_short,human_vs_ai_sentences
Finally although it takes some effort initially adjusting lifestyle habits towards better eating practices is worth considering especially if done gradually rather than cold turkey style – so long term goals stay achievable yet sustainable overall!,1,AI,36,medium,human_vs_ai_sentences
"""So, if there were objects in this picture like airplanes on the ground or Egyptian-style pyramids or even small shacks, you could see what they were!"" What the picture actually shows is the Martin equivalent of the butte or mesa-landforms common around the American West.",0,Human,45,medium,human_vs_ai_sentences
"The FACS could help students, by acknowleding their emotions and change the lesson or the atmosphere.",0,Human,16,short,human_vs_ai_sentences
"Cars are expensive to purchase, maintain, and insure.",1,AI,8,very_short,human_vs_ai_sentences
"What’s more, there are concerns around how technology can lead us away from truly listening to each other instead encouraging us merely respond quickly without fully considering any message given - an issue further exacerbated if said messages come via non-verbal cues such as emojis etc.",1,AI,46,medium,human_vs_ai_sentences
"Additionally, online lectures allow students to dig deeper into topics they find interesting while skipping over those not relevant to them without feeling disruptive or wasting class time on concepts they already understand.",1,AI,33,medium,human_vs_ai_sentences
"Instead, you could have gone to person B for advice.",0,Human,10,very_short,human_vs_ai_sentences
This mixture between extremes helps keep things interesting while allowing viewers to develop strong emotional attachments over time towards these beloved characters; despite being fictional entities onscreen they still manage to feel like family by the end credits rolling every week!.,1,AI,41,medium,human_vs_ai_sentences
"The interactions between the students of different ages foster relationships that would not have otherwise been made, and the different points of view in these relationships often lead to unique perspectives that contribute to educational growth for everyone involved.",1,AI,39,medium,human_vs_ai_sentences
For instance in 2000 candidate Al Gore won there popluar vote but lost the presidency thanks to the commity of electons from the electoral college.,0,Human,25,short,human_vs_ai_sentences
"During the school year, teachers are readily available in case students need to answer questions.",0,Human,15,short,human_vs_ai_sentences
"Additionally, modern technology can be helpful for tasks such as grocery shopping and banking.",1,AI,14,short,human_vs_ai_sentences
"This includes using proper etiquette, such as addressing people by their titles and last names, using please and thank you, and being respectful of others' opinions and beliefs.",1,AI,28,short,human_vs_ai_sentences
We need to take back control of our data.,1,AI,9,very_short,human_vs_ai_sentences
"Overall this software is extremely useful for certain situations, but a classroom setting is not in need of this software.",0,Human,20,short,human_vs_ai_sentences
"""Just as our jet airplanes travel at a higher altitude to fly over many storms, a vehicle hovering over venus would avoid the unfriendly ground conditions by staying up and out of their way"" (""The Challenge of Exploring Venus"").",0,Human,39,medium,human_vs_ai_sentences
The Beckman Institute for Advanced science at the University of Illinois was capable to make a software that can read people's emotions.,0,Human,22,short,human_vs_ai_sentences
"Sincerely,

[Your Name]",1,AI,3,very_short,human_vs_ai_sentences
I hope that you consider joining Seagoing Cowboys!,0,Human,8,very_short,human_vs_ai_sentences
"Additionally, homeschooling provides a more personalized and individualized education experience.",1,AI,10,very_short,human_vs_ai_sentences
.,1,AI,1,very_short,human_vs_ai_sentences
"Although this crash will harm the economy, the ever-changing population of Earth will quickly find some new innovation to obssess over and the market will quickly recover and improve on this new product.",0,Human,33,medium,human_vs_ai_sentences
If you get a good grade you get to do sports and activities.,0,Human,13,short,human_vs_ai_sentences
A positive attitude is the key to success in life.,0,Human,10,very_short,human_vs_ai_sentences
"By doing so we can get a good company, as there are many people with us, we can see more places, and we can collect more infrormation about the places, and further more many people can get their living by doing the travelling guide jobs.",1,AI,45,medium,human_vs_ai_sentences
It is more convenient than books and the written word.,1,AI,10,very_short,human_vs_ai_sentences
"according to a report by the international renewable energy agency (irena), the renewable energy sector employed 11 million people globally in 2018, and this number is expected to rise to 42 million by 2050.",1,AI,34,medium,human_vs_ai_sentences
"Like, sometimes we don't know everything.",1,AI,6,very_short,human_vs_ai_sentences
"By embracing these principles, we can overcome the challenges of success and achieve our desired outcomes, while also building connections and relationships that can benefit us in many ways.",1,AI,29,short,human_vs_ai_sentences
"My final example is the chance that if people are talking to you as if what they say are facts, sometimes you may need to double check on that stuff.",0,Human,30,short,human_vs_ai_sentences
"The Electoral College is a system in which each state is allocated a certain number of electoral votes, based on its population.",1,AI,22,short,human_vs_ai_sentences
"In conclusion, while there are valid arguments in favor of changing to a popular vote for the presidential election, the Electoral College has proven to be an effective and important part of our democratic system.",1,AI,35,medium,human_vs_ai_sentences
It may cause students anxiety about hiding their true feelings from teacher surveillance.,1,AI,13,short,human_vs_ai_sentences
"You'll learn stuff, feel more in control, and be yourself.",1,AI,10,very_short,human_vs_ai_sentences
The students should have there rights about be about to have a say in certain things.,0,Human,16,short,human_vs_ai_sentences
"For instance, you might not like the way things are going in class but if you were to sit and think of better ways to handle the problem it will show you that thinking in diffrent ways can make a problem a blessing you just have to be willing to put forth the effort.",0,Human,54,medium,human_vs_ai_sentences
The author doesn't really inclued what good would come out of the expedition to Venus.,0,Human,15,short,human_vs_ai_sentences
"Works cited

Levey, Gabi.",0,Human,4,very_short,human_vs_ai_sentences
One way that individuals are doing this is by installing solar panels onto their homes.,1,AI,15,short,human_vs_ai_sentences
"The winning candidate's share of the Electoral College typically exceeds their share of the popular vote, ensuring a clear and decisive outcome.",1,AI,22,short,human_vs_ai_sentences
4.,1,AI,1,very_short,human_vs_ai_sentences
"This has resulted in people becoming more reliant on technology, which can be problematic if the technology fails or is unavailable.",1,AI,21,short,human_vs_ai_sentences
The single best argument against the electoral college is what we might call the disaster factor.,0,Human,16,short,human_vs_ai_sentences
"Blaming NASA for lying about the discovery of ""aliens"" is just simply illogical.",0,Human,13,short,human_vs_ai_sentences
There are a number of reasons for this.,1,AI,8,very_short,human_vs_ai_sentences
The electoral college can also ignore their states votes.,0,Human,9,very_short,human_vs_ai_sentences
The article mentions that It can determine your emotion even if you seem like your not trying to express a specific emotion.,0,Human,22,short,human_vs_ai_sentences
I am here to tell you why.,0,Human,7,very_short,human_vs_ai_sentences
Hope we can get that far.,0,Human,6,very_short,human_vs_ai_sentences
"Next up, let's look at the shape of the Face.",1,AI,10,very_short,human_vs_ai_sentences
"It is no longer enough to simply be knowledgeable and experienced in one's chosen field; employers are now looking for candidates who demonstrate a commitment to their job and take initiative with tasks, often going above and beyond what is expected to ensure success.",1,AI,44,medium,human_vs_ai_sentences
"By embracing growth and utilizing existing successes as motivation, one can push boundaries and challenge themselves.",1,AI,16,short,human_vs_ai_sentences
"the driverless cars still alert the driver to take over when pulling in and out of driveways or dealing with complicated traffic issues, such as navigating through roadwork or accidents, but so far, google cars arent truly driverless.",0,Human,38,medium,human_vs_ai_sentences
"All of us know that it would better off to having students with conflicts stay home and help the actual problems going on inside the school that nobody would ever think to take care of, and what is better than that!",0,Human,41,medium,human_vs_ai_sentences
Mistakes will always be made.,0,Human,5,very_short,human_vs_ai_sentences
"This will impact their lifestyle as an adult and make them conscious about their choices, knowing that if they need a second opinion, they have one.",0,Human,26,short,human_vs_ai_sentences
For example a student that needs help to setup a lab at home can't really get the help he or she needs compared to the students that are in class and can ask direct help from the teacher.,0,Human,38,medium,human_vs_ai_sentences
They were about to give up when they realized they could use the blob to help them.,1,AI,17,short,human_vs_ai_sentences
Other reasons for such pompous advertisements could be to lure the consumers to buy more and more of their products.,1,AI,20,short,human_vs_ai_sentences
"Since the air in France was getting to bad they had to ""Monday motorists with even-numbered license plates were ordered to leave their cars at hme or suffer a 22-euro fine ($31)"" (Duffer).",0,Human,33,medium,human_vs_ai_sentences
"Whether it is in the workplace, at school, or in my personal life, having a positive attitude can make a huge difference in achieving success.",1,AI,25,short,human_vs_ai_sentences
The cowboys and I would play baseball and volleyball games in the empty hold where animals had been housed.,0,Human,19,short,human_vs_ai_sentences
Attending classes in person vs.,1,AI,5,very_short,human_vs_ai_sentences
"Ultimately, it depends on the person.",1,AI,6,very_short,human_vs_ai_sentences
"then holding that, raise the outer parts of your cheeks up toward your eyes.",0,Human,14,short,human_vs_ai_sentences
They took multiple sets of pictures in different years.,0,Human,9,very_short,human_vs_ai_sentences
"🏋️‍♀️ For one, it's a great way to get some fresh air and vitamin D.",1,AI,15,short,human_vs_ai_sentences
"The authors idea of Venus was a good article, he explains how Venus despite the the volcanoes, earthquakes and the frequent lighting, Venus would still be a good place to study and learn from for are future.",0,Human,37,medium,human_vs_ai_sentences
The Electoral College helps reduce that issue.,0,Human,7,very_short,human_vs_ai_sentences
"This is especially true in cases of cancer, where the patient may be emotionally and physically unprepared for the news.",1,AI,20,short,human_vs_ai_sentences
"In addition, Colombia’s temperatures tend to remain fairly consistent year-round; this allows farmers plenty of time throughout the growing season (which usually starts around April) before harvesting takes place during August/September each year.",1,AI,33,medium,human_vs_ai_sentences
"Also, is will cause students to misbehave more if they don't have rules about the work.",0,Human,16,short,human_vs_ai_sentences
"If we have an extra day off, we can use that time to get extra help from teachers or tutors if we're struggling in a certain subject.",1,AI,27,short,human_vs_ai_sentences
"Today, Jefferson's message is more relevant than ever.",1,AI,8,very_short,human_vs_ai_sentences
It could change the world by helping prevent less suidcides and self harm or peer pressure and bad decisions.,0,Human,19,short,human_vs_ai_sentences
"For example, extending the school by two hours students will need to do more homework, test, and projects.",0,Human,18,short,human_vs_ai_sentences
"Nothing freaky or wierd, just a face in the sand.",0,Human,10,very_short,human_vs_ai_sentences
"So more than half the cars are still on the road, and it reduced smog so much, they didn't even need to ban the odd numbered cars.",0,Human,27,short,human_vs_ai_sentences
Doing an extracurricular activity could give you topics to talk about with friends.,0,Human,13,short,human_vs_ai_sentences
"Okay, so here are some examples to illustrate my points.",1,AI,10,very_short,human_vs_ai_sentences
Both brands began as small businesses and grew to become global powerhouses in the fashion industry.,1,AI,16,short,human_vs_ai_sentences
Paris has said that on mondays everyone should leave their cars at home and that only companies were able to drive there cars.,0,Human,23,short,human_vs_ai_sentences
🌟🚀,1,AI,1,very_short,human_vs_ai_sentences
Like friends or family they might make you smile when you're feeling down.,0,Human,13,short,human_vs_ai_sentences
"They're like, whoa.",1,AI,3,very_short,human_vs_ai_sentences
"It's like, find that balance, you know?",1,AI,7,very_short,human_vs_ai_sentences
"It is also important to make sure that your clothing is clean and wrinkle-free, and that you have appropriate accessories such as a belt, cufflinks, and a watch.",1,AI,28,short,human_vs_ai_sentences
I want to know who picks the electors in the first place?,0,Human,12,short,human_vs_ai_sentences
That is why I strongly believe that all students in our school should be required to take part in community service.,0,Human,21,short,human_vs_ai_sentences
"Additionally, group travel can be more expensive than traveling alone.",1,AI,10,very_short,human_vs_ai_sentences
"They should not take everything at face value, and they should always do their research before making a purchase.",1,AI,19,short,human_vs_ai_sentences
"Though these items are often attractive due to their low price tags, studies show that they take significant resources and energy to produce – meaning they can contribute significantly to greenhouse gas emissions when disposed of improperly.",1,AI,37,medium,human_vs_ai_sentences
"If a candidate can only win by dominating a single region, it is unlikely that they will be able to address the needs and concerns of citizens in other regions.",1,AI,30,short,human_vs_ai_sentences
Experts say America's love affair with vechicles seems to be cooling.,0,Human,11,short,human_vs_ai_sentences
"For example, the LGBTQ+ community has made great strides in recent years towards greater acceptance and equality, largely due to the efforts of individuals who were willing to embrace their differences and fight for their rights.",1,AI,36,medium,human_vs_ai_sentences
If I were to do my own project they couldn't copy off of me.,0,Human,14,short,human_vs_ai_sentences
"The electors are generally chosen by the candidate's political party, but state laws vary on how the electors are selected and what their responsiblities are....""(office of the federal register, source 1).",0,Human,31,medium,human_vs_ai_sentences
"Second,they want to hangout with their friends but, also join a different activity that their school doesnt have with their friends.",0,Human,21,short,human_vs_ai_sentences
All the face is is sand that has been moved around by sand storms and now it looks like a face nothing fun about it.,0,Human,25,short,human_vs_ai_sentences
"This is unfair to people in the Dakotas or Montana have no information to base their votes on, instead just picking a canidate by mainly party affiliation.",0,Human,27,short,human_vs_ai_sentences
"I used to stay after for yearbook committee, and we all learned some new and interesting things.",0,Human,17,short,human_vs_ai_sentences
.,0,Human,1,very_short,human_vs_ai_sentences
"Technology makes this even more true by allowing us to do most things without leaving home: shop online, watch television programs via streaming service apps instead of live TV broadcasts, even order groceries when we don’t want to leave the house!",1,AI,41,medium,human_vs_ai_sentences
Limiting car usage can help to reduce the risk of accidents.,1,AI,11,short,human_vs_ai_sentences
The way she speaks passionately about art and culture whenever we get together still amazes me today - despite all the changes in today's world since we first started talking about these topics around our kitchen table decades ago!,1,AI,39,medium,human_vs_ai_sentences
"However, this could be a good thing.",0,Human,7,very_short,human_vs_ai_sentences
I agree that advertisements make products seem much better than they really are.,1,AI,13,short,human_vs_ai_sentences
"In the article "" Carfree day is spinning into a big hit in Bogota"" by Andrew Selsky the author talks about how everyone took a ""car free"" This was Bogota's third straight year of no car day the only cars that were allowed to be on the road were those of busies or taxis.",0,Human,54,medium,human_vs_ai_sentences
"So, yeah, I think a homework club could be a good idea, but we gotta think about all the potential issues and make sure it's gonna work for everyone.",1,AI,29,short,human_vs_ai_sentences
Teachers determine effort and creativity for the most part.,0,Human,9,very_short,human_vs_ai_sentences
"Personalized Learning: Teachers in a traditional classroom setting can provide personalized attention to students, tailoring their teaching methods to meet the individual needs of each student.",1,AI,26,short,human_vs_ai_sentences
"Seeking multiple opinions can help someone make a better choice, because many people have different views and beliefs.",0,Human,18,short,human_vs_ai_sentences
"In conclusion, I believe that this technology should not be used in schools or on people for that matter.",0,Human,19,short,human_vs_ai_sentences
"Now the smog had cleared enough because of the ""car-free"".",0,Human,10,very_short,human_vs_ai_sentences
Reasons why you should ask more than person is because one persons advice could be like i was very passionate about my job and worked really hard to try to et it and i finally got the job and now the CEO of it.,0,Human,44,medium,human_vs_ai_sentences
"We can also use technology, such as virtual reality, to educate people about wildlife and promote empathy towards animals.",1,AI,19,short,human_vs_ai_sentences
Cars have been a necessity to us for as long as I can remember.,0,Human,14,short,human_vs_ai_sentences
It can also lead to back pain and neck pain.,1,AI,10,very_short,human_vs_ai_sentences
And who doesn't wanna be successful and happy?,1,AI,8,very_short,human_vs_ai_sentences
This will motivate them to complete their project.,0,Human,8,very_short,human_vs_ai_sentences
"In my opinion, the best approach to decision-making is a balance between individual decision-making and seeking guidance from experts and authorities.",1,AI,21,short,human_vs_ai_sentences
"😊

So, you know how there are these new-fangled online classes that everyone's been talking about?",1,AI,16,short,human_vs_ai_sentences
I am writing to express my support for the Electoral College and advocate against the idea of changing to a popular vote system for the election of the President of the United States.,1,AI,33,medium,human_vs_ai_sentences
"Implementing measures to limit car usage, such as partial driving bans or designated car-free days, can significantly improve air quality and reduce the burden of respiratory diseases.",1,AI,27,short,human_vs_ai_sentences
"There are a lot of people who suffer from diseases like cancer, and marijuana can help them feel better.",1,AI,19,short,human_vs_ai_sentences
"In addition, government regulations regarding drone usage may limit where they can fly depending upon location - some states even require special permits which must first be obtained before conducting flights legally within those jurisdictions!.",1,AI,35,medium,human_vs_ai_sentences
"In conclusion, setting high goals can be beneficial in many ways.",1,AI,11,short,human_vs_ai_sentences
Cars are one of the main sources of air pollution.,1,AI,10,very_short,human_vs_ai_sentences
"This can be a major inconvenience for drivers, and it can also increase air pollution.",1,AI,15,short,human_vs_ai_sentences
"Fines should be over $500 up to the $10,000 range.",0,Human,10,very_short,human_vs_ai_sentences
"So, like, I don't know, man.",1,AI,6,very_short,human_vs_ai_sentences
The quality of their project will be reflected by their interest in the topic they choose.,0,Human,16,short,human_vs_ai_sentences
"Some students have a hard time juggling family things, little brothers or sisters and can't always seem to get all their work done from no fault of theirs.",0,Human,28,short,human_vs_ai_sentences
"That's why I believe students should participate due to amount of fun, making friends, and less free time.",0,Human,18,short,human_vs_ai_sentences
What if a student forgets their homework at home and the school want let them call their parents so they can bring the homework to the child so he/she don't get a bad grade for their homework assignment.,0,Human,38,medium,human_vs_ai_sentences
"Furthermore, the Electoral College ensures that large states are not disadvantaged in the election process due to the apportionment of the Senate.",1,AI,22,short,human_vs_ai_sentences
"it is hard to trust anybody, even family.",0,Human,8,very_short,human_vs_ai_sentences
Source 2; The indefensible electoral college; why even the best laid defenses of the system are wrong.,0,Human,17,short,human_vs_ai_sentences
"""A new president, really, How many votes did they win by?"" If someone were to ask you this what would you say, thirty electoral votes?",0,Human,25,short,human_vs_ai_sentences
Voters in presidential elections are the people who want to express a political preference rather than the people woh tihnk a single vote can dicide an election.,0,Human,27,short,human_vs_ai_sentences
.,1,AI,1,very_short,human_vs_ai_sentences
Limiting car usage wil reduce greenhouse gases.,0,Human,7,very_short,human_vs_ai_sentences
"In conclusion, technology does not necessarily lead to a deterioration of human thinking.",1,AI,13,short,human_vs_ai_sentences
"Engaging in regular exercise has been proven to help improve overall quality of life for people suffering from depression or anxiety disorders, as exercising increases levels of positive neurotransmitters such as serotonin and dopamine which are both responsible for feelings of happiness.",1,AI,42,medium,human_vs_ai_sentences
Making it a B average could do the opposite.,0,Human,9,very_short,human_vs_ai_sentences
It took a toll on us and there isn't a day that goes by that I don't wonder what would of been if we didn't get into that accident.,0,Human,29,short,human_vs_ai_sentences
A project designed by themselves would excite the students more and students would feel more inspired to do their best on it thus providing a much better product for the teachers to evaluate.,0,Human,33,medium,human_vs_ai_sentences
These types of games put players in precarious situations where they must fight off hordes of monsters or otherwise survive deadly environments while trying to figure out mysteries within a story-driven plotline.,1,AI,32,medium,human_vs_ai_sentences
"For instance, young people may lack the experience and critical thinking skills that come with age, making it difficult for them to effectively plan ahead and make connections.",1,AI,28,short,human_vs_ai_sentences
Community service is great for our community for these reasons.,0,Human,10,very_short,human_vs_ai_sentences
"I know when I was in 5th grade, moving to a new school was tough.",1,AI,15,short,human_vs_ai_sentences
"And lastly, taking a walk.",1,AI,5,very_short,human_vs_ai_sentences
Have you ever heard of a driverless car?,0,Human,8,very_short,human_vs_ai_sentences
Overall this would be a positive impact amoung us all.,0,Human,10,very_short,human_vs_ai_sentences
"Standardized testing has been widely debated among educators, policymakers, and parents.",1,AI,11,short,human_vs_ai_sentences
"car free day was started in Bogtoa,Colombia in the mid 1900s with a plan to spread car free day to the countries, to encourage millions of colonbians to hike,biked,skated or took buses to work during car free day and to create a 118 mile bicyle path.",0,Human,46,medium,human_vs_ai_sentences
"Take, for example, the Industrial Revolution.",1,AI,6,very_short,human_vs_ai_sentences
I think it is a vary interesting planit because i would like to know if there is any other life than what is on earth.,0,Human,25,short,human_vs_ai_sentences
Consider your passage and the people on the road.,0,Human,9,very_short,human_vs_ai_sentences
This is what often happens to online students.,0,Human,8,very_short,human_vs_ai_sentences
I don't like math.,0,Human,4,very_short,human_vs_ai_sentences
which online classes would't help us in such a way.,0,Human,10,very_short,human_vs_ai_sentences
Everyone likes to do things in their own way.,0,Human,9,very_short,human_vs_ai_sentences
From https://behavioralscientist.,0,Human,2,very_short,human_vs_ai_sentences
"""The Seagoing Cowboys program is an adventure,"" stated Luke.",0,Human,9,very_short,human_vs_ai_sentences
Why settle and believe one person when there are a whole lot more ideas out there.,0,Human,16,short,human_vs_ai_sentences
Malin's team captured an extraordinary photo using the camera's absolute macimum resolution.,0,Human,12,short,human_vs_ai_sentences
"So, in conclusion, marijuana should be legalized.",1,AI,7,very_short,human_vs_ai_sentences
"While there are arguments in favor of changing to a popular vote system, I believe that the Electoral College offers several practical advantages that make it a preferable method of electing our nation's leader.",1,AI,34,medium,human_vs_ai_sentences
teacher will be able to plan around the students needs it a class.,0,Human,13,short,human_vs_ai_sentences
You can use it however you want.,0,Human,7,very_short,human_vs_ai_sentences
"When I was in high school, I joined the debate team and it was one of the most rewarding experiences of my life.",1,AI,23,short,human_vs_ai_sentences
"You should ask more than one person for advice because you have lots of choices to choose from after seeking advice from others, you are not worried that much anymore, and if you ask one person the outcome won't be good.",0,Human,41,medium,human_vs_ai_sentences
"NASA can be making it up to like they can go up to mars and put the ""face"" were it is or something can move it.",0,Human,26,short,human_vs_ai_sentences
"That's about $230 for just costumes, dance wear and shoes.",0,Human,10,very_short,human_vs_ai_sentences
"By teaching young people the importance of giving back, we can create a generation of compassionate and caring individuals.",1,AI,19,short,human_vs_ai_sentences
"There's many ways people can try and stop texting and driving and stop family and close family members from risking their lives like in some states have the ""no hands law"" where you can't have your phone in your hands which is a step forward to lowering car accident rates also in most places it's illegal to text and drive.",0,Human,60,medium,human_vs_ai_sentences
"Like, think about it, right?",1,AI,5,very_short,human_vs_ai_sentences
"It is important for individuals to make an effort to be friendly and to build strong relationships with those around them, as these relationships can have a lasting impact on their overall well-being and success.",1,AI,35,medium,human_vs_ai_sentences
It would allow students to increase their academic abilities.,0,Human,9,very_short,human_vs_ai_sentences
"Look at this, students would have the option to go to school or take the class online, if they choose to attend online they must complete the assignments by the time school gets out or else they would not have access to the online learning for a week.",0,Human,48,medium,human_vs_ai_sentences
"It would provide students with more time to learn and engage in academic activities, give teachers more time to plan and prepare their lessons, and allow for more extracurricular activities and community service opportunities.",1,AI,34,medium,human_vs_ai_sentences
Take for example a student struggling in a science class.,1,AI,10,very_short,human_vs_ai_sentences
There are several compelling reasons behind my argument.,1,AI,8,very_short,human_vs_ai_sentences
"These tests are designed to favor students who have access to quality education, resources, and test preparation.",1,AI,17,short,human_vs_ai_sentences
"It is possible to learn more from those with similar views, but there is also much to gain from learning from those who disagree with us.",1,AI,26,short,human_vs_ai_sentences
Some kids come here for relationships.,0,Human,6,very_short,human_vs_ai_sentences
Thank you for your consideration.,1,AI,5,very_short,human_vs_ai_sentences
"My friends and family always come to me for help with their math homework, and while it makes me feel good to be able to help them, it can also be really frustrating when they don't understand the material as easily as I do.",1,AI,44,medium,human_vs_ai_sentences
"Along with good nutrition comes regular physical activity which provides many health benefits including improved cardiovascular fitness, increased muscle strength and endurance as well as better mental health and mood enhancement due to endorphin release during exercise routines [1].",1,AI,39,medium,human_vs_ai_sentences
"When the project is teacher-designed, student's lack the motivation to complete the task as they could be uninterested in the project the teacher had assigned them.",0,Human,26,short,human_vs_ai_sentences
If they are on in class students can easily share answers for a test.,0,Human,14,short,human_vs_ai_sentences
A humans curiosities about Venus can be met but the correct knowledge and protection qualifications have to be met first in order to conduct the experiment safely.,0,Human,27,short,human_vs_ai_sentences
"He has taken risks and tried new things in both his business ventures and his philanthropic endeavors, and this has allowed him to come up with innovative solutions to some of the world’s most pressing problems.",1,AI,36,medium,human_vs_ai_sentences
"Additionally, online learning can provide students with access to a wider range of courses and resources, as they can take classes from other schools or institutions.",1,AI,26,short,human_vs_ai_sentences
Students learn best when they can focus on learning without feeling constantly monitored and judged on their emotional responses.,1,AI,19,short,human_vs_ai_sentences
Students who do not put in 3 hours of service should miss out on the fun.,0,Human,16,short,human_vs_ai_sentences
"Diesels make up 67 percent of vehicles in France...."".",0,Human,9,very_short,human_vs_ai_sentences
"According to Glassdoor, the average salary for a software developer is around $100,000 per year, and the job prospects are excellent, with a projected 21% growth rate from 2020 to 2030.",1,AI,31,medium,human_vs_ai_sentences
They would not have to be right next to the other person and they would be able to ask about school things if they needed to like homework and class work.,0,Human,31,medium,human_vs_ai_sentences
This is known as social comparison theory.,1,AI,7,very_short,human_vs_ai_sentences
You will never forget the moments that we have together.,0,Human,10,very_short,human_vs_ai_sentences
"Yeah, well, I'm here to argue that being inactive can be, like, totally beneficial too!",1,AI,15,short,human_vs_ai_sentences
"In this essay, I will argue that people's attitudes are determined by both their immediate situation and internal characteristics.",1,AI,19,short,human_vs_ai_sentences
"When we achieve something, like get an A on a test or run a personal best in track, it's like, whoa, we did it!",1,AI,24,short,human_vs_ai_sentences
"However, in source three by Richard A.",0,Human,7,very_short,human_vs_ai_sentences
"In conclusion, having a positive attitude is super important!",1,AI,9,very_short,human_vs_ai_sentences
Cars are a major cause of traffic congestion.,1,AI,8,very_short,human_vs_ai_sentences
7.,1,AI,1,very_short,human_vs_ai_sentences
The enjoyment of educational activities is often rooted in the process of learning itself.,1,AI,14,short,human_vs_ai_sentences
I urge you to support abolishing the Electoral College.,1,AI,9,very_short,human_vs_ai_sentences
"In this essay, we will explore the factors that enable successful people to achieve their dreams and draw a comparison to the points discussed in the prompt.",1,AI,27,short,human_vs_ai_sentences
org/in-the-newsroom/cell-phones-are-involved-in-an-estimated-27-percent-of-al ar-crashes-says-national-safety-council.,0,Human,2,very_short,human_vs_ai_sentences
"Like, think about it.",1,AI,4,very_short,human_vs_ai_sentences
"By incorporating these practices into the school day, students can learn how to manage their emotions and respond to challenging situations in a more mindful and compassionate way.",1,AI,28,short,human_vs_ai_sentences
"Generic_Name went to go ask her friends on what to do with Generic_Name, as she had found out she was taking Generic_Name with her to Florida instead of her which had been the original plan.",0,Human,35,medium,human_vs_ai_sentences
"It's proven that students that make the better grades do better in college and other activities, then the ones that make less decent grades.",0,Human,24,short,human_vs_ai_sentences
"Aretha Franklin's Influence on Female Empowerment in Music The Queen of Soul, Aretha Franklin, is an icon whose influence goes far beyond music.",1,AI,23,short,human_vs_ai_sentences
"Many experiments are conducted simply because it is easier or more convenient to use animals, rather than because they are necessary for the advancement of science.",1,AI,26,short,human_vs_ai_sentences
Do you believe aliens are on mars?,0,Human,7,very_short,human_vs_ai_sentences
The organization focuses on empowering young people to become active citizens and leaders in their communities.,1,AI,16,short,human_vs_ai_sentences
"Hey, it's me, your average 8th grade student!",1,AI,8,very_short,human_vs_ai_sentences
Which still is not a good excuse.,0,Human,7,very_short,human_vs_ai_sentences
As stated by Judge Richard A.,1,AI,6,very_short,human_vs_ai_sentences
"But they might alsp, have other feelings within inside them.",0,Human,10,very_short,human_vs_ai_sentences
"Day 6: Art and Music Day

On the sixth day, the event series will focus on art and music.",1,AI,19,short,human_vs_ai_sentences
The author gave a lot of detail about Venus.,0,Human,9,very_short,human_vs_ai_sentences
Adding more time to the day means we'll have to get up even earlier.,1,AI,14,short,human_vs_ai_sentences
"For example, when I was in high school, I was interested in pursuing a degree in Aerospace Engineering.",1,AI,18,short,human_vs_ai_sentences
Even kids that are a bit slow in learning or mentally can have a few problems with studying their objects.,0,Human,20,short,human_vs_ai_sentences
And I promise you if you join Seagoing Cowboys program you will absolutely love it.,0,Human,15,short,human_vs_ai_sentences
If someone were to do a project on something there interested in as a career it might help them decide if they want to do that.,0,Human,26,short,human_vs_ai_sentences
"To this day, nothing makes me feel more secure than knowing I've got such an incredibly strong foundation beneath me - something which would not have been possible without having grown up within such a loving home life provided by two wonderful people who acted as parents before anything else; Mom and Dad!",1,AI,53,medium,human_vs_ai_sentences
"For example, you think you voted for the president.",0,Human,9,very_short,human_vs_ai_sentences
"Lastly, enthusiasm is a critical factor in achieving success.",1,AI,9,very_short,human_vs_ai_sentences
"When people drive less, they spend less money on gas, insurance, and parking.",1,AI,13,short,human_vs_ai_sentences
With the limitation of car usage it will help pollution all around the world decrease.,0,Human,15,short,human_vs_ai_sentences
"When a project is assigned by a teacher, it is typically general with no varying levels of depth, making it increasingly difficult for students to want to explore further.",0,Human,29,short,human_vs_ai_sentences
"When you make the decision to text and drive, you make the decision to risk the lives of those around you and your life as well.",0,Human,26,short,human_vs_ai_sentences
The existence of swing states is another advantage of the Electoral College.,1,AI,12,short,human_vs_ai_sentences
"For instence someone who was born with difunctional issues; a lip attacthed to their nose, if someone were to use a picture of someone with a lip disorder and the persons lips are tight they assume it is cause they are mad.",0,Human,42,medium,human_vs_ai_sentences
"However, this variety can also be a disadvantage.",1,AI,8,very_short,human_vs_ai_sentences
"For communities that lack access to reliable electrical grids or depend on dangerous generators powered by fossil fuels like diesel or gasoline for their daily needs, solar power provides a safe alternative source of reliable electricity at lower cost than traditional grid solutions.",1,AI,43,medium,human_vs_ai_sentences
"When we are not actively working towards our goals, we are not making progress.",1,AI,14,short,human_vs_ai_sentences
In,1,AI,1,very_short,human_vs_ai_sentences
"Without having high goals, our potential for personal growth and achievement is greatly diminished.",1,AI,14,short,human_vs_ai_sentences
"For example, students could have other things they need to do at home like taking care of younger siblings, having a lot of homework to do, or preparing for a test.",0,Human,31,medium,human_vs_ai_sentences
"While young people have more opportunities to explore the world and try new things, older people have the benefit of experience and wisdom.",1,AI,23,short,human_vs_ai_sentences
Having friends with similar interests is another type of influence that can positively impact our lives.,1,AI,16,short,human_vs_ai_sentences
There are several reasons for this.,1,AI,6,very_short,human_vs_ai_sentences
Spending time outside offers numerous benefits to both body and mind that just cannot be achieved by sitting inside all day.,1,AI,21,short,human_vs_ai_sentences
"For many students, this problem could disappear by taking online courses that don't require specific arrival times, and even provide learning for days when travel weather isn't optimal.",0,Human,28,short,human_vs_ai_sentences
"for example, burning fossil fuels like coal and oil produces greenhouse gases that trap heat and contribute to global warming.",1,AI,20,short,human_vs_ai_sentences
"Finally, seeking multiple opinions reduces the risk of being misled or making a mistake.",1,AI,14,short,human_vs_ai_sentences
"So, I guess you want me to write about this whole three years of high school thing.",1,AI,17,short,human_vs_ai_sentences
"However, most users are unaware of how their data is being used or who has access to it.",1,AI,18,short,human_vs_ai_sentences
"The media, in it's various forms, has a tremendous impact on society.",1,AI,12,short,human_vs_ai_sentences
This is why many people have very different ideas and opinions.,0,Human,11,short,human_vs_ai_sentences
"Fourthly, legalizing marijuana would have economic benefits.",1,AI,7,very_short,human_vs_ai_sentences
If managed correctly from the beginning stages of development through execution up until completion - trusting each other's abilities becomes much easier regardless if they ever get a chance at meeting each other physically .,1,AI,35,medium,human_vs_ai_sentences
"By banning single-use plastics, we can significantly reduce the amount of waste that ends up in our environment.",1,AI,18,short,human_vs_ai_sentences
"Relying too heavily on these devices can lead to a deterioration of our spelling ability, limit our ability to think critically and creatively, and give us a false sense of security.",1,AI,31,medium,human_vs_ai_sentences
"They are fast and time efficent but cars aren't the best for the environment, they cause polution,bad air,smog and global warming.",0,Human,21,short,human_vs_ai_sentences
"I mean, it's great to have a plan, right?",1,AI,9,very_short,human_vs_ai_sentences
m.,0,Human,1,very_short,human_vs_ai_sentences
"Third, it can reduce your stress levels.",1,AI,7,very_short,human_vs_ai_sentences
"Like, who wants to spend their whole night doing homework?",1,AI,10,very_short,human_vs_ai_sentences
Yes i like basketball by the way!,0,Human,7,very_short,human_vs_ai_sentences
"""Transportation is the second largest source for America's emissions"" (Rosenthal).",0,Human,10,very_short,human_vs_ai_sentences
"Electoral College may cause some domestic disputes between citizens, but in turn it keeps our nation running smoothly.",0,Human,18,short,human_vs_ai_sentences
"Finally, limiting car usage can also promote economic growth.",1,AI,9,very_short,human_vs_ai_sentences
"Finally, an idle lifestyle can lead to a lack of fulfillment and purpose, which can lead to feelings of dissatisfaction and unhappiness.",1,AI,22,short,human_vs_ai_sentences
Limiting car usage have advantages.,0,Human,5,very_short,human_vs_ai_sentences
"Scientist believed that it was just another Martian Mesa, close to Cydonia but, the scientist had discovered that the faces had unusall shadows that made it look like Eygptian Pharaoh.",0,Human,30,short,human_vs_ai_sentences
How do I feel right now?,1,AI,6,very_short,human_vs_ai_sentences
57 percent sold a car to move Germany.,0,Human,8,very_short,human_vs_ai_sentences
Most students play sports outside of school so they don't not have time for an extended school day or to play for their schools team.,0,Human,25,short,human_vs_ai_sentences
"This is due to a number of factors, including the environmental impact of cars, the rising cost of owning and operating a car, and the increasing congestion in many cities.",1,AI,30,short,human_vs_ai_sentences
The Role of Education in Eliminating Gender-Based Discrimination.,1,AI,8,very_short,human_vs_ai_sentences
It has the hottest surface temperature.,0,Human,6,very_short,human_vs_ai_sentences
Another concern is the accuracy of the technology.,1,AI,8,very_short,human_vs_ai_sentences
"It's only fair that we have the right to grade our teachers, just like they grade us.",1,AI,17,short,human_vs_ai_sentences
1 out of 4 people injuried in a car wreck are said to have been texting and driving.,0,Human,18,short,human_vs_ai_sentences
"I know i have, well Google cofounder Sergey Brin, and Sebastian Thrun founder of Google car project are trying to come up with a way to get cars to be faster and secure for us.",0,Human,35,medium,human_vs_ai_sentences
"When I need advice, I ask my mom, my grandma, and my best friend.",0,Human,14,short,human_vs_ai_sentences
Having a positive attitude can also make you way happier.,1,AI,10,very_short,human_vs_ai_sentences
This new technolgy should be on all school computers.,0,Human,9,very_short,human_vs_ai_sentences
People in todays society are very lazy.,0,Human,7,very_short,human_vs_ai_sentences
And what about extracurricular activities?,1,AI,5,very_short,human_vs_ai_sentences
"The old question has finally been answered, ""Was Mona Lisa happy or was she just trying to trick her audience to think that she was."" Now, thanks to technology, we are able to figure out how she actually felt.",0,Human,39,medium,human_vs_ai_sentences
It's also to prepare us for the real world.,1,AI,9,very_short,human_vs_ai_sentences
"Firstly, not all students are gifted academically, but they may possess talents in other areas such as sports or music.",1,AI,20,short,human_vs_ai_sentences
"Keep in mind that the sharp photos were taken in 1998; and that the Viking photo from 2001, in the top section of the article, is less detailed than the one taken in 1998.",0,Human,34,medium,human_vs_ai_sentences
Yes failure can lead to success.,0,Human,6,very_short,human_vs_ai_sentences
"Although this process of research and deliberation can be daunting, I'm confident that I'm on the right track.",1,AI,18,short,human_vs_ai_sentences
Which is a lava dome that takes the form of an isolated mesa.,0,Human,13,short,human_vs_ai_sentences
Thanks for reading my essay!,1,AI,5,very_short,human_vs_ai_sentences
"But, like, I'm more of a gaming person myself.",1,AI,9,very_short,human_vs_ai_sentences
"As more carbon dioxide, methane, nitrous oxide, and other greenhouse gases are released into the atmosphere from burning fossil fuels like coal or oil, it traps additional heat within our planet's environment leading to an overall rise in average temperatures worldwide.",1,AI,41,medium,human_vs_ai_sentences
.,1,AI,1,very_short,human_vs_ai_sentences
But that's not all.,1,AI,4,very_short,human_vs_ai_sentences
The first reason is people lose communication skills.,0,Human,8,very_short,human_vs_ai_sentences
"First off, let's talk about the pros of curfews.",1,AI,9,very_short,human_vs_ai_sentences
.,1,AI,1,very_short,human_vs_ai_sentences
"It's like, it's both good and bad.",1,AI,7,very_short,human_vs_ai_sentences
We're all stressed out and it's not good for us.,1,AI,10,very_short,human_vs_ai_sentences
"Many students are involved in extracurricular activities such as sports, working on school yearbooks, or helping out as the student council.",0,Human,21,short,human_vs_ai_sentences
"David Goldberg, and official of Transportation for America (a fast-growing coalition of hundreds of groups in the United states), said ""How much you drive is as important as whether you drive a hybrid.""  There are some places that are taking this concept to heart.",0,Human,44,medium,human_vs_ai_sentences
There is a wide variety of things to do.,0,Human,9,very_short,human_vs_ai_sentences
"Eating unhealthy food can cause obesity and other health issues, such as high cholesterol, high blood pressure, and type 2 diabetes.",1,AI,21,short,human_vs_ai_sentences
"Let's start off, by pointing out that the Electoral College is an antique, and we should upgrade, also there could be many issues when using that method and many not wanted decisions can become official.",0,Human,35,medium,human_vs_ai_sentences
"One day we went swimming,everyone had fun except my cousin.",0,Human,10,very_short,human_vs_ai_sentences
"It could literally be anybody, not holding public office.",0,Human,9,very_short,human_vs_ai_sentences
🌎 It helps you be more empathetic and,1,AI,8,very_short,human_vs_ai_sentences
"Cars are a major source of air pollution, and their emissions can contribute to respiratory problems, heart disease, and cancer.",1,AI,20,short,human_vs_ai_sentences
Others argue that we need meat to stay healthy and strong.,1,AI,11,short,human_vs_ai_sentences
"By adopting the models set by communities like Vauban, Paris, and Bogota, cities and suburbs around the world can work towards a future with less reliance on cars and a greater focus on sustainable and efficient transportation options.",1,AI,38,medium,human_vs_ai_sentences
"So alot of people think that ""The Face on Mars"" is an alien type of structure.",0,Human,16,short,human_vs_ai_sentences
"However, getting multiple opinions on your decision can benefit you more.",0,Human,11,short,human_vs_ai_sentences
""" The Electoral College consists of 538 electors.",0,Human,8,very_short,human_vs_ai_sentences
"This expirimental town has sparked a new way of life; a cleaner, safer way of life.",0,Human,16,short,human_vs_ai_sentences
"For example, they can start college earlier, enter the workforce sooner, or even travel the world.",1,AI,16,short,human_vs_ai_sentences
"Third, limiting car usage can help to promote physical activity.",1,AI,10,very_short,human_vs_ai_sentences
"According to Rosenthal, automobiles are responsible for a significant percentage of greenhouse gas emissions, contributing to global warming and climate change (Rosenthal 5).",1,AI,23,short,human_vs_ai_sentences
"We still face the temptation to idleness: checking social media continually, wasting time and energy on inconsequential tasks, trying to avoid doing work, and opting out of difficult conversations.",1,AI,29,short,human_vs_ai_sentences
"Sincerely,

Your pupil",0,Human,3,very_short,human_vs_ai_sentences
"Limiting car usage will help you financially, physically, and mentally.",0,Human,10,very_short,human_vs_ai_sentences
"The author does a great job of displaying their information in a way that is informative, interesting, and overall entertaining.",0,Human,20,short,human_vs_ai_sentences
That even though the majority votes on one thing but they dont get that in a democracy?,0,Human,17,short,human_vs_ai_sentences
Thank you for considering my perspective.,1,AI,6,very_short,human_vs_ai_sentences
Recent studies suggest that the benefits of engaging in active activities far exceed the advantages of staying inactive.,1,AI,18,short,human_vs_ai_sentences
This device is called the Facial Action Coding System (FACS).,0,Human,10,very_short,human_vs_ai_sentences
Different point of view are good on this topic because many some peoples advice can persuade you to make a bad opinion and if you get multiple peoples advice it can even it out and you can make a good opinion.,0,Human,41,medium,human_vs_ai_sentences
"Finally, limiting car usage can be beneficial for your health.",1,AI,10,very_short,human_vs_ai_sentences
Limiting car usage can help to improve air quality and make our cities healthier places to live.,1,AI,17,short,human_vs_ai_sentences
What the picture actually shows is the Martian equivalent of a butte or mesalandforms common around the American West.,0,Human,19,short,human_vs_ai_sentences
These games can have a positive impact on players and help them develop important skills.,1,AI,15,short,human_vs_ai_sentences
Have you guys ever seen the unmasking face on Mars?,0,Human,10,very_short,human_vs_ai_sentences
"This essay will argue against the belief that the Face on Mars was created by aliens, using claims supported by evidence from the article 'Unmasking the Face on Mars.'

Body:

Firstly, the idea that the Face on Mars was sculpted by intelligent beings stems from pareidolia, a psychological phenomenon where the brain perceives familiar patterns or shapes in random data.",1,AI,60,medium,human_vs_ai_sentences
"It has sensors as said in the text ""special touch sensors make sure the driver keeps hold of the wheel."" if a car was realy so dangerous it would not let you know to keep you're hands on the whell at all times.",0,Human,43,medium,human_vs_ai_sentences
"While family support and encouragement can be important, it is ultimately up to the individual to decide what they want to do with their life.",1,AI,25,short,human_vs_ai_sentences
"Indeed, many successful people from various realms of life have found success despite failing multiple times.",1,AI,16,short,human_vs_ai_sentences
"This is a problem not only because of the lack of energy during integral class time, but also because it causes stress.",0,Human,22,short,human_vs_ai_sentences
Cell phones are used to communicate with friends.,0,Human,8,very_short,human_vs_ai_sentences
"It's simple, just drive and talk later.",0,Human,7,very_short,human_vs_ai_sentences
"This technology will enable students to be able to learn at their own pace with their style of learning and with some extra help, This will be very valuable to students everywhere.",0,Human,32,medium,human_vs_ai_sentences
Hey there!,1,AI,2,very_short,human_vs_ai_sentences
"These cities propose a fundamental shift in urban planning, where private automobiles are either heavily restricted or entirely absent, creating space for sustainable transportation alternatives and a greener, more vibrant urban environment.",1,AI,32,medium,human_vs_ai_sentences
"Sincerely,

Generic_Name",0,Human,2,very_short,human_vs_ai_sentences
There are some challenges to limiting car usage.,1,AI,8,very_short,human_vs_ai_sentences
"For example, an ad for a new mattress may mention that it is expensive but also highlight it's many benefits, such as it's ability to reduce back pain.",1,AI,28,short,human_vs_ai_sentences
"Advantages of Limiting Car Usage

Car ownership has long been synonymous with suburban life, but recent trends suggest that limiting car usage can have numerous advantages.",1,AI,26,short,human_vs_ai_sentences
People should most certainly keep their cell phones with them while their driving; but people are often known to abuse this right by recklessly focusing on their device at unnecessary times when driving.,0,Human,33,medium,human_vs_ai_sentences
There are other reasons to why the Facial Action Coding System should be valuable I just said a coulpe.,0,Human,19,short,human_vs_ai_sentences
They could feel sick and need to get home.,0,Human,9,very_short,human_vs_ai_sentences
"If we just limit car usage you can see will see the progress, but some people will say ""no, we will never get anywhere without using our cars"".",0,Human,28,short,human_vs_ai_sentences
A study by Anderson and Bushman found that playing violent video games led to an increase in aggressive thoughts and behavior.,1,AI,21,short,human_vs_ai_sentences
They don't know what we are going through in life.,0,Human,10,very_short,human_vs_ai_sentences
A classrooms gives students the one on one help they need and shows them how to deal with the real world.,0,Human,21,short,human_vs_ai_sentences
Texting and driving is just dangerous period.,0,Human,7,very_short,human_vs_ai_sentences
All drivers should refrain from there cell phones.,0,Human,8,very_short,human_vs_ai_sentences
Have you ever looked at someone and you wasnt sure what thier emotion was?,0,Human,14,short,human_vs_ai_sentences
"When a student is involved in multiple extracurricular activities, they may feel like they are doing enough to maintain their grades, even if they are not fully focused on their schoolwork.",1,AI,31,medium,human_vs_ai_sentences
"However, this is also not true.",1,AI,6,very_short,human_vs_ai_sentences
"Anyway, that's my two cents on the matter.",1,AI,8,very_short,human_vs_ai_sentences
"It's like, the ultimate flexibility!",1,AI,5,very_short,human_vs_ai_sentences
"Plastic water bottles and other containers can leak chemicals into the ocean, polluting the water and harming the animals that live in it.",1,AI,23,short,human_vs_ai_sentences
This will help you to avoid getting lost and make the most of your time.,1,AI,15,short,human_vs_ai_sentences
"Seeing an issue discussed from various standpoints also helps ensure you aren't just hearing what you want to hear and forces you to truly consider all angles of a choice, not just the rosy or comforting ones.",1,AI,37,medium,human_vs_ai_sentences
Why as a principle would you want that?,0,Human,8,very_short,human_vs_ai_sentences
Many places around this world is adopting this act.,0,Human,9,very_short,human_vs_ai_sentences
"In conclusion, there are many different career options available to high school students.",1,AI,13,short,human_vs_ai_sentences
It importand to understand or learn about facial action so that we can understand other people what they feel how they feel.,0,Human,22,short,human_vs_ai_sentences
"At the end of the day, resilience is a valuable tool that can help us to reach any goal with optimism and courage.",1,AI,23,short,human_vs_ai_sentences
"It's like, creepy.",1,AI,3,very_short,human_vs_ai_sentences
Remeber that mistakes are to be learned from.,0,Human,8,very_short,human_vs_ai_sentences
"While our economy is now doing better, where would the money to fund these cars come from?",0,Human,17,short,human_vs_ai_sentences
These are also important life skills.,1,AI,6,very_short,human_vs_ai_sentences
Thank you for your time and attention to this matter.,1,AI,10,very_short,human_vs_ai_sentences
Knowing where you want to go in life and taking the initiative to learn is a step in the right direction and is necessary to achieve your goals.,1,AI,28,short,human_vs_ai_sentences
"What a surpise, a new breakthrough of technology.",0,Human,8,very_short,human_vs_ai_sentences
"High heat, crazy high pressure levels, Ect.",0,Human,7,very_short,human_vs_ai_sentences
Safety is a the number on issue with driverless cars.,0,Human,10,very_short,human_vs_ai_sentences
This is particularly important as run-off elections would complicate the process and create additional challenges.,1,AI,15,short,human_vs_ai_sentences
"However, there are also a lot of people who believe that work is still a necessary evil, and that it is important for us to have a job.",1,AI,28,short,human_vs_ai_sentences
Hey fellow citizens!,1,AI,3,very_short,human_vs_ai_sentences
"If you come off as cool and confident, they're more likely to think you're cool and confident too.",1,AI,18,short,human_vs_ai_sentences
pack your bags now and take a trip you would never regret to Generic_City with your family and friends.,0,Human,19,short,human_vs_ai_sentences
The following essay will explore some of the key components necessary for setting up a successful small business in today's economic landscape.,1,AI,22,short,human_vs_ai_sentences
"Finally, limiting car usage can help to build community.",1,AI,9,very_short,human_vs_ai_sentences
"By mandating community service, students have the opportunity to contribute to their local community in meaningful ways.",1,AI,17,short,human_vs_ai_sentences
"The COVID-19 pandemic had further highlighted how far behind some communities remained technologically speaking: while students across wealthier nations were enjoying virtual lessons at home, children living in remote locations were denied any sort of education since they lacked connections required for logging onto classrooms set up remotely over Zoom calls.",1,AI,51,medium,human_vs_ai_sentences
It also know what ads you want to see like if you smile on a ad that you are watching it will bring up another similar ad.,0,Human,27,short,human_vs_ai_sentences
If a classroom computer could recognize students emotional.,0,Human,8,very_short,human_vs_ai_sentences
In conclusion the world is stopping the use of cars as much as they have been used in the last couple of years.,0,Human,23,short,human_vs_ai_sentences
Alot of countries and cities have eithered stopping using cars mostly or has reduced car usage by having one day a year without cars.,0,Human,24,short,human_vs_ai_sentences
Less traffic also means cleaner air and a healthier environment.,1,AI,10,very_short,human_vs_ai_sentences
If the students were allowed to design the summer project it would fail because student lack the skills needed to create the project they don't know what to make the project about and some of the students still wouldn't do the project because they feel as if they learned a lot already during the school year.,0,Human,56,medium,human_vs_ai_sentences
This will make it easier for people to get around without a car.,1,AI,13,short,human_vs_ai_sentences
Online classed students don't have to worry about getting embarrassed in front of other students when they get an answer wrong.,0,Human,21,short,human_vs_ai_sentences
Cars aren't really necessary in a community.,0,Human,7,very_short,human_vs_ai_sentences
Then on top of that teachers expect everything to be done in the right way to earn full points on the project.,0,Human,22,short,human_vs_ai_sentences
Don't be mean or rude to someone just because you don't know them.,1,AI,13,short,human_vs_ai_sentences
"It may also increase voter turnout nationally as more citizens, regardless of state, will feel their votes directly impact the outcome.",1,AI,21,short,human_vs_ai_sentences
This gives voters in these states a heightened sense of involvement and ensures that their voices are heard.,1,AI,18,short,human_vs_ai_sentences
"If science can't find a way to make it to Venus, the close, neighboring, sister planet, it may be impossible for them to make it to any other place in the galaxy.",0,Human,32,medium,human_vs_ai_sentences
Another reason why I think the first policy is better than the second is because the students will probably not listen to the second policy.,0,Human,25,short,human_vs_ai_sentences
"However, I think that attendance is mandatory for students as it provides more structure to learning and provides them an example of what it will be like to go into the work force in their later years.",0,Human,37,medium,human_vs_ai_sentences
They also make our cities less livable and walkable.,1,AI,9,very_short,human_vs_ai_sentences
"Businesses that depend on car-dependent customers may experience declining revenues during the transition, necessitating solutions to mitigate the economic impact.",1,AI,20,short,human_vs_ai_sentences
We take these things for granted and then get hurt in the long run.,0,Human,14,short,human_vs_ai_sentences
"As more assistance is sought out, more feedback will be received.",0,Human,11,short,human_vs_ai_sentences
"In America the drving peak has already passed, in 2005 was the when the highest amount of cars and most driver liscense were given out.",0,Human,25,short,human_vs_ai_sentences
"Furthermore, in the same article it talks about how the electoral college system focuses on a winner take all system.",0,Human,20,short,human_vs_ai_sentences
Cars fading into the past!,0,Human,5,very_short,human_vs_ai_sentences
"First, art is a form of communication.",1,AI,7,very_short,human_vs_ai_sentences
The Electoral College also discourages voter participation.,1,AI,7,very_short,human_vs_ai_sentences
"In this case, further study definitively classified the formation as a result of nature, not design.",1,AI,16,short,human_vs_ai_sentences
"Furthermore, since security updates can be sent directly over the airwaves rather than needing manual installations every time an update is released, critical patches can reach users faster than ever before ensuring maximum safety at all times regardless of location or circumstance.",1,AI,42,medium,human_vs_ai_sentences
"The cameras also captured shadows, so that interfeared with the picture and could make it look like something else.",0,Human,19,short,human_vs_ai_sentences
This system is bad for democracy and it's bad for the country.,1,AI,12,short,human_vs_ai_sentences
"The computer can also detect if a student is getting bored or confused, that is another thing that could help the staff go see what the problem is.",0,Human,28,short,human_vs_ai_sentences
"And, like, I'm totally gonna try to be more positive from now on.",1,AI,13,short,human_vs_ai_sentences
"Furthermore, it can be difficult to return to the person they once were due to societal pressures, fear of what others may think, or simply a lack of the same spirit that led them to make the change in the first place.",1,AI,42,medium,human_vs_ai_sentences
"The least we can do is stay home to watch after everyone, but there would be less time to do that if we have to do community service.",0,Human,28,short,human_vs_ai_sentences
This can create less accidents.,0,Human,5,very_short,human_vs_ai_sentences
"First of all, the pros.",1,AI,5,very_short,human_vs_ai_sentences
we need cell phones to help us not forget numbers.,0,Human,10,very_short,human_vs_ai_sentences
"On the other hand, computer games can also have positive effects on children's development.",1,AI,14,short,human_vs_ai_sentences
"They argue that because of the winner-take-all system in each state, candidates focus their campaigns only on the competitive states, neglecting the others.",1,AI,23,short,human_vs_ai_sentences
"Robert Duffer, the writer of

Paris bans driving due to smog , wrote that "" Paris typically has more smog than other European capital ...[Last] week Paris had 147 micrograms of particulate matter (PM) per cubic meter compared with 114 in Brussels and 79.7 in London, Reuters found"".",0,Human,48,medium,human_vs_ai_sentences
"It's like, a big change, man.",1,AI,6,very_short,human_vs_ai_sentences
"By being pressured into conforming, we risk sacrificing our individual sense of identity and originality for the sake of fitting in among everyone else.",1,AI,24,short,human_vs_ai_sentences
Different people have had different life experiences that shape how they view situations.,1,AI,13,short,human_vs_ai_sentences
"This ""summer packet"" was designed by the teacher and because of this, all of the students who completed this packet were fully aware of the basis of the advanced placement economics class.",0,Human,32,medium,human_vs_ai_sentences
"This means that a candidate can win the presidency by winning the popular vote in just a few key states, even if they lose the popular vote nationwide.",1,AI,28,short,human_vs_ai_sentences
"Car ownership per household and per person started to come down two or three years before the downturn said Mickael Sivak ,who studies the trend and who is an reaserch professor at the university of michigan transportation reaserch instatude.",0,Human,39,medium,human_vs_ai_sentences
It is disturbing because everyone stops learning because a kid forgot to turn of his phone.,0,Human,16,short,human_vs_ai_sentences
"Code]

Dear Senator [Senator's Last Name],

I am writing to express my opinion on the issue of whether to keep the Electoral College or change to election by popular vote for the president of the United States.",1,AI,37,medium,human_vs_ai_sentences
"In addition they helped me see it in their point of view, which leads to the next point.",0,Human,18,short,human_vs_ai_sentences
Do you agree or disagree?,1,AI,5,very_short,human_vs_ai_sentences
Albert Einstein was a dropout and failed 3 grades.,0,Human,9,very_short,human_vs_ai_sentences
"So, like, you know how there's this whole thing about being yourself and stuff?",1,AI,14,short,human_vs_ai_sentences
According to Richard A.,0,Human,4,very_short,human_vs_ai_sentences
"In this article, it says that it isn't alien related.",0,Human,10,very_short,human_vs_ai_sentences
The only difference in this one was that it had unusual shadows that made it look like an Egyptian Pharaoh.,0,Human,20,short,human_vs_ai_sentences
"In addition, another problem that arises due to the Electoral College is that people may feel disencouraged to vote.",0,Human,19,short,human_vs_ai_sentences
"In a winner-take-all system, candidates focus their campaign efforts on toss-up states.",1,AI,12,short,human_vs_ai_sentences
"For example, when you are in a class that you or, a student doesn't feel comfortable talking in you can talk to the teacher cause maybe, they are the only person in the room you are comfortable talking with.",0,Human,39,medium,human_vs_ai_sentences
As far as we know there is no visible life on mars.,0,Human,12,short,human_vs_ai_sentences
The human driver would be able to fix the problem.,0,Human,10,very_short,human_vs_ai_sentences
"It's like, if you're all ""Hey, let's make this work!"" instead of ""Ugh, this is gonna be so hard..."", people are way more likely to be like ""Yeah, let's do it!"" 

And then there's the power of believing in yourself.",1,AI,40,medium,human_vs_ai_sentences
"Dear Principle,

I think that every student should do community service because you do this to help the community not to satisfy your self.",0,Human,24,short,human_vs_ai_sentences
"Firstly, spoken English is more natural and fluid than written English.",1,AI,11,short,human_vs_ai_sentences
Paris then placed limits on car usage until the smog cleared enough for the ban to be lifted.,0,Human,18,short,human_vs_ai_sentences
"Because if we are in any situation that we know we could not do it alone , we should ask them about any idea that they will give to us.",0,Human,30,short,human_vs_ai_sentences
Thank you for your time.,0,Human,5,very_short,human_vs_ai_sentences
"It's like, totally crucial in today's world.",1,AI,7,very_short,human_vs_ai_sentences
Have you ever wondered if you have extracurricular activities are getting in the way of your homework time or study time and if the activities you take should be up to the school or the student and his or her family?,0,Human,41,medium,human_vs_ai_sentences
"Because many connected products still lack basic standards like two-factor authentication protocols and encryption safeguards, hackers could gain access relatively easily by exploiting vulnerabilities found in poorly secured networks or inadequate software updates made by manufacturers who fail to patch known flaws in a timely manner.",1,AI,46,medium,human_vs_ai_sentences
They also point out that many people play violent video games without becoming violent themselves.,1,AI,15,short,human_vs_ai_sentences
You just gotta keep on studying and trying harder.,1,AI,9,very_short,human_vs_ai_sentences
"This tool doesn't just need to be used in schools, this tool can be used in the hospitals, therapists offices, etc.",0,Human,21,short,human_vs_ai_sentences
"Too often, when people disagree about something, they become entrenched in their positions and stop listening to each other.",1,AI,19,short,human_vs_ai_sentences
"Furthermore, not only does it cause air pollution, but it also creates a possibility of putting people's lives in danger by the factors that might affect the consciousness of a driver.",0,Human,31,medium,human_vs_ai_sentences
Posner.,1,AI,1,very_short,human_vs_ai_sentences
"By connecting these devices together, they can provide users with valuable insights into the environment around them – such as temperature levels inside a building or energy consumption patterns across an entire city – leading to increased efficiency and improved safety standards.",1,AI,42,medium,human_vs_ai_sentences
Speeches can also be effective in influencing those around us.,1,AI,10,very_short,human_vs_ai_sentences
One of the major advantages of limiting car usage is the reduction of greenhouse gas emissions.,1,AI,16,short,human_vs_ai_sentences
"Plus, it's better for our planet.",1,AI,6,very_short,human_vs_ai_sentences
"Overall, I believe that it is better to have broad knowledge of many academic subjects than to specialize in one specific subject.",1,AI,22,short,human_vs_ai_sentences
.,1,AI,1,very_short,human_vs_ai_sentences
"Seeking multiple opinions can make someone make a good choice because of having different perspectives from others, getting advice from others, and having less doubts on making a decision.",0,Human,29,short,human_vs_ai_sentences
"But student should choose what activity they can do, because they need to enjoy to be more social and be friendly to others.",0,Human,23,short,human_vs_ai_sentences
"Such students may also benefit from not having to repeat any courses, saving them time and money in the long run.",1,AI,21,short,human_vs_ai_sentences
Those who violated the rules were fined 22-euro which is $31 dollars in America.,0,Human,14,short,human_vs_ai_sentences
"To protect against these kinds of risks it's important for consumers firstly check who they're buying from before committing any money - verify seller reviews , read up about the company behind them etc - then secondly ensure their information is kept safe through strong passwords , multiple layers authentication etc so that their details remain private .",1,AI,58,medium,human_vs_ai_sentences
There is no one right answer to this question.,1,AI,9,very_short,human_vs_ai_sentences
"Like, seriously, who are they to say what I should be like?!",1,AI,12,short,human_vs_ai_sentences
"And that's like, totally important!",1,AI,5,very_short,human_vs_ai_sentences
"'' Vauban, completed in 2006, is an example of a growing trend in Europe, the United States and elsewhere to seperate suburban life from auto use, as a component of a move,ent called ""smart planning"" as stated in the article

In German Suburb, Life Goes On Without Cars.",0,Human,48,medium,human_vs_ai_sentences
"Lets say that there is a student who wasn't in class a lot for different reasons,but caught up throughout the year because they did the easiest way to get by.",0,Human,30,short,human_vs_ai_sentences
Most of the time everyone will be shy at the beginning cause no one knows each other but half way through the semester you will known everyone.,0,Human,27,short,human_vs_ai_sentences
"By setting achievable goals, you will cultivate a feeling of accomplishment which will increase your motivation and result in further successes.",1,AI,21,short,human_vs_ai_sentences
"This influence helped me to become more confident and self-assured, and ultimately led me to pursue a career in business.",1,AI,20,short,human_vs_ai_sentences
Most states don't even let you test driverless cars.,0,Human,9,very_short,human_vs_ai_sentences
There are pros and cons to both sides of this argument.,1,AI,11,short,human_vs_ai_sentences
"Technology has not only improved convenience for many day-to-day tasks, but also enabled new pathways for learning and work.",1,AI,19,short,human_vs_ai_sentences
"Our democracy thrives due to the fair representation of all regions and the engagement of thoughtful voters, and it is in protection of this that I urge you to carefully consider the preservation of the Electoral College.",1,AI,37,medium,human_vs_ai_sentences
With greenhouse gasses rapidly circulating and polluting the globe it would be acceptional to decrease this by not driving as often.,0,Human,21,short,human_vs_ai_sentences
.,1,AI,1,very_short,human_vs_ai_sentences
"In this article, ""The Challeng of Exploring Venus,"" the author discusses the planet venus and its harsh conditions that he believes should be studied.",0,Human,24,short,human_vs_ai_sentences
Using a phone while operating a vehicle comes with great dangers.,0,Human,11,short,human_vs_ai_sentences
"Furthermore, limiting car usage can greatly improve public health.",1,AI,9,very_short,human_vs_ai_sentences
"Clearly, the process all together is a complete unfair, brutial game to the people.",0,Human,14,short,human_vs_ai_sentences
Venus is the closest planet to earth.,0,Human,7,very_short,human_vs_ai_sentences
"This prevents a candidate with only regional support from being elected and ensures that the president will be accountable to the interests of people from all regions of the country (Posner, 2012).",1,AI,32,medium,human_vs_ai_sentences
"Like, technology has made life so much easier, you know?",1,AI,10,very_short,human_vs_ai_sentences
"If one of the students are texting another student in another class is texting too, so that is two people who are not paying attention.",0,Human,25,short,human_vs_ai_sentences
"In recent years, there has been an increased awareness of the need to preserve and protect our planet.",1,AI,18,short,human_vs_ai_sentences
"If proven, this would dramatically alter perceptions of Venus as eternally dry and bleak.",1,AI,14,short,human_vs_ai_sentences
"It is simply a landform, and nothing more.",0,Human,8,very_short,human_vs_ai_sentences
"Secondly, the Electoral college lacks democratic pedigree.",0,Human,7,very_short,human_vs_ai_sentences
These skills can be valuable in the future.,1,AI,8,very_short,human_vs_ai_sentences
"When you have knowledge in many different areas, you are better equipped to adapt to new situations.",1,AI,17,short,human_vs_ai_sentences
"Jefferson believed that individual rights and freedoms were essential for a successful society, and he advocated for these principles throughout his life.",1,AI,22,short,human_vs_ai_sentences
"In Vauban Germany, enforcements are very strict on car policy.",0,Human,10,very_short,human_vs_ai_sentences
The Electoral College is a process created by the founding fathers to make the choice that the people want.,0,Human,19,short,human_vs_ai_sentences
The school year was combined with football.,0,Human,7,very_short,human_vs_ai_sentences
This can help us achieve our goals and build a more successful life.,1,AI,13,short,human_vs_ai_sentences
The Run-off elections process which is greatly pressured when no candidates wins the majority of the vast cast but is reduced by the Electoral College.,0,Human,25,short,human_vs_ai_sentences
One of the most significant advantages of limiting car usage is that it can help to reduce air pollution.,1,AI,19,short,human_vs_ai_sentences
"current four-year high school program, despite the debate surrounding the idea of finishing high school in three years.",1,AI,18,short,human_vs_ai_sentences
"In conclusion, while the four-day school week idea has some",1,AI,10,very_short,human_vs_ai_sentences
We can see what the students think about it to see if they would what the policy change or not they probably think if they liked it change or they don't liked it changed to have least have a B average to participate in sports or other activities.,0,Human,48,medium,human_vs_ai_sentences
schools is best way to have learning if you don't want to fall you need to be in schools then someone will help you to have good Education .But some students hew take online classes day need to help too to have good Education.,0,Human,44,medium,human_vs_ai_sentences
"In addition, warmer winters increasingly expose vulnerable plants and animals living within arctic habitats including snow foxes or reindeer populations whose numbers are being depleted from overhunting combined with reduced access to food sources due to melting snow cover.",1,AI,39,medium,human_vs_ai_sentences
This electoral college system can cause many different problems resulting in disasters.,0,Human,12,short,human_vs_ai_sentences
"An example is, when students come into school early in the morning they are tired and are falling asleep in class.",0,Human,21,short,human_vs_ai_sentences
Distracted driving terminates in tragedy all too often.,1,AI,8,very_short,human_vs_ai_sentences
The arts will also benefit from international influences.,1,AI,8,very_short,human_vs_ai_sentences
"If a home schooled student spends this much time scrolling and clicking through each and every lesson, that would mean the average screen time they receive is twice more than what publicly schooled students are exposed to.",0,Human,37,medium,human_vs_ai_sentences
"Cars are expensive to buy, maintain, and insure.",1,AI,8,very_short,human_vs_ai_sentences
Me from personal experience would much rather do something I love because whenever I am forced to do something I am least likely to do it or be very upset and .,0,Human,32,medium,human_vs_ai_sentences
"But, I also think it's important for schools to make sure that the parents don't abuse this privilege.",1,AI,18,short,human_vs_ai_sentences
"There will be less pollution, less traffic jams, more businesses and shops and restauraunts opening to suit our needs, and just overall great for the enviornment.",0,Human,26,short,human_vs_ai_sentences
It is important for family members and healthcare professionals alike to understand the effects of malnutrition on the elderly population in order to prevent long-term health complications in this demographic group.,1,AI,31,medium,human_vs_ai_sentences
"A popular vote system would allow people to vote by mail or early voting, which would make it easier for more people to participate in the election.",1,AI,27,short,human_vs_ai_sentences
"However, if given the chance to make their own decisions on how to do their project, a student would feel more motivated to do the work because it's their choice on what's being done.",0,Human,34,medium,human_vs_ai_sentences
"All in all, I would like to see our school do more for the community.",0,Human,15,short,human_vs_ai_sentences
"Back then, they did not have all of these distractions as we do now.",0,Human,14,short,human_vs_ai_sentences
I think what made him the happy's was that he got to travel the world to help people.,0,Human,18,short,human_vs_ai_sentences
"What would happen if the sensors in the car stop working, in the middle of the person driving?",0,Human,18,short,human_vs_ai_sentences
I think the skill of speaking is more important.,1,AI,9,very_short,human_vs_ai_sentences
"When I had to do a summer project, at first, I did not have the motivation to do my project, but after a friend told me we would get an extra grade, it motivated me to start on it.",0,Human,39,medium,human_vs_ai_sentences
It can also help to reduce traffic congestion.,1,AI,8,very_short,human_vs_ai_sentences
"But now we have cars, buses, trains, and planes!",1,AI,9,very_short,human_vs_ai_sentences
"Distance learning is an invaluable tool for students, helping them to learn without the stresses of a traditional classroom setting.",1,AI,20,short,human_vs_ai_sentences
"So, what can we do about it?",1,AI,7,very_short,human_vs_ai_sentences
While it is unfortunate for those who are capable of multi-tasking and are able to drive safely while using their phone.,0,Human,21,short,human_vs_ai_sentences
"Lastly, many people wont be able to afford it.",0,Human,9,very_short,human_vs_ai_sentences
"Lives can be unpredictable, so when a student misses a class, it may not be at the most ideal time.",0,Human,20,short,human_vs_ai_sentences
This could be a great idea.,0,Human,6,very_short,human_vs_ai_sentences
"On the other hand, it has created an over reliance on technology in many aspects of our lives and caused many of us to become more isolated from each other and more disconnected from meaningful activities outside of our screens.",1,AI,40,medium,human_vs_ai_sentences
They keep you busy so you won't get bored.,0,Human,9,very_short,human_vs_ai_sentences
"Hey, Mrs.",1,AI,2,very_short,human_vs_ai_sentences
For example Last week we had an five days off from school and i didn't study in that week and i forgot to complete an project i got bad grades on that class.,0,Human,33,medium,human_vs_ai_sentences
An Extracurricular course could benefit you in so many was.,0,Human,10,very_short,human_vs_ai_sentences
"This would motivate students to work hard academically, while still allowing them to participate in extracurricular activities.",1,AI,17,short,human_vs_ai_sentences
Another con is that the system could malfunction.,0,Human,8,very_short,human_vs_ai_sentences
"To conclude, using artificial intelligence offers numerous advantages when implemented correctly in retail stores: reducing operational costs associated with traditional human resources departments while simultaneously improving accuracy & efficiency when dealing with customer inquiries; offering insights & analysis based off gathered data relative",1,AI,43,medium,human_vs_ai_sentences
Exercise is important for our physical and mental health.,1,AI,9,very_short,human_vs_ai_sentences
"In modern society, Mr. Emerson's message still rings true.",1,AI,9,very_short,human_vs_ai_sentences
"In conclusion, the use of this technology to read the emotional expressions of students in a classroom is very useful and valuable.",0,Human,22,short,human_vs_ai_sentences
"In conclusion, the Electoral College is a critical component of our democratic system that ensures certainty of outcome, representative governance, informed voters, equitable representation of states, and simplicity in the electoral process.",1,AI,32,medium,human_vs_ai_sentences
Car accidents are one of the most caused death.,0,Human,9,very_short,human_vs_ai_sentences
The world needs you.,0,Human,4,very_short,human_vs_ai_sentences
Not only that but when we took the pictures we used our cameras absolute maximum resolution so it would be as clear as possible.,0,Human,24,short,human_vs_ai_sentences
No thanks.,1,AI,2,very_short,human_vs_ai_sentences
There has also been an advance in wheel sensors.,0,Human,9,very_short,human_vs_ai_sentences
"Posner, passage 21).",1,AI,3,very_short,human_vs_ai_sentences
"Everyone wants to live as long as they can and to have a clean environment,so why not give up your car for a few days to help ciontribute.",0,Human,28,short,human_vs_ai_sentences
All of these things are in fact true but what if you are willing to risk all of that just to be able to be the one who has a say in who becomes president.,0,Human,35,medium,human_vs_ai_sentences
"Sincerely,

STUDENT_NAME",0,Human,2,very_short,human_vs_ai_sentences
"For instance, a student enrolled in an online degree program may have difficulty forming relationships with professors, which can make it difficult to land internships or full-time job opportunities.",1,AI,29,short,human_vs_ai_sentences
"NASA does wish that there was a ancient object on mars, so they can get information to find out how it was made, how long ago it was created, who made it, is anything living on Mars, and what was it made out of.",0,Human,44,medium,human_vs_ai_sentences
"Like, really important.",1,AI,3,very_short,human_vs_ai_sentences
"In my opinion, the ban of single-use plastics is necessary to protect the environment.",1,AI,14,short,human_vs_ai_sentences
So next time you're thinking,1,AI,5,very_short,human_vs_ai_sentences
"Finally, having an understanding about how saving money can generate wealth makes it easier for people from all backgrounds – whether living paycheck–to–paycheck or dealing with large sums on hand – feel confident and empowered in managing their resources wisely so they can plan ahead financially and pursue opportunities no matter what comes along next!",1,AI,55,medium,human_vs_ai_sentences
It can improve safety and conserve the resources we already have.,0,Human,11,short,human_vs_ai_sentences
"I mean, I love drawing and painting and stuff.",1,AI,9,very_short,human_vs_ai_sentences
"Most television programs are designed to provide viewers with a superficial overview of a topic, and it can be difficult for viewers to gain a deep understanding of the subject matter.",1,AI,31,medium,human_vs_ai_sentences
"Well, with the technologhy we have today you won't be as likely to slip and fall out of the boat.",0,Human,20,short,human_vs_ai_sentences
Dozens of peoples opinions are not always reliable.,0,Human,8,very_short,human_vs_ai_sentences
"Well theres a way that, that can happen.",0,Human,8,very_short,human_vs_ai_sentences
The quality time spent together outside in nature increases a sense of well-being and can foster healthier relationships.,1,AI,18,short,human_vs_ai_sentences
"Dear Senator,

I am writing to you today to express my support for abolishing the Electoral College and electing the president of the United States by popular vote.",1,AI,28,short,human_vs_ai_sentences
"We don't realize how something can affect us before it is too late, whether you just swerve of the road a little bit or hit a tree you realize what you did in the end.",0,Human,35,medium,human_vs_ai_sentences
"Long ago, Vikings spotted a shadowy figure that resembled a human face.",0,Human,12,short,human_vs_ai_sentences
"In order to cultivate strong communication skills, active listening must be practiced regularly; this means really hearing what someone has said without being distracted by formulating your own response or making assumptions about what the speaker is saying based on their body language or tone of voice.",1,AI,47,medium,human_vs_ai_sentences
"While some argue that the Electoral College may discourage voters in states where their preferred candidate has no hope of winning, it is important to note that voters participate in presidential elections to express their political preferences rather than to swing the outcome of the entire election.",1,AI,47,medium,human_vs_ai_sentences
Limiting car usage would also help to reduce traffic congestion.,1,AI,10,very_short,human_vs_ai_sentences
"The use of Dr. Huang's technolgy in the classroom will definately lead to advances in student comprehension but for the many individuals that need more than a computer for sypathy, the program most likely will not work.",0,Human,37,medium,human_vs_ai_sentences
"The ""face"" appeared in movies, books, magazines, radio talk shows, and even in a haunted grocery store check out line for 25 years!",0,Human,23,short,human_vs_ai_sentences
"Those who disagree state, students will not be able to have peer to peer interactions, but this is not true.",0,Human,20,short,human_vs_ai_sentences
"There are a lot of possibilities for using our phones in a way that is useful for us to do better in school, and keep up with dates and assignments.",0,Human,30,short,human_vs_ai_sentences
"Therefore, if we want to have a good work-life balance, then we need to take care of ourselves as much as possible.",1,AI,22,short,human_vs_ai_sentences
Rather than me having a bad memory of a evil principal who forced all the students to participate in a extra curricular that they never wanted to .,0,Human,28,short,human_vs_ai_sentences
I think it's super important to have a break from school after the long year we have.,1,AI,17,short,human_vs_ai_sentences
"Due to the inability of distance learning to provide hands-on-learning, it's an ineffective form of education which won't serve as a benefit for students.",0,Human,24,short,human_vs_ai_sentences
"However, this belief is not entirely accurate.",1,AI,7,very_short,human_vs_ai_sentences
Student-created projects also tend to be more interactive as it forces the student to engage with the project in through its interesting components.,0,Human,23,short,human_vs_ai_sentences
"""she walked verdant streets where the swish of bicycles and the chatter of wandering children drown out occasional distant motor.""

Cant live without a car?",0,Human,25,short,human_vs_ai_sentences
This is because it helps parents keep track of their child's progress in school and make sure they are doing well.,1,AI,21,short,human_vs_ai_sentences
"But, like, I guess I'll give it a shot.",1,AI,9,very_short,human_vs_ai_sentences
"Overall, the limited use of cars is beneficial in numerous ways, and hopefully will be exercised much more.",0,Human,18,short,human_vs_ai_sentences
"The whole purpose of democracy is to create a government that reflects the desires, opinions, and attitudes of the people being governed, but how can this be achieved if the people aren't fairly represented during election time, presidential or otherwise?",0,Human,40,medium,human_vs_ai_sentences
"If you're talking to multiple people about wether to do something or not, and those people say not to because it didn't go well for them in the past, then the choice to not do that certain something becomes much more clear.",0,Human,42,medium,human_vs_ai_sentences
Telecommuting can save money on gas and parking.,1,AI,8,very_short,human_vs_ai_sentences
"Many cities offer a variety of public transportation options, such as buses, trains, and subways.",1,AI,15,short,human_vs_ai_sentences
Humans have some kind of challenges they might face.,0,Human,9,very_short,human_vs_ai_sentences
Imagination is also what allows us to create.,1,AI,8,very_short,human_vs_ai_sentences
"There are a variety of sports and activities that can be enjoyed at a park, from basketball and soccer to hiking and biking.",1,AI,23,short,human_vs_ai_sentences
"This has drastically changed people’s buying decisions, allowing them to compare prices from a wide variety of sellers and to shop for items they might not normally have access to.",1,AI,30,short,human_vs_ai_sentences
And that's what's so scary.,1,AI,5,very_short,human_vs_ai_sentences
"In recent years, there has been a growing movement to limit car usage.",1,AI,13,short,human_vs_ai_sentences
tyhe answer to that is no theres no piont in having a electoral college.,0,Human,14,short,human_vs_ai_sentences
We need laws that make sure guns are locked up and out of reach of kids.,1,AI,16,short,human_vs_ai_sentences
The significance these two aspects carry within our culture becomes more evident still upon examining how they apply specifically within various minority groups such as LGBTQ+ folks or people belonging to underprivileged backgrounds (financially).,1,AI,34,medium,human_vs_ai_sentences
.,0,Human,1,very_short,human_vs_ai_sentences
Many people see this to be fine but say that your canidates electors turned and voted for someone else thus leading you down a road of betrayl.,0,Human,27,short,human_vs_ai_sentences
Group tours are also more flexible than individual tours.,1,AI,9,very_short,human_vs_ai_sentences
"Additionally, I can rewind or rewatch lectures if I need to, which can be helpful if I missed something important.",1,AI,20,short,human_vs_ai_sentences
"Without this knowledge, a person may imagine a scenario where a certain action will lead to a desired outcome, but without understanding the underlying biology, the decision may not be the best one.",1,AI,33,medium,human_vs_ai_sentences
"However, there are also drawbacks to learning from home.",1,AI,9,very_short,human_vs_ai_sentences
You don't need a gun to protect yourself.,1,AI,8,very_short,human_vs_ai_sentences
Proponents of the idea to allow students to obtain their high school diploma in three years argue that it could provide higher education opportunities to low-income students more quickly and could potentially reduce the cost of a higher education.,1,AI,39,medium,human_vs_ai_sentences
"This could include tutoring programs, study groups, and academic counseling.",1,AI,10,very_short,human_vs_ai_sentences
"The brainpower used to converse or listen can still take the place of, and delay, reactions needed for safe vehicle operation.",1,AI,21,short,human_vs_ai_sentences
How can a computer software define our emotions?,0,Human,8,very_short,human_vs_ai_sentences
"As a conclusion a larger state gets more attention from presidential candidates in a campaign than a small state does, also that the electoral college could have some ups and some downs but facts are that the government are not going to get rid or abolish the Electoral College any time soon.",0,Human,52,medium,human_vs_ai_sentences
It's a winwin for everyone!,0,Human,5,very_short,human_vs_ai_sentences
"For example, if we use an E- Dictionary to read about the ""Twitter app,"" we might not be able to understand what the app is actually used for, or if we use an E- Dictionary to read about the ""Brexit,"" we might not be able to understand what the referendum was about.",1,AI,52,medium,human_vs_ai_sentences
"In sports, a difficult scrimmage could be the perfect opportunity to practice a difficult skill or to work on endurance.",1,AI,20,short,human_vs_ai_sentences
"Most citizens in the American States weren't really that educated very well, mostly for new borns since the nation just finished their revolution and they were still in debt at the time, and so not everybody was rich enough to afford anything, in turn they have no knowlege of the way the world now works.",0,Human,55,medium,human_vs_ai_sentences
😃,1,AI,1,very_short,human_vs_ai_sentences
"By 2030, there could be thousands.",1,AI,6,very_short,human_vs_ai_sentences
Many parents may also become distracted while driving with young children.,0,Human,11,short,human_vs_ai_sentences
"sincerely, STUDENT_NAME",0,Human,2,very_short,human_vs_ai_sentences
I that's why you should always choose to do surgery but sometimes' people faint cause they see the blood alot.,0,Human,20,short,human_vs_ai_sentences
"However, the United States has changed drastically since the Electoral College was created.",1,AI,13,short,human_vs_ai_sentences
"There are like, creepy people and stuff, and it's just not worth it.",1,AI,13,short,human_vs_ai_sentences
As mentioned in Judge Richard A.,1,AI,6,very_short,human_vs_ai_sentences
I learn so much more from that experience rather than reading off a PowerPoint and taking notes.,0,Human,17,short,human_vs_ai_sentences
"While the ability to learn from one's own home offers numerous advantages - such as increased flexibility, lower costs, and more control over one's schedule - there are still a number of potential issues that must be taken into account, such as the potential for students to become easily distracted or procrastinate.",1,AI,52,medium,human_vs_ai_sentences
"Second, the club can provide an opportunity for students to work on their homework in a collaborative environment.",1,AI,18,short,human_vs_ai_sentences
"Cheating is never good, we learned that in school, and it gets you nowhere in life.",0,Human,16,short,human_vs_ai_sentences
Using multiple opinions and and a lot of advice always helps someone make the right decision.,0,Human,16,short,human_vs_ai_sentences
"For one thing, it can be really unfair to judge someone based on just one interaction.",1,AI,16,short,human_vs_ai_sentences
Asking different people for advice helps you get multiple opinions.,0,Human,10,very_short,human_vs_ai_sentences
Such inclusivity is crucial in maintaining a representative democracy that values the voices of all its citizens.,1,AI,17,short,human_vs_ai_sentences
Venus is not hospitable for many different reasons.,0,Human,8,very_short,human_vs_ai_sentences
Do you agree with that?,0,Human,5,very_short,human_vs_ai_sentences
It's about having the right attitude and being willing to put in the work.,1,AI,14,short,human_vs_ai_sentences
Everybody doesn't enjoy these types of games\activitys.,0,Human,7,very_short,human_vs_ai_sentences
"You are running, lifting weights, stretching, and more.",0,Human,8,very_short,human_vs_ai_sentences
"By completing homework assignments, students learn how to manage their time effectively, how to take responsibility for their own learning, and how to discipline themselves to complete tasks even when they may not feel like it.",1,AI,36,medium,human_vs_ai_sentences
Why?,0,Human,1,very_short,human_vs_ai_sentences
Then students would have a much better capacity of their classes online that would make them focused and getting assignments from school finished.,0,Human,23,short,human_vs_ai_sentences
I realized this when I was assigned a history project in sophomore year.,0,Human,13,short,human_vs_ai_sentences
"This will make it easier for you to get along with other people, because you will have more in common with them than you would if you were all from the same background.",1,AI,33,medium,human_vs_ai_sentences
Its the electors who select the president not the people.,0,Human,10,very_short,human_vs_ai_sentences
"Extracurricular activities are great ways to make friends, learn new skills, and have fun.",0,Human,14,short,human_vs_ai_sentences
"In this city, 70 percent of families don't own cars and 57 percent sold a car to move here.",0,Human,19,short,human_vs_ai_sentences
Is the Face just a natural landform?,0,Human,7,very_short,human_vs_ai_sentences
"Why drive a car theat harms thee air, when one could simpily walk or ride a bike making one healtheier too?",0,Human,21,short,human_vs_ai_sentences
org/road-safety/safety-topics/distracted-driving/technology-solutions.,0,Human,1,very_short,human_vs_ai_sentences
The same will apply the next day for the odd-numbered  plates that follow .,0,Human,14,short,human_vs_ai_sentences
When students leave for summer they forget more than half of the learned matieral from the prior year making it harder for teachers to teach because the basic learning aspects could be lost.,0,Human,33,medium,human_vs_ai_sentences
"We should invest in renewable energy and work towards a cleaner, greener future.",1,AI,13,short,human_vs_ai_sentences
"Communication skills are really important in the real world these skills can help with interviews, business conferences, and bargaining.",0,Human,19,short,human_vs_ai_sentences
"Like, imagine having an older teacher who's really good at explaining things and stuff, but also has a younger teacher who's really good at, like, making things fun and stuff.",1,AI,30,short,human_vs_ai_sentences
"With ongoing changes in behavior and attitudes toward car ownership, it is possible that the trend of reduced car usage will continue, bringing along with it the associated benefits of reduced emissions and increased accessibility.",1,AI,35,medium,human_vs_ai_sentences
"This means treating others with kindness and respect, being honest and authentic, and taking responsibility for our actions.",1,AI,18,short,human_vs_ai_sentences
I recently had the opportunity to take my first section hike on part of the Appalachain Trail in Virginia near Shenandoah National Park.,1,AI,23,short,human_vs_ai_sentences
"Furthermore, opponents point out that every athlete is unique and thus requires individualized treatment when it comes to managing workloads ; relying solely upon a generalized set of rules could potentially prove detrimental rather than beneficial in certain cases.",1,AI,39,medium,human_vs_ai_sentences
There is reasons for saying those things about Venus.,0,Human,9,very_short,human_vs_ai_sentences
Another thing is that getting multiple opinions can help you make the right decision.,1,AI,14,short,human_vs_ai_sentences
"Since there's no empirical evidence for aliens on Mars, it's reasonable to assume that the Face is a natural feature.",1,AI,20,short,human_vs_ai_sentences
Don't get me wrong I love driving and all but it's effecting our ecosystem.,0,Human,14,short,human_vs_ai_sentences
Paris' partial ban was their idea to try and make their city a better place.,0,Human,15,short,human_vs_ai_sentences
Cars make a lot of people angry.,0,Human,7,very_short,human_vs_ai_sentences
"And that's like, super important for success in life.",1,AI,9,very_short,human_vs_ai_sentences
Because of the winnertakeall system.,0,Human,5,very_short,human_vs_ai_sentences
"If a patient believes that they will be cured, they are more likely to fight the disease and have a better chance of surviving.",1,AI,24,short,human_vs_ai_sentences
"Hey, ya'll!",1,AI,2,very_short,human_vs_ai_sentences
"However, there are also some disadvantages to using electronic dictionaries in the classroom.",1,AI,13,short,human_vs_ai_sentences
"Keep going, even when things don't go right.",1,AI,8,very_short,human_vs_ai_sentences
"And, like, technology is also super important.",1,AI,7,very_short,human_vs_ai_sentences
"There are so many online devices that could be used for these type of assignments such as Microsoft Word, Google Slides, Google Drawings, and voice recorders.",0,Human,26,short,human_vs_ai_sentences
Schools provide this with teachers and how they make sure that a student is working up to his/her potential.,0,Human,19,short,human_vs_ai_sentences
Accomplish more and always doing something is important to me because it gives me more opportunity to be successful in life .,0,Human,22,short,human_vs_ai_sentences
There are many reason why this information is false.,0,Human,9,very_short,human_vs_ai_sentences
and its just hard at times.,0,Human,6,very_short,human_vs_ai_sentences
"Some of the reasons why are, they are disturbing, they start a lot of drama, and they stop students from finishing or even doing their work at all.",0,Human,28,short,human_vs_ai_sentences
"But, once you get past that it will be fine.",0,Human,10,very_short,human_vs_ai_sentences
"This can mean that travelers are unable to get the most out of their trip, as they may not have enough time to explore on their own.",1,AI,27,short,human_vs_ai_sentences
Active activities involve engaging in physical or mental activities that encourage interaction with others and direct involvement with the environment.,1,AI,20,short,human_vs_ai_sentences
"They might have more life experience, so they might be able to give you some good advice.",1,AI,17,short,human_vs_ai_sentences
"Lastly, meditation and mindfulness practices can improve students' academic performance.",1,AI,10,very_short,human_vs_ai_sentences
"This wreaks havoc on our atmosphere, irreversibly damaging it.",0,Human,9,very_short,human_vs_ai_sentences
Individuals who engage in excessive amounts of gaming may not get enough physical activity due to spending long periods of time sitting still—which can have negative health effects over time if not addressed appropriately through diet and exercise routines outside of gaming sessions.,1,AI,43,medium,human_vs_ai_sentences
Please let me know if you have any other questions.,1,AI,10,very_short,human_vs_ai_sentences
"My grandmother, being an only child and homeschooled living in the rural part of Louisiana, told me about the trials and tribulations of her finding my grandfather.",0,Human,27,short,human_vs_ai_sentences
Do you feel like summer assignments are just causing you more stress?,0,Human,12,short,human_vs_ai_sentences
The opinions probably varied drastically.,0,Human,5,very_short,human_vs_ai_sentences
Political parties are similar.,0,Human,4,very_short,human_vs_ai_sentences
The author makes a very strong statement when he says we should explore Venus.,0,Human,14,short,human_vs_ai_sentences
I'm going to type an essay about an arugement for this technology to read students emotional expressions.,0,Human,17,short,human_vs_ai_sentences
Students can be more comfortable and confident around kids just like them.,0,Human,12,short,human_vs_ai_sentences
"Hey, I'm like, totally stoked to be writing this essay about self-esteem and success in school!",1,AI,16,short,human_vs_ai_sentences
It would also be boring just wacthing the road.,0,Human,9,very_short,human_vs_ai_sentences
If there is texting at the school then if someone for gets a permission slip or something they can easily text there mom and bring it to them.,0,Human,28,short,human_vs_ai_sentences
One of the primary reasons for keeping the Electoral College is its ability to provide certainty of outcome.,1,AI,18,short,human_vs_ai_sentences
How useful would they be?,0,Human,5,very_short,human_vs_ai_sentences
"However, if the student is passionate about the project they will go above and beyond in order to inform their teachers and peers about the topic they have chosen.",0,Human,29,short,human_vs_ai_sentences
The people who do not get investments keep moving forward and take their own risks to get a investor.,0,Human,19,short,human_vs_ai_sentences
A different reason to get advice from multiple people is that one's first option might not feel right for them.,0,Human,20,short,human_vs_ai_sentences
"Of course, not all risks lead to success.",1,AI,8,very_short,human_vs_ai_sentences
By all means this proves that there is a lower chance those students with high developed knowledge will be the ones doing the summer projects for others to complete.,0,Human,29,short,human_vs_ai_sentences
"Essentially, and ultimately, you don't have any choice in the decision about being yourself.",0,Human,14,short,human_vs_ai_sentences
"Although these expressions may differ depending on who you are interacting with, they all communicate a sense of adoration and affection which is what makes up an integral part of loving someone.",1,AI,32,medium,human_vs_ai_sentences
Enthusiasm and try are also important factors in achieving success.,1,AI,10,very_short,human_vs_ai_sentences
"Even though the majority of the time the representative from his or her state votes depending on the popular vote from there state, but the reason im saying this is that he or she has the power to pick whatever he or she wants.",0,Human,44,medium,human_vs_ai_sentences
Then you would have a fake story going around that could possibly spark tension between countries for lieing about life on mars.,0,Human,22,short,human_vs_ai_sentences
"In conclusion, car have been around for a long time.",0,Human,10,very_short,human_vs_ai_sentences
"Well, were not that far off.",0,Human,6,very_short,human_vs_ai_sentences
Blind people would not need to see.,0,Human,7,very_short,human_vs_ai_sentences
There is probably still scientist out there researching to find better proof.,0,Human,12,short,human_vs_ai_sentences
"In contrast, it can be argued that no single region can shift a campaign greatly, nonetheless a single voter`s vote.",0,Human,20,short,human_vs_ai_sentences
"Finally, advertisements often rely on the power of suggestion to make products seem more desirable.",1,AI,15,short,human_vs_ai_sentences
Being involved with what's occurring at the school is important because someone should know more about what's going on there.,0,Human,20,short,human_vs_ai_sentences
"Thirdly, we need to abloish the electoral collage because it is outdated.",0,Human,12,short,human_vs_ai_sentences
"Not driving is not only good for personal well being, but for the a city's well being.",0,Human,17,short,human_vs_ai_sentences
If you dont go the homework club you will always have tons of homework and not even do it which can cause your grades to fall down and probably not graduate if the required skills aren't meet.,0,Human,37,medium,human_vs_ai_sentences
In conclusion Venus should not be considered dangerous.,0,Human,8,very_short,human_vs_ai_sentences
"I believe that driverless cars are unnecessary because of the liabilities that come with them, there's nothing wrong with standard cars, and too easy to take control over from an outside force.",0,Human,32,medium,human_vs_ai_sentences
Sports is a great example of community service.,0,Human,8,very_short,human_vs_ai_sentences
"Because a student is way more experience than a teacher ,the students will know what to put in the project and what not to put in the project.",0,Human,28,short,human_vs_ai_sentences
Throughout history there have been numerous instances where certain garments were used by groups of people to identify themselves - punk rockers wearing tartan fabrics in 1970s London being just one example.,1,AI,32,medium,human_vs_ai_sentences
"The Electoral College gives more power to small states, but it does not protect their interests.",1,AI,16,short,human_vs_ai_sentences
"In Robert Duffer's article, it is mentioned that the smog in Paris reached levels comparable to Beijing, one of the most polluted cities in the world.",1,AI,26,short,human_vs_ai_sentences
"Additionally, young people often have more free time to enjoy social activities and hobbies.",1,AI,14,short,human_vs_ai_sentences
"In conclusion, the decision to commit to a career at a young age is a complex and nuanced one.",1,AI,19,short,human_vs_ai_sentences
"Finally, driving can be a health risk.",1,AI,7,very_short,human_vs_ai_sentences
This can help to ensure that everyone is contributing to the group's success and that no one feels left behind.,1,AI,20,short,human_vs_ai_sentences
I encourage you to join an activity.,0,Human,7,very_short,human_vs_ai_sentences
"By graduating from high school earlier than usual, students can make a positive contribution to their families and society.",1,AI,19,short,human_vs_ai_sentences
"This can have a positive, lasting effect on the country’s culture and economy.",1,AI,13,short,human_vs_ai_sentences
"On the other hand, an on-campus student may be able to develop more meaningful connections with faculty, attend networking events, and participate in extracurricular activities.",1,AI,25,short,human_vs_ai_sentences
Inclusion students should chose a career the like and love.,0,Human,10,very_short,human_vs_ai_sentences
Working in groups on school projects can have many benefits.,1,AI,10,very_short,human_vs_ai_sentences
This made him outraged and every day he was bored.,0,Human,10,very_short,human_vs_ai_sentences
"This can improve air quality for everyone, and it can also help to reduce the risk of respiratory problems.",1,AI,19,short,human_vs_ai_sentences
"To begin with, their is a much less percentage of dispute between The Electoral College then their would be over the popular vote.",0,Human,23,short,human_vs_ai_sentences
The google car can drive independently but under specific tasks.,0,Human,10,very_short,human_vs_ai_sentences
"However, It is an incredibly heated debate as to whether teachers or students should design these assignments.",0,Human,17,short,human_vs_ai_sentences
Before the conclusion comes to an end read the handbook and be safe at all times in the need of assistance.,0,Human,21,short,human_vs_ai_sentences
"Even though we don't directly vote, the party chooses the elctors and trust that they will select the voted nominee, and it ensures us that the trust is almost never decieved.",0,Human,31,medium,human_vs_ai_sentences
do we really want this to happen to us and ouur beautiful planet earth?,0,Human,14,short,human_vs_ai_sentences
"Seeking others for advice to make a better choice is helpful because you get more than one point of view, you have someone you can rely on, and you will have better thoughts on different situations.",0,Human,36,medium,human_vs_ai_sentences
You can also use it for anamonical information.,0,Human,8,very_short,human_vs_ai_sentences
As what you can see in society today there are people who are willing to risk their personal safety over a call or text message.,0,Human,25,short,human_vs_ai_sentences
I found myself avoiding them and not wanting to work with them on projects.,1,AI,14,short,human_vs_ai_sentences
That is one of the main reasons why I joined.,0,Human,10,very_short,human_vs_ai_sentences
"And, like, it's not just that.",1,AI,6,very_short,human_vs_ai_sentences
I know some peoples think that marijuana is bad for you and that it's a gateway drug.,1,AI,17,short,human_vs_ai_sentences
There many good reason why they should do this.,0,Human,9,very_short,human_vs_ai_sentences
They broke so many laws  for us!,0,Human,7,very_short,human_vs_ai_sentences
😊,1,AI,1,very_short,human_vs_ai_sentences
"These cars today, that the world is making, that are driveless are absolutly dangerous in lives of the people.",0,Human,19,short,human_vs_ai_sentences
"You may have already heard people talking about this, but it really will help you make better decisions because you will hear many ways that it could go wrong or go right.",0,Human,32,medium,human_vs_ai_sentences
The other policy is that students are not allowed to have phones at school at all.,0,Human,16,short,human_vs_ai_sentences
"These people, however, are simply dramatic and have no sense as to what is actually going on in their country.",0,Human,20,short,human_vs_ai_sentences
It would also give voters in all states a more equal voice in who becomes President.,1,AI,16,short,human_vs_ai_sentences
"This view suggests that our character is like a mold that we can shape and mold to our liking, as long as we are willing to put in the effort.",1,AI,30,short,human_vs_ai_sentences
