text,label,label_name,word_count,length_group,source,prediction,ai_probability
Opponents whose work depends on a cell phone like lawyers or businessmen say that they always have to be available to answer the phone to keep their business running.,0,Human,29,short,human_vs_ai_sentences,0,0.0665881013012208
The Electoral College has a small chance of winning with a Electoral College vote than a popular vote.,0,Human,18,short,human_vs_ai_sentences,1,0.7606203699288993
Teachers are there to answer specific questions and a software that only detects your facial expressions and matches them to emotions can not do that.,0,Human,25,short,human_vs_ai_sentences,0,0.12557171617478174
The Electoral College is currently being used for our elections.,0,Human,10,very_short,human_vs_ai_sentences,0,0.2336769608438504
"The present system includes electors proportional to each state's representation in Congress, providing equity among states regardless of their population size, an aspect that would be lost if we switch solely to the popular vote.",1,AI,35,medium,human_vs_ai_sentences,0,0.25190954833526624
Though it may seem like a convenient way for busy teens on-the-go who don't have time (or access) to prepare healthy meals - frequenting fast food establishments should be approached with caution as these types of diets can quickly wreak havoc on both physical health as well as mental wellbeing if left unchecked over long periods of time.,1,AI,58,medium,human_vs_ai_sentences,1,0.7481337506537705
"For example, I know some people who started playing a sport to improve their focus and concentration, and now they're doing way better in school!",1,AI,25,short,human_vs_ai_sentences,1,0.8973998396568066
the end,0,Human,2,very_short,human_vs_ai_sentences,0,0.1725063951840137
"Firstly, it is important to understand the purpose of the Electoral College as outlined in the Constitution.",1,AI,17,short,human_vs_ai_sentences,1,0.9809407601879804
"Cars are great, you can get from one point to another in a short amount of time, but are they really necesary?",0,Human,22,short,human_vs_ai_sentences,0,0.028884648383855814
Some students want to focus on graduating school.,0,Human,8,very_short,human_vs_ai_sentences,0,0.08899407826169614
The different emotions kids make doing class will be precisely accurate.,0,Human,11,short,human_vs_ai_sentences,0,0.02712421037454453
"For example, through utilizing a platform like Facebook someone living in America could easily connect with family members located abroad for free and conveniently stay up-to-date with what’s going on within foreign countries they would not have been able to explore firsthand.",1,AI,42,medium,human_vs_ai_sentences,1,0.7817730915437536
"However, teachers think that overusing electronic dictionaries might have more disadvantages than advantages for English learning.",1,AI,16,short,human_vs_ai_sentences,1,0.8465911410599953
You would feel upset and possibly get your heart broken even more when they break up with you for giving them that terrible gift.,0,Human,24,short,human_vs_ai_sentences,0,0.015417137254368484
"For instance, I attended some clasese in online like; Computer Intro that helped me to hearn more about computer and helps to get some some information about how to write fast and the teacher gives me information about typing club that helps me to write quickly.",0,Human,46,medium,human_vs_ai_sentences,1,0.8002785246483787
"Because they need to know with they are playing, and how is their mood to talk with other persons.",0,Human,19,short,human_vs_ai_sentences,0,0.23268060346256494
"In addition, the technology used in cars today is well advanced and continues to improve.",0,Human,15,short,human_vs_ai_sentences,1,0.8164763426565471
Young people just need to find the time to do it.,1,AI,11,short,human_vs_ai_sentences,0,0.3782184540304627
Another reason this is a good idea is that it helps parents stay involved in their kids education.,1,AI,18,short,human_vs_ai_sentences,1,0.92519227092632
I think not.,0,Human,3,very_short,human_vs_ai_sentences,0,0.01704324136327471
"In conclusion, while it may be true that young people nowadays are not giving as much time to helping their communities as they used to, they are still actively involved in community service activities.",1,AI,34,medium,human_vs_ai_sentences,1,0.9792436004210823
"🎉

And let's not forget about the cultural impact, bruh.",1,AI,10,very_short,human_vs_ai_sentences,1,0.9520551295360419
"These activities allow individuals to engage in strategic thinking, problem-solving, critical thinking, creativity, and artistic skills.",1,AI,16,short,human_vs_ai_sentences,1,0.8198452602063285
Hey there!,1,AI,2,very_short,human_vs_ai_sentences,1,0.972854871421008
Hey there!,1,AI,2,very_short,human_vs_ai_sentences,1,0.972854871421008
Another reason why successful people take risks and try new things is because it can help them to stay ahead of the competition.,1,AI,23,short,human_vs_ai_sentences,1,0.9492437782825364
"If uneducated, the regular unqualified citizen may not know that with our election system, we ourselves do not get to vote for which president we believe can take the reigns of our country, rather we vote for a certain amount of electors that make the decision FOR us.",0,Human,48,medium,human_vs_ai_sentences,1,0.5991771670512958
Sign up to become a seegoing cowboy today!,0,Human,8,very_short,human_vs_ai_sentences,0,0.49091915256756363
"Then it could modify the lesson,like an effective human instructor."" This new software could be compared to someone is able to tell how their friend is feeling.",0,Human,27,short,human_vs_ai_sentences,0,0.05632888532789834
"Hope provides us with the strength to persevere and to keep working towards our goals, even when things don't go as planned.",1,AI,22,short,human_vs_ai_sentences,1,0.9712310730698481
Its always good to try and maintain good health and these are some great ways to do it.,0,Human,18,short,human_vs_ai_sentences,1,0.6385201534175833
"This essay delves into the idea of car-free cities, focusing on their potential benefits, challenges, and strategies for effective implementation.",1,AI,20,short,human_vs_ai_sentences,1,0.9806800304125932
"Furthermore, student-designed projects can also promote creativity and innovation.",1,AI,9,very_short,human_vs_ai_sentences,1,0.9301372956205531
"When approached with a negative attitude, the individual’s self-destructive attitude takes over the entire environment, have a negative effect on the individual’s life and those around them.",1,AI,27,short,human_vs_ai_sentences,1,0.878222063224804
Whats the point of this you may ask?,0,Human,8,very_short,human_vs_ai_sentences,0,0.021308771602419188
It's very hard being on the student council.,0,Human,8,very_short,human_vs_ai_sentences,0,0.07896096498730273
of course but image a computer doing the same thing.,0,Human,10,very_short,human_vs_ai_sentences,0,0.016304975715390444
"Presidential candidates are most likely to campaign in ""swing states"" that they know they cn win the electoral votes from.",0,Human,20,short,human_vs_ai_sentences,0,0.11856792484150948
"Imagine the cost you have to pay for the car, giving them their money back for the money they spent and work they spent putting into the car.",0,Human,28,short,human_vs_ai_sentences,0,0.09578992695178103
"Street parking, driveways, and garages are not allowed.",0,Human,8,very_short,human_vs_ai_sentences,0,0.20322957076221032
That example shows that the electoral college is unfair because the people arent actaully voting.,0,Human,15,short,human_vs_ai_sentences,0,0.12291577922520618
The students would not have to follow directions; they would create the directions.,0,Human,13,short,human_vs_ai_sentences,0,0.03146533824002737
"If you don't believe me, then listen to me very closely.",0,Human,11,short,human_vs_ai_sentences,0,0.09217095390591704
"Nowadays, however, many students can find what they need with just a few clicks of their mouse or taps on their keyboard.",1,AI,22,short,human_vs_ai_sentences,0,0.35920040721908225
Keep on going,1,AI,3,very_short,human_vs_ai_sentences,0,0.33422044216597707
"For example, when making a major life decision such as buying a house, getting married, or dropping out of school, individuals should rely on themselves rather than asking for help or advice from someone else, as it allows for greater personal growth and self-efficacy.",1,AI,44,medium,human_vs_ai_sentences,1,0.8051263123968851
"However, with advances in technology and energy storage solutions, this problem is becoming less of an issue.",1,AI,17,short,human_vs_ai_sentences,0,0.3899146429302231
"With its runaway greenhouse situation, Venus serves as a cautionary example of climate change taken to an extreme.",1,AI,18,short,human_vs_ai_sentences,0,0.1458120943940762
We also got to experience what a gondola ride in Italy felt like through streets of water.,0,Human,17,short,human_vs_ai_sentences,1,0.5370482534038632
"'I'm grateful for the opportunity,' he says.",0,Human,7,very_short,human_vs_ai_sentences,1,0.5516150453970136
"This can help reduce our risk of obesity, heart disease, and other health problems.",1,AI,14,short,human_vs_ai_sentences,1,0.9615932780879095
There are a good reasons why students prefer to studied online.,0,Human,11,short,human_vs_ai_sentences,0,0.3633631953338663
There are a few reasons why this can be a good choice.,1,AI,12,short,human_vs_ai_sentences,1,0.8466998229697094
"According to the article ""Cellphone Use While Driving Statistics and Texting and Driving Facts"" states that according to the National Safety Council, 1.2 million car crashes in 2013 involved drivers talking on the phone, and at least 341,000 involved text messaging.",0,Human,41,medium,human_vs_ai_sentences,0,0.04709324137509341
"However, I believe that there are a number of reasons why this is the case.",1,AI,15,short,human_vs_ai_sentences,1,0.9369324040229964
"In the 2016 election, Hillary Clinton won the popular vote by over 3 million votes, but Donald Trump won the Electoral College and became President.",1,AI,25,short,human_vs_ai_sentences,1,0.6877214508615999
why should you join the sea cowboys first of all you can see places that you never seen before.,0,Human,19,short,human_vs_ai_sentences,0,0.028918392847098063
"Your friend,

PROPER_NAME",0,Human,3,very_short,human_vs_ai_sentences,0,0.09930360685960013
"When we listen to music, we often find ourselves thinking critically about the performance or analyzing elements within a song structure while at the same time feeling emotionally connected with whatever sound is being presented.",1,AI,35,medium,human_vs_ai_sentences,1,0.8243825191543382
"Plus, it's good for you too, like, it makes you a more well-rounded person.",1,AI,14,short,human_vs_ai_sentences,1,0.9861477734126548
"We can use spoken English to communicate with people from all over the world, whereas written English is mainly used for academic purposes.",1,AI,23,short,human_vs_ai_sentences,1,0.5202071182438589
Majority of people will produce quality work if they have a passion for it.,0,Human,14,short,human_vs_ai_sentences,0,0.2914300292049706
"Lastly, social media have a big influence on what we think is important.",1,AI,13,short,human_vs_ai_sentences,1,0.9169808877700101
"This happens because not everyone has the same opinion on a certain thing, the certain individual that they are asking has been through that same situation, and you get multiple opinions and you pick the one you think its right.",0,Human,40,medium,human_vs_ai_sentences,0,0.16281783142517542
one way if with all the components that the car have.,0,Human,11,short,human_vs_ai_sentences,0,0.039364456285080424
"I lastly conclude, that if you ask more than one person for advice, it will give you better information on the decision/ choice you make.",0,Human,25,short,human_vs_ai_sentences,0,0.047646392742367906
"First, cooperation helps to build strong relationships and create a sense of community.",1,AI,13,short,human_vs_ai_sentences,1,0.9930571229854149
"You can get to see other counties like China, Greece, Crete, and even Panama Canal for a matter of fact.",0,Human,20,short,human_vs_ai_sentences,0,0.07173225596813967
"As a result, voters in swing states are more likely to pay close attention to the campaign and become more thoughtful voters.",1,AI,22,short,human_vs_ai_sentences,1,0.8320691929821403
It takes major stress and anxiety of our backs.,0,Human,9,very_short,human_vs_ai_sentences,0,0.2827818740940453
The majority of individuals who vote in the United States do so to express their political preference rather than with the expectation that their vote will solely determine the outcome of the election.,1,AI,33,medium,human_vs_ai_sentences,1,0.5191404351512914
"Finally, we can also share rides with friends or neighbors.",1,AI,10,very_short,human_vs_ai_sentences,1,0.8055738014778895
If alots of parents feel that way and which schools the school with the FACS will lose lots of money.,0,Human,20,short,human_vs_ai_sentences,0,0.006296476985200497
"They probably take the bus, to and from work.",0,Human,9,very_short,human_vs_ai_sentences,0,0.010606591358854315
Never be afraid to ask the people around you for a second opinion especially if your at a store because they are trained to know and to help you.,0,Human,29,short,human_vs_ai_sentences,0,0.02319156441738759
"Children care about their summer vacations, because it is the only time they are truly free.",0,Human,16,short,human_vs_ai_sentences,0,0.20408962111651283
At the end of the day everything ahd worked out and went back to normal.,0,Human,15,short,human_vs_ai_sentences,0,0.006812713783942153
We can read slowly and carefully.,1,AI,6,very_short,human_vs_ai_sentences,1,0.6577439719705485
"In this new approach, stores are placed a walk away, on a main street, rather than in malls along some distant highway."" This shows that the government is willing to set up the community in a different way to limit the amount of car usage on a daily basis.",0,Human,49,medium,human_vs_ai_sentences,0,0.4750814316742813
"There are many reasons for this, one of which is that understanding concepts can help students improve their thinking skills and problem solving abilities.",1,AI,24,short,human_vs_ai_sentences,1,0.7905167871417063
"This system can be taken advantage of for the wrong reasons in a classroom, and not be valuable.",0,Human,18,short,human_vs_ai_sentences,1,0.5552528422856596
"Third, limiting car usage can improve our quality of life.",1,AI,10,very_short,human_vs_ai_sentences,1,0.8961654257898998
"The 20 least populous states, which account for only 12% of the population, have a total of 85 electoral votes.",1,AI,20,short,human_vs_ai_sentences,0,0.3169224968280432
This may create the impression that the mattress is perfect for a good night's sleep.,1,AI,15,short,human_vs_ai_sentences,0,0.4051368967322096
"I think it's important for students to have enough time to focus on their studies and extracurricular activities, and I think it's important for families to have enough time to spend together.",1,AI,32,medium,human_vs_ai_sentences,1,0.9915823485593643
"Its better because the Electoral College consists of the selection of the electors, the meeting of the electors where they vote for Presdident and Vice President, and the counting of the electoral votes by Congress.",0,Human,35,medium,human_vs_ai_sentences,0,0.3239103073137881
"The law was originally made and planned out for cars that are originally driven by humans, but once you get a car that can drive itself, then those laws will have to change.",0,Human,33,medium,human_vs_ai_sentences,0,0.00962509743754228
"Cars emit a variety of pollutants, including carbon monoxide, hydrocarbons, and nitrogen oxides.",1,AI,13,short,human_vs_ai_sentences,1,0.5247943867655676
"Some of the club's schools could help students in the future, then if students see themselves playing a sport in the future they can get a head start with the club.",0,Human,31,medium,human_vs_ai_sentences,0,0.13822634608922166
"Now days, electronic dictionary has been popular among students.",1,AI,9,very_short,human_vs_ai_sentences,0,0.2864930462031853
"Moreover, the claim that the system is inherently unfair or outdated is contestable as it raises five concrete, practical reasons that justify its continuation (Posner, Paragraph 17).",1,AI,27,short,human_vs_ai_sentences,0,0.4369283225759704
The benefits of simply asking are endless.,0,Human,7,very_short,human_vs_ai_sentences,0,0.33112593965302056
"And, *writes down",1,AI,3,very_short,human_vs_ai_sentences,1,0.6796630905354143
"While these distinguishing factors can give a first impression of someone, they do not always provide a clear indication of an individual's character.",1,AI,23,short,human_vs_ai_sentences,1,0.9188973414949518
"Taking personal responsibility means taking ownership for one's words, choices, and actions - no matter how small - in order to develop integrity, build trust with others, and ultimately achieve a sense of satisfaction in life.",1,AI,36,medium,human_vs_ai_sentences,1,0.9174110474401822
"I would understand because my middle school required everyone to be assign on either projects/assignments over summer, to assure our learning.",0,Human,21,short,human_vs_ai_sentences,0,0.014942226319621707
"For instance, a student who wants to pursue a career in computer science can focus on courses such as programming, database management, and cyber-security, which will provide a comprehensive understanding of the field.",1,AI,33,medium,human_vs_ai_sentences,1,0.5931219048422637
This avoids the complications and uncertainty of run-off elections and provides a clear outcome.,1,AI,14,short,human_vs_ai_sentences,1,0.9318592244483088
I believe that popular votes keep it fair when it comes to choosing a Presidant and does not cause a lot of fights.,0,Human,23,short,human_vs_ai_sentences,1,0.5782653313596952
"Long ago, Venus was probably covered largely with oceans and could have supported various forms of life, just like Earth."" This Explains how Venus actually has a chance to be visited and have potential of actually giving something productive if people go there and explore.",0,Human,45,medium,human_vs_ai_sentences,0,0.10513879071332277
"On the other hand, a curfew would limit the opportunities for constructive leisure activities, such as volunteering, attending cultural events, or pursuing hobbies.",1,AI,23,short,human_vs_ai_sentences,1,0.9513870331857113
Rehearse common questions ahead of time so that during real-time conversations your responses come naturally rather than awkwardly stilted memorizations; demonstrate strong communication skills but remember not every answer needs excessive detail so focus on speaking concisely while still engagingly enough for them to recognize how serious you are about joining their team!.,1,AI,53,medium,human_vs_ai_sentences,1,0.5116240931667093
"In Parii, France, a ihort driving ban occurred due to maiiive air pollution.",0,Human,13,short,human_vs_ai_sentences,0,0.12546989121463525
"Now you and many might say ""Well i still don't think their telling the truth, their probably hiding something because it might discredit them and their business.""

Well, NASA and the rest of the scientist have done all we can.",0,Human,40,medium,human_vs_ai_sentences,0,0.02381554875538281
It is crucial that we continue to explore and implement smart planning principles in order to promote car-free communities and reduce our dependence on cars.,1,AI,25,short,human_vs_ai_sentences,1,0.9554287455407047
The system can help teachers identify their students emotions through their facial expression.,0,Human,13,short,human_vs_ai_sentences,0,0.17853626755262328
Among those probelms are the atomospheric pressure is 90 times greater than that of Earth and the surface temperature can average over 800 degrees Fahrenheit.,0,Human,25,short,human_vs_ai_sentences,0,0.015173309730006714
"One thing you can do is have all student, when they walk into class drop their phones into a little box.",0,Human,21,short,human_vs_ai_sentences,0,0.02958254951451933
"When children work together, they can bounce ideas off each other and come up with new and innovative solutions to problems.",1,AI,21,short,human_vs_ai_sentences,1,0.8748869180139494
"Each student was given the freedom to create their own painting, giving the mural as a whole a unique and personalized effect.",1,AI,22,short,human_vs_ai_sentences,1,0.7253521963732137
"As an eighth-grade student, I have been fascinated by the stories of successful entrepreneurs and their journeys to success.",1,AI,19,short,human_vs_ai_sentences,1,0.8538895762247443
But no.,0,Human,2,very_short,human_vs_ai_sentences,0,0.34819033157787677
"Alsomy second reason is i think they should be able to steer through traffic, road work and accidents.",0,Human,18,short,human_vs_ai_sentences,0,0.19067495102800985
The cowboy program is meant for you.,0,Human,7,very_short,human_vs_ai_sentences,0,0.10389535763105195
How FACS works it starts with a 3-D model of a persons face it will have 44 muscles in the model and they have to move like human muscles.,0,Human,29,short,human_vs_ai_sentences,0,0.012676327081121652
"In my opinion, famous people should be given more privacy, as they are still people and deserve to be able to have a life outside of the public eye.",1,AI,29,short,human_vs_ai_sentences,1,0.8232413259155493
Car pooling is another option.,0,Human,5,very_short,human_vs_ai_sentences,0,0.19966266696173432
Taking the time to select and develop the right character traits can be extremely beneficial in helping people to reach their goals and overall achieve success.,1,AI,26,short,human_vs_ai_sentences,1,0.9523448367747843
"Taking care of ourselves gives us the opportunity to recharge both mentally and physically which allows us to think more clearly, increase productivity, improve moods, reduce stress levels as well as strengthen relationships with those who matter most including family members as well as friends.",1,AI,45,medium,human_vs_ai_sentences,1,0.9349482383218347
"Dear Principal,

I am writing to you about the idea of requiring all students to perform community service.",1,AI,18,short,human_vs_ai_sentences,0,0.28408313238465405
"The extra time might place more stress on students, negatively affecting their mental health.",1,AI,14,short,human_vs_ai_sentences,0,0.3420791230012143
"Sincerely,

Generic_Name.",0,Human,2,very_short,human_vs_ai_sentences,0,0.06261490147432458
This young girl acts like she is more older than other teenagers because she does not obey to her parents.,0,Human,20,short,human_vs_ai_sentences,0,0.16727580413255352
"Jamaica is home to some of the most beautiful beaches in the world, including the famous Dunn's River Falls and the Blue Lagoon.",1,AI,23,short,human_vs_ai_sentences,1,0.5564503599692684
Asking for opinion can help you get a better idea.,0,Human,10,very_short,human_vs_ai_sentences,0,0.032468774371913235
This can make it difficult for specialists to communicate with people who don’t share their area of expertise.,1,AI,18,short,human_vs_ai_sentences,1,0.8293163901056712
You wouldn't want to be blame for such an act.,0,Human,10,very_short,human_vs_ai_sentences,0,0.014074827139655625
"Moving big companies, factories and their employees to the countryside would likely require significant incentives to make up for the lifestyle and professional sacrifices that such a relocation would entail.",1,AI,30,short,human_vs_ai_sentences,1,0.5282777901763629
"Although few scientists believe the face was an alien artifact, a scientist named Jim Garvin proved them wrong by saying ""What the picture is actually showing is the Martian equivalent of a butte or mesa-landforms comman around the Amercian West."" Scientists Garvin is proving that the face was a nautral landform.",0,Human,51,medium,human_vs_ai_sentences,0,0.026538259089586697
"However, there are also some downsides to becoming an entrepreneur.",1,AI,10,very_short,human_vs_ai_sentences,1,0.9338543344815391
Four,1,AI,1,very_short,human_vs_ai_sentences,1,0.7085404208947829
"Volunteering has the potential to make an enormous impact on those living around us — from assisting with teaching basic maths courses at a local school, to helping build houses for those who are unable or unwilling to afford them.",1,AI,40,medium,human_vs_ai_sentences,1,0.9568726569905766
People should be able to because it is their property.,0,Human,10,very_short,human_vs_ai_sentences,0,0.21279713442799714
But there is one problem...How would people go places?,0,Human,9,very_short,human_vs_ai_sentences,0,0.01590732017709662
Students might like those new food and be their favorite food.,0,Human,11,short,human_vs_ai_sentences,0,0.15587199120210185
"Thirdly, teacher-designed summer projects would allow teachers to maximize their students' education because the guidelines provided would provide students with a basis of how they can best utilize their knowledge.",0,Human,30,short,human_vs_ai_sentences,0,0.22493823930299794
"A victory in a closely contested large state, such as Florida, carries more weight in the Electoral College, which encourages candidates to pay attention to the needs and concerns of voters in those states.",1,AI,34,medium,human_vs_ai_sentences,1,0.8537783702782713
"The best way to conduct summer projects is to make summer projects teacher-designed since teacher-designed summer projects would show students what they need to include in their project, would be easier for teachers to grade, and would allow teachers to maximize their students' education.",0,Human,44,medium,human_vs_ai_sentences,0,0.13122762475802077
"It's kinda like, do we want to be in control of our own lives or let someone else do it for us?",1,AI,22,short,human_vs_ai_sentences,1,0.8225318954020739
When it's raining make sure to be extra careful going up and down the ladders on the boat.,0,Human,18,short,human_vs_ai_sentences,0,0.45540451243360935
"I think this is the correct option because, while at school a student's mind should be on the work he or she has been assigned and the job of keeping his/her grades up.",0,Human,33,medium,human_vs_ai_sentences,0,0.033716071951092
"Last of all, it can be used in emergencies.",0,Human,9,very_short,human_vs_ai_sentences,0,0.34282794485859225
"In summary, the Electoral College should be retained as it provides certainty of outcome, ensures regional representation, emphasizes the importance of swing states, balances the power of large and small states, and avoids run-off elections.",1,AI,35,medium,human_vs_ai_sentences,1,0.99294361590341
"On one hand, cellphones can have a positive effect on the learning environment by providing students with instant access to information, the ability to collaborate with their peers on projects, and tools to increase their organization and productivity.",1,AI,38,medium,human_vs_ai_sentences,1,0.9366462366257148
Our founding fathers created the Electoral College to prevent overwhelming regional dominance.,1,AI,12,short,human_vs_ai_sentences,0,0.3793807575226187
"I did quite like the idea only in that it was somewhat sensible, to collect data from up high, though unfortunately the density of Venus' surface wouldn't allow for any colection of data.",0,Human,33,medium,human_vs_ai_sentences,0,0.023576762385904327
"This Facial Action Coding System also is very valuable because, it lets the teacher know if the students don't even get it at all.",0,Human,24,short,human_vs_ai_sentences,0,0.01725844967166638
I hope I can make a difference in one or more of those teenagers' lives that believe they have to have a cell phone.,0,Human,24,short,human_vs_ai_sentences,0,0.10391239939869282
This is where a writing checklist comes in handy.,1,AI,9,very_short,human_vs_ai_sentences,1,0.5761439555842973
For one as said in the article Venus is a hot place.,0,Human,12,short,human_vs_ai_sentences,0,0.01396729172579894
Teachers and staff should be aware of this as well.,0,Human,10,very_short,human_vs_ai_sentences,0,0.022860023215573996
He helped with the enviorment and cattle and other animals at the places where ww2 took place.,0,Human,17,short,human_vs_ai_sentences,0,0.30729595922111913
"Car usage around the world is causing an increase in pollution, greenhouse gas, and obesity.",0,Human,15,short,human_vs_ai_sentences,1,0.7927355386361449
That shows you that America's attachment to cars has decreased.,0,Human,10,very_short,human_vs_ai_sentences,0,0.08132257194341114
"We would rather spend the money we have on something that will benefit us in the long run, such as a good meal, a nice hotel room, or a new pair of shoes.",1,AI,33,medium,human_vs_ai_sentences,0,0.34701247427221854
I mean use common sense.,0,Human,5,very_short,human_vs_ai_sentences,0,0.4901692163894739
This is why most teens or adults have many accidents because of driving using a device while driving.,0,Human,18,short,human_vs_ai_sentences,0,0.0470285204105008
"If it does students will be unhappy, have",0,Human,8,very_short,human_vs_ai_sentences,0,0.00807146676990439
Although that is very interesting the author add more reasons on to why you should study Venus.,0,Human,17,short,human_vs_ai_sentences,0,0.0035242643195113562
"The writer bringing up how unhabitable Venus is strengthens their argument on why we need to study Venus and their belief that because this happened to Venus, then it could potentially happen to Earth.",0,Human,34,medium,human_vs_ai_sentences,0,0.43928318831720126
Particularly notable composers like Stephen Sondheim have composed iconic soundtracks for theater productions such as Into The Woods which capture both subtle nuances between characters and exciting climaxes that leave lasting impressions thanks to their melodies and harmonies.,1,AI,38,medium,human_vs_ai_sentences,1,0.9525600146494315
"Many student's taking classes online have the capibilidy and asset of graduating much earlyer becuase there classed are more advanced and with more potential to succed in life becuase of the parnts and the dissition that they have enrolled there kid in to online school ,rather then regular school .",0,Human,50,medium,human_vs_ai_sentences,0,0.2152218735878395
"Instead of jumping to conclusions and caving in to your impulse, you should ask as many people as you can for advice.",0,Human,22,short,human_vs_ai_sentences,0,0.02432758772945415
"But, I also think it's kinda weird that we have to choose between the two.",1,AI,15,short,human_vs_ai_sentences,0,0.4803652507410854
"Everybody likes to do fun things with their friend after school, so why not join an extracurricular activity!",0,Human,18,short,human_vs_ai_sentences,0,0.011066438342456264
Nothing is the world is ever made perfect forever.,0,Human,9,very_short,human_vs_ai_sentences,0,0.24552239167906936
They are student who attend classes from home for the reason because to provide the experience and to show that they can try to learned themselves.,0,Human,26,short,human_vs_ai_sentences,1,0.6734261647188354
"Thirdly, I am highly respectful to customers and fellow employees.",1,AI,10,very_short,human_vs_ai_sentences,1,0.8808910778101781
"In one camp, it is argued that requiring students to maintain a certain academic standard helps to reward hard work in the classroom and also encourages them to take their studies seriously as opposed to being a distraction from their academic pursuits.",1,AI,42,medium,human_vs_ai_sentences,1,0.8850017717238616
The majority of the teachers have their phones on in class and some times answer them during our lesson.,0,Human,19,short,human_vs_ai_sentences,0,0.0583150631203394
One is to improve public transportation.,1,AI,6,very_short,human_vs_ai_sentences,1,0.6563839414868542
Reading is probably my most disliked subject and right now Social Studies is my favorite because its not a lot of homework and its actually easy this year but life isn't just handed to me.,0,Human,35,medium,human_vs_ai_sentences,0,0.0368986556677424
"After considering all of these job options, I believe that continuing my education is the best choice for me.",1,AI,19,short,human_vs_ai_sentences,1,0.5747130482003213
"If we find that we can live on Venus with this research, then why shouldn't we.",0,Human,16,short,human_vs_ai_sentences,0,0.08575425856385234
Venus has a vey similar topography to Earth as well.,0,Human,10,very_short,human_vs_ai_sentences,0,0.0044519045090788386
"But, I guess it's better than writing about something super exciting like my favorite hobby or something.",1,AI,17,short,human_vs_ai_sentences,1,0.8533675453804394
Just like the update of IOS 7 that the Apple company has recently made.,0,Human,14,short,human_vs_ai_sentences,0,0.13353688513412545
This can be time-consuming and stressful.,1,AI,6,very_short,human_vs_ai_sentences,1,0.8169708609706047
"And finally, attire.",1,AI,3,very_short,human_vs_ai_sentences,1,0.9649811959545261
Thank you for your time.,1,AI,5,very_short,human_vs_ai_sentences,1,0.7256667451444049
I believe that the popular vote is the fairest way to elect the President of the United States.,1,AI,18,short,human_vs_ai_sentences,1,0.7675604519501532
Most citizens would relish the chance to vote for the canidate that they choose to support.,0,Human,16,short,human_vs_ai_sentences,0,0.02864168808718072
"Providing visitors with an opportunity to tour the workplace can be a great way of doing this, allowing potential collaborators to gain a valuable insight into the company and its values.",1,AI,31,medium,human_vs_ai_sentences,1,0.8096297877251954
This is not the only example of this growing trend.,0,Human,10,very_short,human_vs_ai_sentences,0,0.0706274329290685
"They are subjected to experiments that can cause physical and psychological harm, such as being injected with drugs or exposed to radiation.",1,AI,22,short,human_vs_ai_sentences,0,0.29634722635898914
Helping to helping is a best thing you can do maybe you are not getting something from it but at least your being a helper.,0,Human,25,short,human_vs_ai_sentences,0,0.06948990298368314
so 70 percent of germany doesnt have a car.,0,Human,9,very_short,human_vs_ai_sentences,0,0.02989396495577306
"This would ensure that minority groups have a voice in the election, without giving small states disproportionate power.",1,AI,18,short,human_vs_ai_sentences,1,0.8204010376514637
There are many reasons that seagoing cowboys are amazing.,0,Human,9,very_short,human_vs_ai_sentences,0,0.10357932953369729
First how big is it?,0,Human,5,very_short,human_vs_ai_sentences,0,0.20385789798835377
"In conclusion, there are many advantages to limiting car usage.",1,AI,10,very_short,human_vs_ai_sentences,1,0.8147952008960034
Generic_Name just got excepted into the Generic_City Summer Science Camp she has been trying to get into since the first grade.,0,Human,21,short,human_vs_ai_sentences,0,0.0058404526119642955
"Third, limiting car usage can be good for your health.",1,AI,10,very_short,human_vs_ai_sentences,1,0.7625141800744859
"On the other hand, graduating early can also have negative effects.",1,AI,11,short,human_vs_ai_sentences,1,0.9588962591398049
"Furthermore, swing states generate more engagement and participation from citizens, as they understand that their votes could have a significant impact on the outcome of the election.",1,AI,27,short,human_vs_ai_sentences,1,0.9902612613015775
"No, they cant!",0,Human,3,very_short,human_vs_ai_sentences,0,0.26954115836438836
You get to be at sea with youself a bunch of horses and if you want a friend.,0,Human,18,short,human_vs_ai_sentences,0,0.029466439923949313
"It made me more aware of people of other countries and their needs."".",0,Human,13,short,human_vs_ai_sentences,1,0.8584568783635939
"But wait, ther r still sum ppl who actually like physical books.",1,AI,12,short,human_vs_ai_sentences,0,0.2230409657374056
"🏋️‍♀️ So, even though technology can be really convenient, we gotta make sure we're using it in moderation and not letting it take over our lives.",1,AI,26,short,human_vs_ai_sentences,1,0.9636935111031542
"Every teen you know has a cell phone, and they use them 24/7.",0,Human,13,short,human_vs_ai_sentences,0,0.05910913483736552
"Businesses can also find ways to reduce their costs, such as by improving efficiency or investing in automation.",1,AI,18,short,human_vs_ai_sentences,1,0.8858456620164338
Getting better idea will help for writing an essay.,0,Human,9,very_short,human_vs_ai_sentences,0,0.4168880023828427
"Although, many people believe that extracurricular activities can enrich students educational experiences, and some even become involved in so many activities that they have little time to study and complete their homework assignments.",0,Human,33,medium,human_vs_ai_sentences,1,0.7660234914449415
"I do not know about anyone else, but some people, allow their grades to be in the 80 range.",0,Human,19,short,human_vs_ai_sentences,0,0.08142205888028056
"In addition, it is just as important to take risks.",1,AI,10,very_short,human_vs_ai_sentences,1,0.9921458309292122
"One of the policies I see you are considering is to allow students to bring phones to school and use them during lunch period and other free times, as long as the phones are turned off during class.",0,Human,38,medium,human_vs_ai_sentences,0,0.18667772341420896
Cell phones can be useful just not in class.,0,Human,9,very_short,human_vs_ai_sentences,0,0.09269463148184269
"Sincerely,

[Your Name]",1,AI,3,very_short,human_vs_ai_sentences,1,0.9664565597621871
I hope you all enjoyed this.,0,Human,6,very_short,human_vs_ai_sentences,1,0.563320216339161
"And we can support policies that make it easier to get around without a car, such as building more sidewalks and bike lanes.",1,AI,23,short,human_vs_ai_sentences,1,0.9447062931719309
One potential solution is offering educational scholarships instead--allowing players access advanced courses and tutoring services where necessary in order for them excel academically rather than strictly financially rewarding individual performances on the field or court (although this isn't mutually exclusive either).,1,AI,41,medium,human_vs_ai_sentences,1,0.7836230448880684
It is important to take risks and try new things in order to grow and learn.,1,AI,16,short,human_vs_ai_sentences,1,0.9962767552872823
"You don't have to do one or the other, creating a compromise between the two opinions can help you create something that will help you, indvidualy, the most.",0,Human,28,short,human_vs_ai_sentences,0,0.2084166704920891
"Additionally, the individual may become overwhelmed by the amount of information and advice they receive, making it difficult to make a decision.",1,AI,22,short,human_vs_ai_sentences,1,0.9662949193055721
"Venus is the twin of earth, right around the corner.",0,Human,10,very_short,human_vs_ai_sentences,0,0.028097356630426066
"Sincerely,

[Your Name]",1,AI,3,very_short,human_vs_ai_sentences,1,0.9664565597621871
they will be comfortable at home.,0,Human,6,very_short,human_vs_ai_sentences,0,0.0445340128812554
"For example, the San Diego Zoo has a conservation initiative for giant pandas, which has led to successful breeding and increased population numbers.",1,AI,23,short,human_vs_ai_sentences,1,0.9326250667901514
Parents have a significant influence on their children's character traits.,1,AI,10,very_short,human_vs_ai_sentences,1,0.9368560790151766
"In 1968, a mere 41,971 votes would have caused a major deadlock in the election.",0,Human,15,short,human_vs_ai_sentences,0,0.1246321402750507
"Posner,""...the electoral college method is not democratic in a modern sense...",0,Human,11,short,human_vs_ai_sentences,1,0.6780507199854386
"For example, take Bill Gates.",1,AI,5,very_short,human_vs_ai_sentences,1,0.5650877938757457
And I get that.,1,AI,4,very_short,human_vs_ai_sentences,0,0.20216159919923352
"This sense of community can have a positive impact on students' mental health, as it can reduce feelings of isolation and loneliness.",1,AI,22,short,human_vs_ai_sentences,1,0.8843875271458375
"Of course even after all that the ball still went up in the air, I groaned.",0,Human,16,short,human_vs_ai_sentences,0,0.17083669366584414
"Additionally, while cell phones can be used as educational tools, they can also be used for non-educational purposes, such as social media and gaming, which can be detrimental to students' academic performance.",1,AI,32,medium,human_vs_ai_sentences,1,0.992703587286273
These insights could shed light on planetary habitability and how climate systems develop.,1,AI,13,short,human_vs_ai_sentences,1,0.7215411540208164
Some cars already out that are smart.,0,Human,7,very_short,human_vs_ai_sentences,0,0.021928849480897114
There are many benefits associated with incorporating these types of,1,AI,10,very_short,human_vs_ai_sentences,0,0.34296185838888155
"The limiting of car usage has been shown to be helpful to the environment and helps to better the structure of a city and like Bogota, Valledupar, and even Paris we should all take into consideration the positive effects that limited car usage would have on us.",0,Human,47,medium,human_vs_ai_sentences,1,0.5959090520689838
Its just matter of fact what the students do.,0,Human,9,very_short,human_vs_ai_sentences,0,0.010957342400964017
"Additionally, your family members may be able to provide emotional support and encouragement during a difficult time.",1,AI,17,short,human_vs_ai_sentences,1,0.9908072962836114
"Well, it teaches us valuable lessons like perseverance, determination, and problem-solving skills.",1,AI,12,short,human_vs_ai_sentences,1,0.9479446394839663
Projects like the ones given out during break could possibly prepare them for what they will see when they do go to college.,0,Human,23,short,human_vs_ai_sentences,0,0.06638971388018555
"On the other hand, working alone has its own set of benefits.",1,AI,12,short,human_vs_ai_sentences,1,0.9505578872257064
"In conclusion, setting a good example is the best way to influence others.",1,AI,13,short,human_vs_ai_sentences,1,0.5215829727458136
We will never stop learning.,0,Human,5,very_short,human_vs_ai_sentences,0,0.04587940877471173
We need to change to the peoples popular vote.,0,Human,9,very_short,human_vs_ai_sentences,0,0.11083339909994709
Risk-taking also allows people to grow and learn.,1,AI,8,very_short,human_vs_ai_sentences,1,0.7590270280954163
I whip out my phone and press the face time button to talk to my best friend about what is going on.,0,Human,22,short,human_vs_ai_sentences,0,0.08510970700843638
America's second largest source of emissions is transportation.,0,Human,8,very_short,human_vs_ai_sentences,0,0.18177787092227563
The average cost for a gallon of gas is $3.70.,0,Human,10,very_short,human_vs_ai_sentences,0,0.030976785257758304
"There can be more thinking to this, can it?",0,Human,9,very_short,human_vs_ai_sentences,1,0.7452565562854873
"By creating more walkable communities, people can become more active, leading to better health outcomes (Rosenthal).",1,AI,16,short,human_vs_ai_sentences,1,0.897484462396939
It's all about,1,AI,3,very_short,human_vs_ai_sentences,1,0.9887749508240556
The reason behind this notion is the concept that creators need to feel like they created something exceptional.,0,Human,18,short,human_vs_ai_sentences,0,0.22596253655002366
Residents claim to be more happier and have felt tense with a car always around.,0,Human,15,short,human_vs_ai_sentences,0,0.12216593129524662
This 'human head' as they call it stretched two miles from each end of Mars.,0,Human,15,short,human_vs_ai_sentences,0,0.013575346765366505
So I am on your side on the idea of students have at least a B average to be able to participate in sports and activities.,0,Human,26,short,human_vs_ai_sentences,0,0.2603236902212916
"The average American spends over \$8,000 per year on their car, including the cost of gas, insurance, maintenance, and repairs.",1,AI,20,short,human_vs_ai_sentences,0,0.4515660373832
"In addition to reducing waste associated with fast fashion production lines , another major benefit behind shopping vintage is helping preserve heritage craftsmen techniques used by older generations alongside promoting local communities .",1,AI,33,medium,human_vs_ai_sentences,1,0.7457017409256895
People need to stop thinking that they know more than the professionals.,0,Human,12,short,human_vs_ai_sentences,0,0.096044879179352
Across the country there are laws that are being made about the dangers of the use of the cell phone.,0,Human,20,short,human_vs_ai_sentences,0,0.2122659279531944
This may leave many potential voters feeling alienated and neglected.,1,AI,10,very_short,human_vs_ai_sentences,1,0.7828155637577053
"🍔🥤 Like, seriously, it's like every other day, we're munching on chips, burgers, and pizza.",1,AI,15,short,human_vs_ai_sentences,1,0.9801264936200718
These situations make it extremely hard for students to focus in class and complete their work.,0,Human,16,short,human_vs_ai_sentences,1,0.6189241785665411
"Well, here's what I think.",1,AI,5,very_short,human_vs_ai_sentences,0,0.14733474915230577
Driverless cars cars would exhibit safety problems and economical problems .,0,Human,11,short,human_vs_ai_sentences,0,0.014310903879368024
"Firstly, the Electoral College ensures certainty of outcome.",1,AI,8,very_short,human_vs_ai_sentences,1,0.95745909445737
"Vauban home to 5,500 residents may be the most expieriment in low car suburban life.",0,Human,15,short,human_vs_ai_sentences,0,0.011642491046636233
"Additionally, despite all its potential benefits; data-driven targeting can lead to scenarios where customers feel like they’re being ‘spammed’ due to receiving too many messages from the same company at once.",1,AI,31,medium,human_vs_ai_sentences,0,0.4890931803448521
"The challenges that distance learning is facing is it greater than the standard method of education, how will it positively impact students, and does it limit the capacity for one to grasp the knowledge given out during class.",0,Human,38,medium,human_vs_ai_sentences,1,0.5761708640454005
"For example, students may not have had enough time to fully develop their skills and knowledge.",1,AI,16,short,human_vs_ai_sentences,1,0.8905746076112384
Cell Phones use cause over 1 in 4 accidents.,0,Human,9,very_short,human_vs_ai_sentences,0,0.051379563255486954
"They do every thing for us, and extracurricular activities give them some needed free time.",0,Human,15,short,human_vs_ai_sentences,0,0.07013727426849103
"Cars require a lot of energy to operate, and this energy comes from fossil fuels, such as oil and gas.",1,AI,20,short,human_vs_ai_sentences,1,0.7190042626097073
This system enables computers to identify six of the human emotions.,0,Human,11,short,human_vs_ai_sentences,0,0.04664417218425183
"Furthermore, the patient may not have the opportunity to say goodbye to their loved ones or spend quality time with them, as they may not understand the severity of their illness.",1,AI,31,medium,human_vs_ai_sentences,1,0.9562028558376593
without having to use a car for transportation.,0,Human,8,very_short,human_vs_ai_sentences,0,0.431294859183927
"Like if you leave something at home(like a project or a homework assignment), you can call a parent during free-time and tell them to bring it.",0,Human,26,short,human_vs_ai_sentences,0,0.12066651743297564
"Like, if you're feeling stressed out about a big test or project, having a positive attitude can help you stay calm and focused.",1,AI,23,short,human_vs_ai_sentences,1,0.9394550792376654
"Additionally, laws are being passed to stop driving and using a cellphone in any capacity of a vehicle.",0,Human,18,short,human_vs_ai_sentences,0,0.384233220122091
"He said to quit, and make her parents happy.",0,Human,9,very_short,human_vs_ai_sentences,0,0.42559847260003353
Thank you for your attention to this matter.,1,AI,8,very_short,human_vs_ai_sentences,1,0.7521819148492229
"So computers need to understand that too"" Technology is becoming a part of our lives more and more everyday.",0,Human,19,short,human_vs_ai_sentences,1,0.5530629803450302
"Like, why can't we wear hats or hoodies?",1,AI,8,very_short,human_vs_ai_sentences,1,0.9273693662319235
since there is bearly cars outside.,0,Human,6,very_short,human_vs_ai_sentences,0,0.011617007732586594
I started interacting with others after months of not interacting.,0,Human,10,very_short,human_vs_ai_sentences,0,0.19053181598888924
The Facial Action Coding System would be cool.,0,Human,8,very_short,human_vs_ai_sentences,0,0.0697174613815929
Look at some more facts.,0,Human,5,very_short,human_vs_ai_sentences,0,0.16671036081854854
"So, I think it's important to keep an open mind and not write someone off just based on one impression.",1,AI,20,short,human_vs_ai_sentences,1,0.9599276363347418
Most states award the electoral votes on a ‘winner-take-all’ basis making it less likely than the popular vote to lead to disputes.,1,AI,22,short,human_vs_ai_sentences,1,0.5571186257469938
Yawn!,1,AI,1,very_short,human_vs_ai_sentences,1,0.745761756959559
"It can also improve public health and safety, and make cities more livable.",1,AI,13,short,human_vs_ai_sentences,1,0.9887376740834662
This can easily change the opinion of others and may even give them a greater appreciation for the person's character.,1,AI,20,short,human_vs_ai_sentences,1,0.7652677482246896
Research has shown that there are numerous benefits to providing healthier food options in school cafeterias.,1,AI,16,short,human_vs_ai_sentences,1,0.943827545837494
"Sincerely,

Anonymous",0,Human,2,very_short,human_vs_ai_sentences,0,0.433228329994619
"According to a study by the Food and Agriculture Organization of the United Nations, the livestock sector is responsible for 14.5% of global greenhouse gas emissions, which is more than the entire transportation sector.",1,AI,34,medium,human_vs_ai_sentences,1,0.6347951134851698
Renewable energy is one way to do this as it involves harnessing natural resources such as wind and solar power in order to generate electricity without emitting harmful pollutants into the atmosphere.,1,AI,32,medium,human_vs_ai_sentences,1,0.9413478004676558
Asking other people for advice can also give you many ideas.,0,Human,11,short,human_vs_ai_sentences,0,0.06116478269953446
Giving us multiplie reasons why we need to find a way to get someone (or something) over there as soon as possible.,0,Human,22,short,human_vs_ai_sentences,0,0.41120021589642014
"This has led to a change in the way that people view and treat women in different industries, and has helped to create a safer and more respectful environment for everyone.",1,AI,31,medium,human_vs_ai_sentences,1,0.9672493860860386
"Hey there, it's me, an average 8th grader!",1,AI,8,very_short,human_vs_ai_sentences,1,0.9752314049277178
"Such programs provide a variety of benefits for both young and old, connecting people of different backgrounds in meaningful ways.",1,AI,20,short,human_vs_ai_sentences,1,0.9921684933425251
"In recent years, there has been a growing movement to limit car usage.",1,AI,13,short,human_vs_ai_sentences,1,0.8664173254220421
You also need to find time for your family/friends.,0,Human,9,very_short,human_vs_ai_sentences,0,0.25889983092861085
When we do well in our test is because the teacher was having us advice and we were paying attecion.,0,Human,20,short,human_vs_ai_sentences,0,0.041301654772200845
I definitely agree that education is a life-long process.,1,AI,9,very_short,human_vs_ai_sentences,1,0.8415400390476081
"Last but not least, there could be a potential crash.",0,Human,10,very_short,human_vs_ai_sentences,0,0.08597753379174958
"This helps them to develop analytical skills, which are essential for success in today's world.",1,AI,15,short,human_vs_ai_sentences,1,0.9847625323823038
"Secondly, education plays a critical role in our globalized world.",1,AI,10,very_short,human_vs_ai_sentences,1,0.8914878863749742
"First, I am an enthusiastic individual who takes great efforts to complete tasks efficiently and effectively.",1,AI,16,short,human_vs_ai_sentences,1,0.9093009014497562
"🤖

So, let's dive right in!",1,AI,6,very_short,human_vs_ai_sentences,1,0.9919324505983753
"First of all, it's like, super smart to start learning about what you want to do early on, 'cause then you can figure out if it's even something you wanna do.",1,AI,31,medium,human_vs_ai_sentences,1,0.9503961043175596
This process has help us to elect great presidents in which changed and make our Americas history.,0,Human,17,short,human_vs_ai_sentences,1,0.7580728415008717
"Being at home in a quiet place before taking an important test, or just learning information, is far better than being in a crowded area and trying to focus on your work.",0,Human,32,medium,human_vs_ai_sentences,1,0.5541042932726774
"Everyone experiences failure at some point, whether it's in school, work, or personal relationships.",1,AI,14,short,human_vs_ai_sentences,1,0.7271871348971983
"We can all be able to give up something for the benefit of the common good, in Bogota, Columbia it has been three straight years that cars have been banned found in Source 3; and they have a population of a wopping seven million.",0,Human,44,medium,human_vs_ai_sentences,0,0.10329122842815382
"Limiting car usage helps the air needed to breathe, the money coming into your pockets, and one's overall happiness.",0,Human,19,short,human_vs_ai_sentences,1,0.7095906098434689
With a big increase in the death rates and as well as an increase in the laws being passed connected to texting while driving is enough to confirm that phones on the road is (A) a distraction and (B) a huge safety hazard.,0,Human,43,medium,human_vs_ai_sentences,0,0.07510046073991254
The purpose of a university education is not solely to prepare students for employment.,1,AI,14,short,human_vs_ai_sentences,1,0.7003639367754255
"Dear, state senator we should keep the Electoral College because its better and its unique.",0,Human,15,short,human_vs_ai_sentences,0,0.19920132978582064
"He also got to do table-tennis tournaments, boxing, fencing, reading, whittling, and other games.",0,Human,14,short,human_vs_ai_sentences,1,0.5003019179152364
"If you are looking to save money, improve your health, reduce stress, or help the environment, consider limiting your car usage.",1,AI,21,short,human_vs_ai_sentences,0,0.49988477355995875
"They might think they are crazy because there is no proof that aliens exist, so why think that something that might not exist create something like a face in a planet.",0,Human,31,medium,human_vs_ai_sentences,0,0.1506342894857595
"Half the time, people think their options for their own problem will be helpful, because it is less time and stress for them.",0,Human,23,short,human_vs_ai_sentences,0,0.2967487328669181
Creating a character is a great way to express yourself and explore your creativity.,1,AI,14,short,human_vs_ai_sentences,1,0.7432357605301285
"They may be more likely to try new things and take risks, which can lead to exciting and memorable experiences.",1,AI,20,short,human_vs_ai_sentences,1,0.9966521020680357
"In the 2000 U.S. presidential race, Al Gore recieved more individual votes that George W.",0,Human,15,short,human_vs_ai_sentences,0,0.12822034176458114
"In conclusion, the real reason not to text and drive is because you can crash and die.",0,Human,17,short,human_vs_ai_sentences,0,0.09201405475777
There are many reasons .,0,Human,5,very_short,human_vs_ai_sentences,0,0.347749716117723
"Under the electoral college system, voters vote not for the president, but for a slate of electors, who in turn the president.",0,Human,22,short,human_vs_ai_sentences,0,0.0745395096265713
"We say that its not right to make a policy change, the way the policy is right now is just great, but the only suggestion is, to not make that new policy, for not all of us have the grades and we do not want it or need it.",0,Human,49,medium,human_vs_ai_sentences,0,0.09759408672323355
"My parents never wanted me to rely too much on them or on others, so they taught me from an early age to be independent and self-sufficient.",1,AI,27,short,human_vs_ai_sentences,0,0.18912135718456313
journalism.,0,Human,1,very_short,human_vs_ai_sentences,0,0.2086939618841828
Not only that but areas will require more taxi services to fill those needs of the people.,0,Human,17,short,human_vs_ai_sentences,0,0.018249356511749908
"Overall, setting a good example is an important way for us to have a lasting and meaningful impact on the people around us.",1,AI,23,short,human_vs_ai_sentences,1,0.944928334366428
"For example, if they learn about the principles of geometry, they can use that knowledge to solve problems in mathematics, engineering, and other fields.",1,AI,24,short,human_vs_ai_sentences,1,0.7275639047609237
"We can walk, bike, or take public transportation more often.",1,AI,10,very_short,human_vs_ai_sentences,1,0.9333599483840648
"Positive thinking also increases self-confidence and optimism, both of which are integral to success and self-belief.",1,AI,16,short,human_vs_ai_sentences,1,0.924475548482579
"This would help to offset the cost of tuition for those who cannot afford it, ensure that students are taking their education seriously, and help to maintain the quality of education.",1,AI,31,medium,human_vs_ai_sentences,1,0.8662950366124138
Cell phones are a big distractions to students.,0,Human,8,very_short,human_vs_ai_sentences,0,0.017706389021461592
The project would not be done to the best of their ability or may not be done at all.,0,Human,19,short,human_vs_ai_sentences,0,0.024684638138937454
"Clark warns of the rusty red Camaro (tailgating) the minivan full of kids."" Drivers who use cell phones while driving are also highly dangerous to pedestr ians.",0,Human,27,short,human_vs_ai_sentences,0,0.0661290346618828
"In 1968 a shift of just 41,971 voters would of dead locked the election yet in 1976 a tie would of happen but 5,559 voters in Ohio and 3,687 voter in Hawaii voted the other way.",0,Human,36,medium,human_vs_ai_sentences,0,0.09033901344646927
"In addition, the article states that hackers can potentially gain access to the system and cause accidents.",1,AI,17,short,human_vs_ai_sentences,1,0.8611424536704411
"Younger people are increasingly eschewing car ownership, with many considering vehicle possession a non-priority and car travel as merely a means to get from point A to B (Rosenthal, Passage 4).",1,AI,31,medium,human_vs_ai_sentences,0,0.2677986547743541
Attending classes from home would increase the time students have on their hands so they would be able to complete assignments faster.,0,Human,22,short,human_vs_ai_sentences,0,0.054909105425526905
"Mr. Sivak's research has found that there has been a large drop in the percentage of 16 to 39-year-olds getting a license, while older people are likely to retain their licenses as they age.",0,Human,34,medium,human_vs_ai_sentences,0,0.41353080925486596
There would not be smog also.,0,Human,6,very_short,human_vs_ai_sentences,0,0.004094860755574321
"From classic staples like Monopoly and Scrabble to recently designed titles such as Catan and Clue Master Detective Edition (among many others), board games provide players with hours upon hours of fun whether they are interacting with friends or family members.",1,AI,41,medium,human_vs_ai_sentences,1,0.5646725648414814
Astronomers are fascinated by Venus because it may well once have been the most earth like planet in our solar system.,0,Human,21,short,human_vs_ai_sentences,0,0.05951706887687519
"This may involve learning how to better communicate with colleagues and customers, developing the ability to motivate a team, or developing new innovative strategies that have the potential to revolutionize their respective industries.",1,AI,33,medium,human_vs_ai_sentences,1,0.9826425926441079
"In a globalized world, it is more important than ever to invest in education.",1,AI,14,short,human_vs_ai_sentences,1,0.8993688291736064
"You may be asking ""Why do I care about this?",0,Human,10,very_short,human_vs_ai_sentences,0,0.06682862602980658
"Also, social media companies are not doing enough to protect our privacy.",1,AI,12,short,human_vs_ai_sentences,1,0.759133070957843
"Introduction:
Hey there!",1,AI,3,very_short,human_vs_ai_sentences,1,0.994887760750103
People work better when they enjoy the task given to them.,0,Human,11,short,human_vs_ai_sentences,0,0.2852110332273192
Public schools prevent this by offering a diversity of people which students can converse with.,0,Human,15,short,human_vs_ai_sentences,1,0.6223844166205577
"Limiting car usage is not easy, but it is possible.",1,AI,10,very_short,human_vs_ai_sentences,1,0.699696036817039
Doing sports help students be more active by enhancing cardio and helping them try other sports.,0,Human,16,short,human_vs_ai_sentences,0,0.2912496370095698
If the author were to reorganize the fourth paragraph giving the teorey that Venus was once like Earth and then going on to give the inputs of scientist it would have made more sense going into the fifth paragraph.,0,Human,39,medium,human_vs_ai_sentences,0,0.05243482156055004
"If one Electoral College voter has a certain view on a candidate, they could very well share that and somehow persuade the other voters decisions due to one persons thoughts and points of view on the candidate.",0,Human,37,medium,human_vs_ai_sentences,0,0.31011276403285054
"Occasionally, that information would be crucial, and could have prevented disasters, so you have to ask multiple people when getting advice.",0,Human,21,short,human_vs_ai_sentences,0,0.014402464614370213
"Sincerely,

[Your Name]",1,AI,3,very_short,human_vs_ai_sentences,1,0.9664565597621871
"This is particularly important in maintaining the political equilibrium enshrined in the Constitution, wherein both the House of Representatives and the Senate represent the interests of the states collectively.",1,AI,29,short,human_vs_ai_sentences,1,0.7007132090592072
"Furthermore, short summer breaks reduce the amount of disruptive absences; this allows students to maintain the same peer group over the course of the academic year, providing them with a sense of accessibility as well as the ability to form relationships with their peers, teachers, and school faculty.",1,AI,48,medium,human_vs_ai_sentences,1,0.8809381695662364
Last Name 2,0,Human,3,very_short,human_vs_ai_sentences,1,0.5553523889166301
Praise is often used as a tool to build self-esteem.,1,AI,10,very_short,human_vs_ai_sentences,1,0.8618888605733971
The creation of Venus may be from the atmosphere crosion and that is why it is so important people from th human to participate in the visit of Venus.,0,Human,29,short,human_vs_ai_sentences,0,0.1459403699969724
Thank you for your time and attention.,1,AI,7,very_short,human_vs_ai_sentences,1,0.8849059423437582
"This world already has enough pollution, but with the limitations to car use there won't be.",0,Human,16,short,human_vs_ai_sentences,0,0.13022415846886815
"These are unlikely, but they could happen.",0,Human,7,very_short,human_vs_ai_sentences,0,0.42472609232263164
"Movies are often created by teams consisting of directors, actors, cinematographers, editors and other professionals who work together towards a common goal: creating an entertaining film for audiences around the globe.",1,AI,31,medium,human_vs_ai_sentences,1,0.6607984630059778
"This has happened five times in American history, most recently in 2016.",1,AI,12,short,human_vs_ai_sentences,0,0.45937508980075004
"Likewise, Bogota, Colombia annually hosts a program known as the Day Without Cars that has attracted interest from neighboring countries and cities and provides an opportunity to ""take away stress and lower air pollution,"" according to businessman Carlos Arturo, who spent the day bicycling with his wife (source 3).",0,Human,49,medium,human_vs_ai_sentences,0,0.12591320810654918
Children in school are often confused with a certain subject and are too embarrassed to speak up.,0,Human,17,short,human_vs_ai_sentences,0,0.3289631742036338
"In conclusion, one's attitude plays a crucial role in their success, regardless of whether it is positive or negative.",1,AI,19,short,human_vs_ai_sentences,1,0.9926057235102528
"Green, blue, and white.",0,Human,4,very_short,human_vs_ai_sentences,1,0.6531879779397065
"Not all of them will go to the one they wanted, so when they go to a different one they might like it more than the one they wanted to go to first.",0,Human,33,medium,human_vs_ai_sentences,0,0.2533724640377786
Acknowledging this reality then leads us back around full circle--perhaps now more than ever before we must consider whether sufficient forms of recompense can be provided without compromising those intrinsic values mentioned earlier?.,1,AI,33,medium,human_vs_ai_sentences,0,0.2998809257433833
The more we talk the more we will have less to talk about and eventually we will be forced to pay attention in class.,0,Human,24,short,human_vs_ai_sentences,0,0.17901525502285925
Who picks the electors will depend on the state.,0,Human,9,very_short,human_vs_ai_sentences,0,0.05021547902345184
Taking your eyes off the road is dangerous because in a split second you can have an accident and kill yourself or another person.,0,Human,24,short,human_vs_ai_sentences,0,0.04293160498070945
"While the internet may be readily available to some, there are still many individuals who do not have access to the internet, or who lack the necessary skills to effectively navigate it.",1,AI,32,medium,human_vs_ai_sentences,1,0.9797875033906726
Limiting car usage can also be beneficial to our pocketbooks.,1,AI,10,very_short,human_vs_ai_sentences,1,0.769748886927211
"The main reason why this show not be condoned is, because most of these situations a citizen could get in a car accident.",0,Human,23,short,human_vs_ai_sentences,0,0.0401899825108491
Others beleive the electoral college helps with Big States issues.,0,Human,10,very_short,human_vs_ai_sentences,0,0.47302421787811855
The sports kids are the ones who do not realize how important jobs are to families and survival.,0,Human,18,short,human_vs_ai_sentences,0,0.26809860470594776
This might cause the possibility of sending humans to Venus.,0,Human,10,very_short,human_vs_ai_sentences,0,0.018943532387561902
"Like, maybe I could be an engineer or something.",1,AI,9,very_short,human_vs_ai_sentences,1,0.6835399823844677
"Sincerely,

[Your Name]",1,AI,3,very_short,human_vs_ai_sentences,1,0.9664565597621871
"This is because the candidate who wins the most electoral votes, not the most popular votes, becomes President.",1,AI,18,short,human_vs_ai_sentences,1,0.6035235294600383
"Driving is dangerous technique and to safely execute driving you should be 100% focused, but if you are drunk or on your phone, you are potentially in danger to yourself and others on the road.",0,Human,35,medium,human_vs_ai_sentences,0,0.08332437012586807
"Hey, I'm just an average 8th grader, but I think it's super important to talk about how mistakes and failures can help us learn and grow.",1,AI,26,short,human_vs_ai_sentences,1,0.9950464427832356
"Thomas Edison failed like a million times before he invented the light bulb, but he didn't give up.",1,AI,18,short,human_vs_ai_sentences,0,0.26469385702624043
"While it has its advantages, it also has its disadvantages.",1,AI,10,very_short,human_vs_ai_sentences,1,0.9450956127536904
With out sports in school kids are just going to not caring about school and some might even drop out because some kids try to impress girls with there ability to play sports.,0,Human,33,medium,human_vs_ai_sentences,0,0.024886708884718417
"In addition, when children learn to cooperate with others, they are more likely to develop a sense of social responsibility and a desire to make a positive difference in the world.",1,AI,31,medium,human_vs_ai_sentences,1,0.9881504646898802
She believed that it would be a mistake if I took the honor class because she was afraid that I would be overwhelmed with the workload.,0,Human,26,short,human_vs_ai_sentences,0,0.348699739785622
And it's not just Edison's enthusiasm that's inspiring.,1,AI,8,very_short,human_vs_ai_sentences,1,0.8883791265051022
"The friend who has focused on time management has learned how to prioritize their tasks and avoid procrastination, while the friend who has focused on seeking help when needed has learned how to identify their strengths and weaknesses and focus on improving their weak areas.",1,AI,45,medium,human_vs_ai_sentences,1,0.9829025697682019
"In Europe, the UNRRA was hiring Seagoing Cowboys.",0,Human,8,very_short,human_vs_ai_sentences,0,0.026347758933605043
"When we achieve our goals, we also gain the confidence and determination to tackle even bigger challenges in the future.",1,AI,20,short,human_vs_ai_sentences,1,0.9964897515495169
Some say this gives small states disproportionate influence.,1,AI,8,very_short,human_vs_ai_sentences,0,0.31164661237203567
Honesty is also essential to our own development.,1,AI,8,very_short,human_vs_ai_sentences,1,0.8738660998718717
Lets say a student is having difficulties on a question on their homework.,0,Human,13,short,human_vs_ai_sentences,0,0.1754630175481729
"Teachers would end up assigning more so that students can keep up with the contents covered in school, but this would further overburden students and leave less time for family and personal leisure time.",1,AI,34,medium,human_vs_ai_sentences,0,0.09225508431638106
"But upon combing the information received, an incredibly clear decision can be made.",0,Human,13,short,human_vs_ai_sentences,0,0.2963977514348326
"I also think that famous people can be people who are famous because of what they do, not because of who they are.",1,AI,23,short,human_vs_ai_sentences,1,0.8818028583913957
"The Electoral College is despised, yet it is the smartest way on how to elect the President.",0,Human,17,short,human_vs_ai_sentences,0,0.25094391641549046
I believe that students who have a B average or higher should be allowed to play sports and participate in activities.,1,AI,21,short,human_vs_ai_sentences,0,0.2091649934223393
"EBSCOhost, search.",0,Human,2,very_short,human_vs_ai_sentences,0,0.20887700256930547
"Some students might like different activities then the other, but would extracurricular activities really benefit the students lifestyle?",0,Human,18,short,human_vs_ai_sentences,0,0.05561904099766667
"But then, something cool happened.",1,AI,5,very_short,human_vs_ai_sentences,1,0.5016560349840884
I was proud to have contributed to something so meaningful.,1,AI,10,very_short,human_vs_ai_sentences,1,0.7683076824023501
"Other studies have shown that recipients of kind acts are eight times more likely to pass on that kindness to someone else than they are to pass on negative behavior, resulting in a ripple-effect of kindness that can be felt in our communities.",1,AI,43,medium,human_vs_ai_sentences,1,0.8568548111162667
"The potential risks of not seeking advice can be catastrophic, especially when facing tough times.",1,AI,15,short,human_vs_ai_sentences,1,0.829507463440977
In the text they said its a goo dopportunity to take away stress and lower air pollution.,0,Human,17,short,human_vs_ai_sentences,0,0.014384114529439294
"For example, if you find yourself in an area where there are no hotels or hostels, then you need to find a place to stay that is close to where you want to go.",1,AI,34,medium,human_vs_ai_sentences,1,0.5517813883560607
"Your governor prepares a ""Certificate of Ascertianment"" after the presidential election listing all of the canidates who ran for President in your state along with the names of their respective electors.",0,Human,31,medium,human_vs_ai_sentences,0,0.06640445899952342
"Also in source two it states ""Paris enforced a partial driving ban to clear the air of the global city."" The Driving ban stops people from driving to slow emmisions.",0,Human,30,short,human_vs_ai_sentences,0,0.161449519935665
"Students who do not keep an average high enough to play sports would have more time for studying, so that they can raise their grade high enough to play in sports.",0,Human,31,medium,human_vs_ai_sentences,0,0.1323944895507629
This allows the student to show their true personality and can help teachers in getting to know their new students.,0,Human,20,short,human_vs_ai_sentences,1,0.5574963543695357
"First of all,their are many reasons popular votes are way more usefull and fair then the Electoral College, say one canidate gets 80 percent of the U.S votes but the other candiate wins because of Electoral College vote it just makes no sense.",0,Human,43,medium,human_vs_ai_sentences,0,0.17428241086052568
"With the advent of smartphones and other digital devices, employees are expected to be available 24/7, which means they are unable to switch off from work even during their leisure time.",1,AI,31,medium,human_vs_ai_sentences,1,0.9016352348774679
"They will become more motivated, learn more about the subject they are interested in, and learn valuable life lessons.",0,Human,19,short,human_vs_ai_sentences,1,0.8307535330892324
"Although some may disagree, summer projects should be designed by the students.",0,Human,12,short,human_vs_ai_sentences,0,0.14361009382316423
Have fun in school because if the Oder students have fun in sports let the Oder students have fun in school because some students love school.,0,Human,26,short,human_vs_ai_sentences,0,0.03367592583217327
"Ultimately, knowledge is an incredibly powerful tool that can be used in many different ways to create real things, generate financial success, and increase power.",1,AI,25,short,human_vs_ai_sentences,1,0.9537712962197727
Overall this makes it very attractive option when deciding what field should one invest into when considering longer term goals or immediate needs helping set foundation upon which – given enough dedication effort –,1,AI,34,medium,human_vs_ai_sentences,0,0.4930114350898096
"Bob Dole was right when he said ""Abolish the Electoral College.""

Sincerely,

John Smith",0,Human,14,short,human_vs_ai_sentences,0,0.19011964191668734
"Health care is important, but it's not as important as it used to be.",1,AI,14,short,human_vs_ai_sentences,1,0.9791848340092197
"Secondly, a free university education would have numerous economic benefits.",1,AI,10,very_short,human_vs_ai_sentences,1,0.5366169264696422
Modern Corporate Mergers: An Analysis of the Pros and Cons.,1,AI,10,very_short,human_vs_ai_sentences,0,0.16738321827423233
"this could lead to emotional distress, sadness or even depression which has a possibility to lead to self abuse like cutting, drug intake, or alcohol abuse.",0,Human,26,short,human_vs_ai_sentences,0,0.41143028078949745
"They may say that they need a car to get to work, school, or the store.",1,AI,16,short,human_vs_ai_sentences,0,0.12271298358759218
We should do our best to help those kids.,0,Human,9,very_short,human_vs_ai_sentences,0,0.04589187399985355
"Cars are expensive to buy, operate, and maintain.",1,AI,8,very_short,human_vs_ai_sentences,1,0.7490771868838575
This can create an uneven playing field and disadvantage students from lower-income families.,1,AI,13,short,human_vs_ai_sentences,1,0.5734839264364276
"Thus, students would have a more positive attitude during class, would work harder, and obtain better grades.",0,Human,17,short,human_vs_ai_sentences,0,0.16492521390915568
It's also really fun when you catch something!,1,AI,8,very_short,human_vs_ai_sentences,1,0.5722876159242738
"If these irresponsible students did not care about getting their work done when they had to go to school, then why would they care about it when they can stay home and enjoy other things?",0,Human,35,medium,human_vs_ai_sentences,0,0.22783449782018375
People would complete more work doing something they like.,0,Human,9,very_short,human_vs_ai_sentences,0,0.030751724700151903
Hi fellow citizes!,1,AI,3,very_short,human_vs_ai_sentences,1,0.7481629122871195
"🏈🎾

So, you know how sometimes you just wanna join a sports team or club, but you can't because you don't have the grades?",1,AI,24,short,human_vs_ai_sentences,0,0.24715647103620095
"Thank you For your Time,

Sincerely STUDENT_NAME",0,Human,7,very_short,human_vs_ai_sentences,0,0.21300666298082274
Another benefit of group projects is that they can help students produce better results.,1,AI,14,short,human_vs_ai_sentences,0,0.3436521356983541
Yes that's right they do have to make it to the candidate first they just can't walk up there first you got to be president by the pesident frist if you not by him or here then you messe dup for goood its not working out like that at all.,0,Human,50,medium,human_vs_ai_sentences,0,0.028115937232685767
"Sure, here's my attempt at writing an essay responding to the prompt as an average 8th grade student:

Determine Never to be Idle: Agree or Disagree?",1,AI,26,short,human_vs_ai_sentences,1,0.8761000467934233
"In the current times, as soon as something had happened that would make a candidate look bad, it would not be very long before such news would be on T.V., social media Facebook, Twitter, etc.,and on the radio.",0,Human,38,medium,human_vs_ai_sentences,0,0.3181451884989431
"In addition, changing a negative first impression can also be impacted by the person's own behavior and actions.",1,AI,18,short,human_vs_ai_sentences,1,0.9844990257348996
We don't need that kind of thing in our communities.,1,AI,10,very_short,human_vs_ai_sentences,0,0.1566301636007521
Trying something beyond what we have already done can have a profound impact on our lives.,1,AI,16,short,human_vs_ai_sentences,1,0.9035847850742919
This can be especially helpful for students who struggle with certain subjects or who need extra support to complete their work.,1,AI,21,short,human_vs_ai_sentences,1,0.933358343076284
"If you're working full time, you should be able to afford a decent standard of living.",1,AI,16,short,human_vs_ai_sentences,0,0.337093537596875
"This allows for a clear winner to be determined in a timely manner, preventing prolonged election processes and potential challenges to the results.",1,AI,23,short,human_vs_ai_sentences,1,0.9755138973312305
Finding ways to reduce the number of cars on roads could help alleviate congestion headaches for commuters and yield economic benefits through increased efficiency.,1,AI,24,short,human_vs_ai_sentences,1,0.7768965858890363
"And also, texting while driving is illegal in many states.",0,Human,10,very_short,human_vs_ai_sentences,0,0.10476402005066407
"Ugh, do I really have to do this?",1,AI,8,very_short,human_vs_ai_sentences,0,0.264412687508133
"Having a teacher planned project can be very beneficial because students more times than not, when doing something they don't like, they end up getting offtask or going the easy way out.",0,Human,32,medium,human_vs_ai_sentences,0,0.06666685679437737
"The face is a natural landform because, before it was a face NASA captioned it as a ""Huge rock formation"".",0,Human,20,short,human_vs_ai_sentences,0,0.054040314924351386
"January 26, 2011

Dear Principal TEACHER_NAME,

I believe that students should be required to do community service.",0,Human,17,short,human_vs_ai_sentences,0,0.045768995469194475
"In Bogota,Colmbia, Car-Free day is spinning into a big hit.",0,Human,10,very_short,human_vs_ai_sentences,0,0.02089258468811368
I think we need to make more of an effort to put down our phones and interact with people in person.,1,AI,21,short,human_vs_ai_sentences,0,0.395590498822753
"Luke always wanted to ride waves because it opended up the world for him he said im grateful for the opportunitys, before luke and his family host a number of international students and exchange visitors for lots of years he said I found time to have fun on board the cowboys played table-tennis, fencing, boxing, reading, and whittling.",0,Human,58,medium,human_vs_ai_sentences,0,0.0765608248444294
"Pretty much all they can do is go home,eat dinner,shower, and go to sleep for the next day.",0,Human,18,short,human_vs_ai_sentences,0,0.0319809338815197
Hey there!,1,AI,2,very_short,human_vs_ai_sentences,1,0.972854871421008
"Homeschoolers don't need to worry about keeping up with rigid timelines; instead, these students get the freedom to design their own learning schedule which provides them with plenty of opportunities for exploration within specific subjects or even across multiple disciplines simultaneously - something that's simply not feasible under classic schooling structures due article testing requirements.",1,AI,55,medium,human_vs_ai_sentences,1,0.5039806019563429
"Maybe we could have a range of GPA requirements for different activities, with higher grades required for sports and other competitive activities and lower grades required for clubs and other non-competitive activities.",1,AI,32,medium,human_vs_ai_sentences,1,0.6521059987481526
Venus has the hottest surface temeperature of any planet.,0,Human,9,very_short,human_vs_ai_sentences,0,0.010676721847261088
"Like, they've spent years studying and learning about their field, so they know all the ins and outs and can give you super valuable advice.",1,AI,25,short,human_vs_ai_sentences,1,0.6415905160815252
Hey there!,1,AI,2,very_short,human_vs_ai_sentences,1,0.972854871421008
Those who give up in the face of failure are less likely to achieve their goals than those who keep going.,1,AI,21,short,human_vs_ai_sentences,1,0.8193923576307609
We often view failure as a negative experience that hinders our progress and prevents us from achieving our goals.,1,AI,19,short,human_vs_ai_sentences,1,0.9796619413438272
It will help them learn new skills and become more well-rounded individuals.,1,AI,12,short,human_vs_ai_sentences,1,0.9023322899992885
"Long ago, Venus was probably covered largely with oceans and could have supported various forms of life, just like Earth.",0,Human,20,short,human_vs_ai_sentences,0,0.0130638639715404
"It may be expensive, but imagine the new technology",0,Human,9,very_short,human_vs_ai_sentences,0,0.27514354877750347
Students would benefit from being able to do this.,0,Human,9,very_short,human_vs_ai_sentences,0,0.020825095790183785
"As the storm passes, there is always something special about admiring how everything looks afterwards - freshly washed trees drip with glistening water droplets; vibrant flowers have been resurrected as they are revealed in their lush hue; quiet serenity blankets the area where destruction had just taken place minutes before.",1,AI,50,medium,human_vs_ai_sentences,0,0.20359499452985716
💪🌟🌱,1,AI,1,very_short,human_vs_ai_sentences,1,0.7265725450674806
"This means making public transportation more affordable, reliable, and convenient.",1,AI,10,very_short,human_vs_ai_sentences,1,0.9793154652500858
It is important for all,1,AI,5,very_short,human_vs_ai_sentences,1,0.9907089302462346
"Independent travelers also have to worry about their own safety and security, and they may not have access to the same level of support or assistance as those who are traveling with a group.",1,AI,34,medium,human_vs_ai_sentences,1,0.931544960443492
"With all the examples and reasons as to why it would be more beneficial to attend classes at public schools, taking classes at home wouldn't be beneficial and even though it could possibly decrease the chances of common mental problems like depression and suicide,it could go both ways.",0,Human,48,medium,human_vs_ai_sentences,0,0.16953979379556006
"One of them is the ""Traffic Jam Assistant"".",0,Human,8,very_short,human_vs_ai_sentences,0,0.01253495602209525
"I try my very hardest in it thought and I end up getting a low or high B, I really do try for an A.",0,Human,25,short,human_vs_ai_sentences,0,0.05641686158551092
"By having a tour guide, travelers can get a deeper understanding of the places they visit, which can enhance the overall experience.",1,AI,22,short,human_vs_ai_sentences,1,0.9449528595440634
Venus was touched down by spaceships more than three decades.,0,Human,10,very_short,human_vs_ai_sentences,0,0.014472329610073581
"So, yeah.",1,AI,2,very_short,human_vs_ai_sentences,1,0.864198401286837
I know that there is more kids out there that want to participate and fell the same why I do.,0,Human,20,short,human_vs_ai_sentences,0,0.15783828699741279
"Also, if we want to play sports in collage we have to have good grades.",1,AI,15,short,human_vs_ai_sentences,0,0.11938872043031258
"For example, someone with a PMA might look at a job loss as a chance to find a new job in an even better field.",1,AI,25,short,human_vs_ai_sentences,0,0.15317824359718551
Maybe if we study Venus you could find fossils or things that were left there.,0,Human,15,short,human_vs_ai_sentences,0,0.030450673944277196
Some people do Imagine things but why?,0,Human,7,very_short,human_vs_ai_sentences,0,0.129637235102258
"This is unacceptable, and it needs to be changed.",1,AI,9,very_short,human_vs_ai_sentences,1,0.825173071506817
Many distractions pile up when a person tries to juggle phone use and driving simultaneously.,1,AI,15,short,human_vs_ai_sentences,0,0.1781684601922455
One advantage of limiting car usage is the reduction in greenhouse gas emissions.,1,AI,13,short,human_vs_ai_sentences,1,0.7605289853020096
So get out there – because nothing beats adventure than hitting the open trail!,1,AI,14,short,human_vs_ai_sentences,0,0.2920115004908204
They let things go by easy and don`t care about the samll things that won`t affect them.,0,Human,17,short,human_vs_ai_sentences,0,0.14694379785328163
It should strive to reduce waste and promote energy efficiency.,1,AI,10,very_short,human_vs_ai_sentences,1,0.6464520924196475
Groups are often cheaper than individual travel.,1,AI,7,very_short,human_vs_ai_sentences,0,0.3085980554488343
I agree with making students participate in extracurricular activities because they can better prepare you for the future and be ahead of everyone else.,0,Human,24,short,human_vs_ai_sentences,0,0.2708075757532484
I believe that automobiles are a detriment to our society and we should pay attention to how much we use them.,0,Human,21,short,human_vs_ai_sentences,0,0.3785078562323403
"This results in 70 percent of Vauban's families do not own cars, and 57 percent sold their car to move there.(source 1)

After a number of day of pollution, Paris enforced a partial driving ban to clear the air of the global city.",0,Human,43,medium,human_vs_ai_sentences,0,0.19230291058339907
That day taught me that more then one view on a subject doesnt hurt.,0,Human,14,short,human_vs_ai_sentences,0,0.2227456622536196
"In my experience, which isn't much i'd say no texting and driving.",0,Human,12,short,human_vs_ai_sentences,0,0.09153421826908197
"The process consists of selecting the electors, and the meeting of the electors where they vote for our President and Vice President.",0,Human,22,short,human_vs_ai_sentences,0,0.07539083803019916
This avoids the complications and uncertainties that can arise from run-off elections and provides a more efficient and straightforward process for determining the President.,1,AI,24,short,human_vs_ai_sentences,1,0.9110760836760511
"See, when you don't follow curfew, it can lead to, like, really bad stuff happening.",1,AI,15,short,human_vs_ai_sentences,1,0.9319586665875016
I'm sure that's not what kids think about during their summer break.,0,Human,12,short,human_vs_ai_sentences,0,0.20626422047261025
"And as I mentioned as well, there are a lot of schools that may offer the same class with better flexibility than the school you want to go for that class.",0,Human,31,medium,human_vs_ai_sentences,0,0.02921666288342049
"Diesels make up 67 precent of vehicles in france, compared to 53.3 precent average of diesel engines in the rest of Western Europe, According to Reuters.(Robert Duffer)

In BOGOTA, Colombia a program that's ste to spread to other countries, millions of Colombians hiked, biked, skated or took buses to work during a car-free day.",0,Human,54,medium,human_vs_ai_sentences,0,0.24181828602823754
Sustainable development seeks to balance immediate needs with future ones by focusing on resource efficiency and conservation while encouraging environmentally friendly practices such as renewable energy sources like solar or wind power instead of fossil fuels.,1,AI,36,medium,human_vs_ai_sentences,1,0.9752726607568681
"It's like, super powerful.",1,AI,4,very_short,human_vs_ai_sentences,1,0.9928972155116824
"With online classes, students can learn at their own pace and on their own schedule.",1,AI,15,short,human_vs_ai_sentences,1,0.6972051532800575
"I mean, think about it.",1,AI,5,very_short,human_vs_ai_sentences,1,0.9026350563737956
"In the second paragraph, The writer claims that Venus is referred to as Earth's ""twin''.",0,Human,15,short,human_vs_ai_sentences,0,0.03149650196370583
"I have found that the role requires excellent communication skills, the ability to work well in a team, and a strong understanding of marketing strategies.",1,AI,25,short,human_vs_ai_sentences,1,0.8619447899350083
"But, have you ever thought about how technology can affect our health?",1,AI,12,short,human_vs_ai_sentences,1,0.6607871071868398
"Posner, the winner-take-all basis of most states' allocation of electoral votes leads to landslide victories for the winning candidate, thereby reducing the likelihood of a tie in the nationwide electoral vote.",1,AI,31,medium,human_vs_ai_sentences,0,0.36182759281047405
Including the fact that 94 percent of drivers would support the ban to stop driving while texting and 74 percent support an ban on hand-held cell phone usage.,0,Human,28,short,human_vs_ai_sentences,0,0.06499753980293575
"To begin with, the expenses of a car can be very high and very low, depending on where you stand on it.",0,Human,22,short,human_vs_ai_sentences,0,0.0875974175307774
In this program it is quite obvious that it was just a day of no car usage at all.,0,Human,19,short,human_vs_ai_sentences,0,0.05368169374019092
"For example, the first sentence could be revised to ""It's not fair to punish people for smoking marijuana, as it's not harming anyone else."" Additionally, some of the transitions between paragraphs could be smoother, and the writer could have used more specific examples to support their points.",1,AI,47,medium,human_vs_ai_sentences,1,0.9826401498369891
thank you for taking the time to read this.,0,Human,9,very_short,human_vs_ai_sentences,0,0.19079514248333404
"In today's fast-paced world, technology has become an integral part of our lives.",1,AI,13,short,human_vs_ai_sentences,1,0.9519320230983751
It makes the method of choosing a president easier too.,0,Human,10,very_short,human_vs_ai_sentences,0,0.18162681804389794
"Ultimately, it is up to the individual to decide which approach is best suited to their current situation, but both being productive and being idle can lead to personal growth and success.",1,AI,32,medium,human_vs_ai_sentences,1,0.9508043891843752
"For example, if we have a positive first impression of a particular type of food, we may be more likely to try other foods of that type, even if we may not like them.",1,AI,34,medium,human_vs_ai_sentences,1,0.9951711047514863
"For example, the series of charmed.",0,Human,6,very_short,human_vs_ai_sentences,1,0.6631530942410276
"This requirement compels presidential candidates to have trans-regional appeal, campaigning across various states and engaging with diverse constituencies.",1,AI,18,short,human_vs_ai_sentences,1,0.7068698802865513
"The teachers have less of a work load to complete, giving them more of a break during summer beacuse they will not have to create the project and focus on making sure the students understand the prompt.",0,Human,37,medium,human_vs_ai_sentences,0,0.07216590975904881
"This is because when working in a group, people can quickly build on ideas, use group synergies, and leverage the resources of every individual.",1,AI,24,short,human_vs_ai_sentences,1,0.780779376313826
"Like, you have to learn how to communicate with each other, and how to work together towards a common goal.",1,AI,20,short,human_vs_ai_sentences,1,0.9928652105224403
"Moreover, experiencing a place firsthand can be a powerful educational tool, as it enables people to see and learn about things that cannot be conveyed through a screen.",1,AI,28,short,human_vs_ai_sentences,1,0.9806010822406238
One thing that really gets to me is how technology can lead to a lack of social skills.,1,AI,18,short,human_vs_ai_sentences,1,0.7706682741023752
Are they sighing?,0,Human,3,very_short,human_vs_ai_sentences,0,0.03922550834980861
"Students are able to explore content outside of their required courses, like music, theatre, and a variety of other electives, allowing them to expand their knowledge and foster meaningful relationships with their peers and teachers.",1,AI,35,medium,human_vs_ai_sentences,1,0.9825081464902441
"Venus might be the second to the sun but mercury is closer to our sun and venus has the hottest surface temperature of any planet in our solar system, but merury is closer to the sun.",0,Human,36,medium,human_vs_ai_sentences,0,0.12270868616204804
"Sincerely,

[Your Name]",1,AI,3,very_short,human_vs_ai_sentences,1,0.9664565597621871
"Businessman Carlos Arturo Plaaza stated that ""Its a good opportunuity to take away stress & lower air pollution"" which i highly agree with.",0,Human,23,short,human_vs_ai_sentences,0,0.12538847612395643
That's my essay!,1,AI,3,very_short,human_vs_ai_sentences,1,0.978844819245404
This is because driving is a task that requires a lot of focus and a cell phone is very distracting.,0,Human,20,short,human_vs_ai_sentences,0,0.04327751657861651
It can push us to work harder and strive for success in order to prove ourselves and overcome our failures.,1,AI,20,short,human_vs_ai_sentences,1,0.9695562286446393
"But then theres advantages "" The Electoral College is widely regareded as an anachronish, a non-democratic method of selecting a president that ought to be by declaring the candidate who receives the most popular votes the winner.",0,Human,37,medium,human_vs_ai_sentences,0,0.2849323213603498
"By limiting car usage,citizens are more inspired to excersize making them happier and healthier.",0,Human,14,short,human_vs_ai_sentences,1,0.6635704548276319
During interviews: practice makes perfect!,1,AI,5,very_short,human_vs_ai_sentences,1,0.8435145867676017
"It is cruel, unnecessary, and often ineffective.",1,AI,7,very_short,human_vs_ai_sentences,1,0.7606036930764845
"As time goes on, awareness of greenhouse gases and carbon emissions increases, and more and more things are done in order to stop the diminishing of our environment.",0,Human,28,short,human_vs_ai_sentences,1,0.7561715978752144
"The Importance of Keeping the Electoral College

Dear [State Senator’s Name],

I am writing to express my support for the continuation of the Electoral College in the United States presidential elections.",1,AI,31,medium,human_vs_ai_sentences,1,0.9587102537044113
"I know teachers will think this is fine, but no some of us need to study for tests.",0,Human,18,short,human_vs_ai_sentences,0,0.06957666944118265
Technology is constantly changing.,1,AI,4,very_short,human_vs_ai_sentences,0,0.3923867463887141
"In conclusion, I believe that there should be stricter gun control laws because it will help reduce the number of gun-related deaths and injuries, prevent accidental shootings, and prevent mass shootings.",1,AI,31,medium,human_vs_ai_sentences,1,0.8935476309185479
"Furthermore, the extra year provides an opportunity to gain a better understanding of career pathways and build connections with professionals in the field.",1,AI,23,short,human_vs_ai_sentences,1,0.9683195208171194
"Therefore, I support the development of driverless cars.",1,AI,8,very_short,human_vs_ai_sentences,0,0.3928753859990426
"While on the other hand, when they are walking they feel happy because they don't worry about someone hitting them, plus when they walk they enjoy the beauty of nature.",0,Human,30,short,human_vs_ai_sentences,1,0.7249662989244966
Allowing kids to have phones in school gives them that power.,0,Human,11,short,human_vs_ai_sentences,0,0.06324331641205184
Hopefully they will see this soon enough!!!,0,Human,7,very_short,human_vs_ai_sentences,0,0.07862169870724789
There are a few things to unpack in this prompt.,1,AI,10,very_short,human_vs_ai_sentences,1,0.8333547639475297
"Also, homework is stressful.",1,AI,4,very_short,human_vs_ai_sentences,1,0.6384813528277167
"By transitioning to more sustainable modes of transportation, such as walking, biking, and public transit, individuals can significantly decrease their carbon footprint and contribute to global efforts to mitigate climate change.",1,AI,31,medium,human_vs_ai_sentences,1,0.988142146790091
"""Resources show that according to The National Safety Council that 1.2 million car crashes in 2013 involved drivers talking on the phone and at least 341,000 involved in text messaging."" Also talking on the phone while driving is becoming more and more life threatening when multitasking behind the wheel of an operated vehicle.",0,Human,53,medium,human_vs_ai_sentences,0,0.15214098959894914
"In conclusion, this is not a good decision the principal has made.",0,Human,12,short,human_vs_ai_sentences,0,0.23029102577318006
"Maybe it was a mistake, but I hardly doubt it.",0,Human,10,very_short,human_vs_ai_sentences,0,0.1500568321746263
"This focus on swing states ensures that candidates address the concerns and needs of a diverse range of voters, rather than solely catering to regions that are already in their favor.",1,AI,31,medium,human_vs_ai_sentences,1,0.947466331641132
"Like, my grandma's always saying, ""Treat others the way you want to be treated, and you'll never go wrong."" And she's like, a million years old, but she's got some serious wisdom.",1,AI,32,medium,human_vs_ai_sentences,1,0.5670938423166813
It wasn't the best.,0,Human,4,very_short,human_vs_ai_sentences,0,0.20172054370716724
"CELL PHONE USAGE POLICY PAPER

I believe policy number one is better.",0,Human,12,short,human_vs_ai_sentences,0,0.0535831479719832
Money is also a huge factor here.,0,Human,7,very_short,human_vs_ai_sentences,0,0.0876487174904273
"Additionally, independent travelers often have more flexibility in terms of their schedule and can change their plans on a moment's notice if they hear about something interesting that they want to check out.",1,AI,33,medium,human_vs_ai_sentences,1,0.8602543045886385
"Let us examine these questions and see if we can come up with an answer to the question, 'Is education a good thing or a bad thing?'

Is Education a Good Thing?",1,AI,32,medium,human_vs_ai_sentences,0,0.24164741099129858
They are worried about havng fun outside of school.,0,Human,9,very_short,human_vs_ai_sentences,0,0.07970316437749854
"We could give away toys, clothes, and anything else we don't want, don't need, or could be helpful to someone else.",0,Human,21,short,human_vs_ai_sentences,0,0.40512656899544625
"For instance, the laws of physics can be used to predict the motion of planets and other celestial bodies.",1,AI,19,short,human_vs_ai_sentences,1,0.5026687023729991
The Electoral College is also undemocratic.,1,AI,6,very_short,human_vs_ai_sentences,1,0.7294731628322603
The usage of cxars are very dependant on people and if we made a change people will be happier in life because they'll have more to recieve.,0,Human,27,short,human_vs_ai_sentences,0,0.0059454186139316035
When I got to work the next day so many poepel were talking about it and were on my side of the arguement.,0,Human,23,short,human_vs_ai_sentences,0,0.04522669310695906
"Kids get tthe opportunity to make friends, play fun sports and help the school.",0,Human,14,short,human_vs_ai_sentences,0,0.02387528722925656
"In conclusion, there are many advantages to limiting car usage.",1,AI,10,very_short,human_vs_ai_sentences,1,0.8147952008960034
"This new technology was developed by proffessor Nicu Sebe, proffessor Thomas Huang and Dr. Paul Eckman.",0,Human,16,short,human_vs_ai_sentences,0,0.05714654563337326
Broad knowledge of many academic subjects is better than specializing in one specific subject.,1,AI,14,short,human_vs_ai_sentences,1,0.666150959739916
"No principal would want their students to feel sad,right.",0,Human,9,very_short,human_vs_ai_sentences,0,0.05002756171251311
and the Senate choose the winners.,0,Human,6,very_short,human_vs_ai_sentences,0,0.4991244338625699
"However, over the past few year, car usage has been decreasing steadily in countries around the world.",0,Human,17,short,human_vs_ai_sentences,1,0.6942279955610854
The candidate who wins a state with a small population can receive the same number of electoral votes as the candidate who wins a state with a large population.,1,AI,29,short,human_vs_ai_sentences,1,0.9399917371434491
"While some advertisements are honest and accurate, many are not.",1,AI,10,very_short,human_vs_ai_sentences,1,0.8005513942963699
"Voters can't neccessarily control who their electors vote for, you may vote for a certain slate of electors but they may still go ahead and vote for someone else.",0,Human,29,short,human_vs_ai_sentences,0,0.20009760818194455
"However, there are also drawbacks to providing fewer school days.",1,AI,10,very_short,human_vs_ai_sentences,1,0.9530837245121394
"After reading this you may still think ""Why is this important?"".",0,Human,11,short,human_vs_ai_sentences,1,0.701813640818383
"And that's totally fine, I guess.",1,AI,6,very_short,human_vs_ai_sentences,1,0.8921103457501334
Please let me know if you have any other questions.,1,AI,10,very_short,human_vs_ai_sentences,1,0.968677773376923
A plant based diet encompasses both vegan and vegetarian styles of eating but also includes other sources of nutrition such as small amounts of seafood or occasional dairy items depending on individual preference/needs.,1,AI,33,medium,human_vs_ai_sentences,1,0.72657077411107
If you ask multiple people on a choice you need to make and majority of the people say you shouldn't make that choice and barley any people say you should what would you do?,0,Human,34,medium,human_vs_ai_sentences,0,0.006688500393744562
"First, cancer patients have a right to know their diagnosis.",1,AI,10,very_short,human_vs_ai_sentences,0,0.2944380221900177
Of course no trip would be complete without taking time out explore some city life too so consider taking time visit London's many landmarks like Tower Bridge Westminster Abbey Buckingham Palace plus shopping district Oxford Street Harrods department store etc.,1,AI,40,medium,human_vs_ai_sentences,0,0.34900789117046727
"posner qoutes that ""When you vote for a presidential canidate you're actaully voting for a slate of electors"" (source 3).",0,Human,20,short,human_vs_ai_sentences,0,0.06045788453798353
"Extracurricular activities also can help you get ready to do sol's that may, or may not be coming up for you soon Extracurricular activities can make sure you get all you need to get ready for that

A+ you want.",0,Human,40,medium,human_vs_ai_sentences,0,0.36254991236666684
What is Venus?,0,Human,3,very_short,human_vs_ai_sentences,0,0.0017947677625461593
"Generic_Name is an intelligent girl who really enjoys learning, however, going to school is not something she looks forward to.",0,Human,20,short,human_vs_ai_sentences,0,0.027717095214647446
Another example of the importance of failure comes from my friend's experience starting a business.,1,AI,15,short,human_vs_ai_sentences,1,0.8868812828789989
I hope you deeply consider it.,0,Human,6,very_short,human_vs_ai_sentences,1,0.7259660638540951
"And let's be real, who needs that?",1,AI,7,very_short,human_vs_ai_sentences,1,0.9181455266372179
"Some people prefer to learn through hands-on activities, while others prefer to learn through lectures and discussions.",1,AI,17,short,human_vs_ai_sentences,1,0.8823334374605987
Driving such as drunk driving have been compared to distracted driving and drunk driving has even been proven to be less dangerous in some ways than distracted driving.,0,Human,28,short,human_vs_ai_sentences,0,0.4953722800958859
This is my argument of the story.,0,Human,7,very_short,human_vs_ai_sentences,1,0.6794680320229185
"I like to make other people work hard to, not just me, because if we all work hard we are all going to be successful in this job, I'm not trying to be successful by myself, I like to see more people success in life.",0,Human,45,medium,human_vs_ai_sentences,1,0.7061971006057097
"Because his project was a self designed essay based on his passion, he was motivated to accomplish it on time and even ended up reading the essay in front of his coach on live television.",0,Human,35,medium,human_vs_ai_sentences,1,0.7182303675715038
"The problem with teacher-based or a curriculum-style learning is that the student may feel overwhelmed by the speed of the course of the assignment and simply not do it, while the student-paced learning allows for mistakes to be made in order for growth over long breaks.",0,Human,46,medium,human_vs_ai_sentences,0,0.4021587589873146
"Thousands of anxious web surfers were waiting when the image first appeared on a JPL web site, revealing a natural landform.",0,Human,21,short,human_vs_ai_sentences,0,0.07731350604103689
One reason why this system is great is it can show you exactly what emotions someone has.,0,Human,17,short,human_vs_ai_sentences,0,0.08551450275410659
"Overall the crashes every year because of cell phones are 1.6 millions with 330,000 million injured in them.",0,Human,18,short,human_vs_ai_sentences,0,0.012937113061640278
Talking openly about concerns or worries with friends or family members allows one frees up mental space while expanding support networks – both being essential components needed if success amidst adversity needs achieving within universities today!.,1,AI,36,medium,human_vs_ai_sentences,1,0.9009623666642427
"Instead, Einstein relied on his imagination and ability to think outside the box.",1,AI,13,short,human_vs_ai_sentences,1,0.8761305824804829
"In my opinion, I believe that famous people should be given more privacy as they are often subject to unfair treatment by the media.",1,AI,24,short,human_vs_ai_sentences,1,0.8951106183597035
He also took risks in his personal life.,1,AI,8,very_short,human_vs_ai_sentences,0,0.3314690285406009
Many people may have a cellphone and will need them for various things.,0,Human,13,short,human_vs_ai_sentences,0,0.15536965330596894
"Nowadays, we can communicate with anyone in the world instantly through social media, email, or video calls.",1,AI,17,short,human_vs_ai_sentences,1,0.6126222897468594
Maybe the technology will glitch and cause error.,0,Human,8,very_short,human_vs_ai_sentences,0,0.10690418278746967
"At larger scales, this type of data collection helps create predictive models that allow coaches anticipate opponent behaviors before games even start; enabling teams the opportunity for greater strategic advantages than ever before thought possible through traditional methods alone.",1,AI,39,medium,human_vs_ai_sentences,1,0.7179744357861318
In mt opinion people should accomplish what they want in life.,0,Human,11,short,human_vs_ai_sentences,0,0.012652184881806059
"Scientists such as Albert Einstein, Isaac Newton, and Galileo Galilei were idealists who pursued their ideas even when they seemed impossible or impractical.",1,AI,23,short,human_vs_ai_sentences,1,0.5753541010704265
"Additionally, state parks usually require lower fees for parking and/or entrance than other types of parks.",1,AI,16,short,human_vs_ai_sentences,1,0.716228951574498
"They're called ""Model Me"" and they're, like, really nice people.",1,AI,10,very_short,human_vs_ai_sentences,1,0.7252653882645816
"Therefore, Mister Sentor, I agree in keeping the Electoral Vote because of it's reasonable factors that can help the president win.",0,Human,21,short,human_vs_ai_sentences,0,0.47560892780573255
"This is great for students, which is why it is the first reason as to why teachers should design the summer projects rather than students design them.",0,Human,27,short,human_vs_ai_sentences,0,0.07628870765952453
"In conclusion, the use of animals in scientific research should be prohibited due to the harm that it causes to animals, the availability of alternatives, and the moral considerations involved.",1,AI,30,short,human_vs_ai_sentences,1,0.9175363254426953
"Fourth, animals are a source of entertainment for humans.",1,AI,9,very_short,human_vs_ai_sentences,1,0.7625728752202486
Stalls had be cleaned.,0,Human,4,very_short,human_vs_ai_sentences,0,0.12889534504040712
Seeking advice is a common thing.,0,Human,6,very_short,human_vs_ai_sentences,0,0.0462848582998079
"Hey there, it's me, an average 8th grade student!",1,AI,9,very_short,human_vs_ai_sentences,1,0.9458442596645824
"At the same time, this does not mean that it is impossible to do something meaningful alone.",1,AI,17,short,human_vs_ai_sentences,1,0.7888251237085993
"But like, you get what I mean, right?",1,AI,8,very_short,human_vs_ai_sentences,1,0.7366920010550676
"This way, parents can keep track of how their kids are doing in school and make sure they're not falling behind.",1,AI,21,short,human_vs_ai_sentences,1,0.6702558711360005
"The negative impact could be that someone is ""feeding you some unhelpful information"" so it could mess up you hole life up.",0,Human,22,short,human_vs_ai_sentences,0,0.055095497936520396
you have so many disitions to choose from all you need to do is get out of your comfort zone and try something new.,0,Human,24,short,human_vs_ai_sentences,0,0.07845071938402051
i have a little talent of srawing but im not the best.,0,Human,12,short,human_vs_ai_sentences,0,0.07691555332426966
"While young people may have more energy and freedom, older people often have a greater appreciation for the little things in life.",1,AI,22,short,human_vs_ai_sentences,1,0.8774318322173643
So personally I would not want to have this at my school.,0,Human,12,short,human_vs_ai_sentences,0,0.01505887160327278
"For example, many careers require a certain level of education, and without a high school diploma or higher education degree, it can be challenging to secure a job in that field.",1,AI,31,medium,human_vs_ai_sentences,1,0.972526832946686
I will also went to see the blossom trees.,0,Human,9,very_short,human_vs_ai_sentences,0,0.12269163422657858
Competition can also help children learn how to think critically.,1,AI,10,very_short,human_vs_ai_sentences,1,0.7452028057259685
"The culture of Generic_City, France is incredibly diverse and vibrant.",1,AI,10,very_short,human_vs_ai_sentences,1,0.5393310625901854
"Also, you can hold the students accountable, because if they put their names on the survey, and they said yes, and then get in trouble, you could add on more consequences because they bribed you into getting something that they wanted.",0,Human,41,medium,human_vs_ai_sentences,0,0.09211283906369643
That is why I think that each school should have kids doing at least one school activity.,0,Human,17,short,human_vs_ai_sentences,0,0.008998832846782646
"States get a number of electoral voters and depending on the size of the state depends how many voters that state gets, bigger states get more electoral voters and smaller states for example Rhode Island get less.",0,Human,37,medium,human_vs_ai_sentences,1,0.7712295699154217
Teachers can have a hard time telling if their students are ingaged and focused.,0,Human,14,short,human_vs_ai_sentences,0,0.2216496758232981
"As technology continues to advance, we can only imagine",1,AI,9,very_short,human_vs_ai_sentences,0,0.3826205264840144
"Additionally, you can further your knowledge by researching how scenery plays into the overall layout design of a model train set – whether it’s mountains being formed from foam board or trees made out of wood sticks – these techniques add realism to your setup.",1,AI,45,medium,human_vs_ai_sentences,0,0.3872160800191915
"Finally, limiting car usage can create a more sustainable future.",1,AI,10,very_short,human_vs_ai_sentences,1,0.9786223368491163
Second it makes you feel good one time I escorted senior citizens to there seats in a theater then took there walkers.,0,Human,22,short,human_vs_ai_sentences,0,0.11714232872330042
"The author then describes technology that would help scientists explore Venus, but it is clear that this tech has not yet been developed.",0,Human,23,short,human_vs_ai_sentences,0,0.03828670860403711
"Additionally, some students may not have access to after-school programs or extracurricular activities due to financial or logistical constraints.",1,AI,19,short,human_vs_ai_sentences,1,0.8180766984948937
That showed to prove that it is anatural landform.,0,Human,9,very_short,human_vs_ai_sentences,0,0.04106763193368065
"In the text it says, "" If our sister planet is so inhospititable, why are scientists even discussing further visits to its surface"" This could possibly mean we could live on Venus someday.",0,Human,33,medium,human_vs_ai_sentences,0,0.0699088536855686
"As a grade 9 student, I do not have a personal opinion or belief on this matter.",1,AI,17,short,human_vs_ai_sentences,0,0.49174307990196764
"It is a distraction, it impairs reaction time, there are safer alternatives, and it sets a bad example for young drivers.",1,AI,21,short,human_vs_ai_sentences,1,0.6029317390061528
"A student who has specialised in one field would have an edge over one who has broad knowledge in multiple fields, since they would be more familiar with the concepts and ideas related to their chosen subject.",1,AI,37,medium,human_vs_ai_sentences,0,0.31561448341431325
"Sincerely,
Your Name",1,AI,3,very_short,human_vs_ai_sentences,1,0.8854358219855647
"For example, while in college, I decided to branch out and try a language class I had never studied before: Japanese.",1,AI,21,short,human_vs_ai_sentences,1,0.6673683788610634
Thank you for your time and consideration.,1,AI,7,very_short,human_vs_ai_sentences,1,0.9049032511736699
"For example, by trying to fit in and act a certain way, we can become afraid of making mistakes; we become so fixated with blending in that we can unwittingly compromise our own character and originality.",1,AI,36,medium,human_vs_ai_sentences,1,0.9923102014009781
"I know, right?!",1,AI,3,very_short,human_vs_ai_sentences,0,0.3941267520175081
It's important that the cast gets to know each other and become friends.,0,Human,13,short,human_vs_ai_sentences,1,0.9520361536858872
This demonstrates that the technology can only dectect a few emotions.,0,Human,11,short,human_vs_ai_sentences,0,0.4754795684391762
Working with partners gets students extra help when in need.,0,Human,10,very_short,human_vs_ai_sentences,0,0.16194473548496613
"Many drivers did not cooperate and approximately 4,000 drivers were fined.",0,Human,11,short,human_vs_ai_sentences,0,0.07378786745679167
"Many minimum wage workers are forced to work multiple jobs just to make ends meet, leaving them with little time to spend with their families or pursue education and training opportunities.",1,AI,31,medium,human_vs_ai_sentences,1,0.7180821024708987
"For one, they are more accurate than traditional dictionaries.",1,AI,9,very_short,human_vs_ai_sentences,1,0.7801007433551814
It's truly amazing what these clubs have to offer.,0,Human,9,very_short,human_vs_ai_sentences,0,0.45638727725891837
This is a very good policy.,0,Human,6,very_short,human_vs_ai_sentences,0,0.08830562169415786
"Some people I know are like that and that really disturbs me, how people live based on what others say or do.",0,Human,22,short,human_vs_ai_sentences,0,0.09149373048435983
Most teens will probably own up to phones while driving.,0,Human,10,very_short,human_vs_ai_sentences,0,0.00444205492473431
"Overall, we can see that Wake Up Lights provide many benefits for those who struggle getting out of bed every morning: not only does it give them peace and relaxation throughout their night but also helps make sure they stay energised throughout the following day itself!",1,AI,46,medium,human_vs_ai_sentences,1,0.8942069327541431
But we haven't found anything like that.,1,AI,7,very_short,human_vs_ai_sentences,0,0.027925851220223875
The interactions between the community are inevitable with so much people walking and being all in one place at one time.,0,Human,21,short,human_vs_ai_sentences,0,0.20450935124165295
Last students could just be hanging out with friends.,0,Human,9,very_short,human_vs_ai_sentences,0,0.009514656995687149
Nasa finally revealed that the picture was a...,0,Human,8,very_short,human_vs_ai_sentences,0,0.05577357307720399
There are many benefits to teaching children to cooperate.,1,AI,9,very_short,human_vs_ai_sentences,1,0.8594284908332411
"And then there are classes that focus on instruments, like music.",1,AI,11,short,human_vs_ai_sentences,1,0.6464814053171624
I don't think working from home is a good idea for school students.,0,Human,13,short,human_vs_ai_sentences,0,0.10395919623688853
In Mars theres all sort of natural landforms created by Mars weather that makes landforms look cool and interesting.,0,Human,19,short,human_vs_ai_sentences,0,0.11691634990710807
Besides in today's world we already have facial recognition on most phones how cool would it be for our pones to tell us what mood we are in and what we should do to make ourselves live a happy life.,0,Human,40,medium,human_vs_ai_sentences,0,0.06586540909770612
"In the article it says ""Venus is the closest planet to Earth in terms of density and size, and occasionally the closest in distance too."" Venus is not that far away but yet there is alot that we do not know about it.",0,Human,43,medium,human_vs_ai_sentences,0,0.019771093696624584
"An anti-aging cream may promise to make you look 10 years younger, but it may also contain harmful chemicals that can damage your skin in the long run.",1,AI,28,short,human_vs_ai_sentences,0,0.42372501532911755
"""So computers need to understand that,too.""",0,Human,6,very_short,human_vs_ai_sentences,0,0.21092148281269474
"However, they don't know,because they aren't the students and have no experience being a student completing the assignment.",0,Human,18,short,human_vs_ai_sentences,0,0.05244548408413779
"In addition, most students would not have that sixty minutes of exercise recommended.",0,Human,13,short,human_vs_ai_sentences,0,0.02167819524611817
"A summer project in which the students are designing and planning does not insure they will continue to learn during their break, but instead assures teachers that students will attempt to make it as non complex and superficial for themselves as possible.",0,Human,42,medium,human_vs_ai_sentences,0,0.08011133710266054
"If you love that sport or that instrument, pursue it!",0,Human,10,very_short,human_vs_ai_sentences,1,0.735625742723664
And it's not just about feeling good either.,1,AI,8,very_short,human_vs_ai_sentences,1,0.900493880501854
With popular vote it is not certain what can happen.,0,Human,10,very_short,human_vs_ai_sentences,0,0.4080642507550756
They were really cool about it.,1,AI,6,very_short,human_vs_ai_sentences,0,0.44406251448018075
We can also make public transit more affordable and convenient.,1,AI,10,very_short,human_vs_ai_sentences,1,0.928486830624224
My opinion on this artical is that this technology is useless and awaste of time.,0,Human,15,short,human_vs_ai_sentences,0,0.13538735854366202
As stated by Judge Richard A.,1,AI,6,very_short,human_vs_ai_sentences,1,0.7384184495132956
"By working together, students can achieve more than they could alone, and develop important social skills that will serve them well in the future.",1,AI,24,short,human_vs_ai_sentences,1,0.8584083657174917
"😔 So, it's important to be understanding and supportive of people who are going through tough times, instead of judging them or being a bad influence on them.",1,AI,28,short,human_vs_ai_sentences,1,0.9991604103374652
"Much of what important knowledge and important accomplishments that have been done since this day, have been achieved through the collection of information and opinions.",0,Human,25,short,human_vs_ai_sentences,1,0.647921858858326
It would be fun and be for a good cause.,0,Human,10,very_short,human_vs_ai_sentences,0,0.10738646544296823
"Third, the Electoral College is unnecessary.",1,AI,6,very_short,human_vs_ai_sentences,0,0.4990876968671344
"Car-intensive areas, such as the traffic jam.",0,Human,7,very_short,human_vs_ai_sentences,1,0.5124592643866401
The primary benefit to using AI for medical diagnosis is accuracy.,1,AI,11,short,human_vs_ai_sentences,0,0.19556393514538684
"Furthermore, independent travel is often more cost-effective than group tours.",1,AI,10,very_short,human_vs_ai_sentences,1,0.93541402178453
"Secondly, working for the greater good promotes cooperation and collaboration.",1,AI,10,very_short,human_vs_ai_sentences,1,0.8229732369699042
"In conclusion, online classes are beneficial to children because of health issues, moving, and learning at different paces.",0,Human,18,short,human_vs_ai_sentences,1,0.7205162298260596
"We already have a lot of stress in our lives, between schoolwork and extracurriculars and stuff.",1,AI,16,short,human_vs_ai_sentences,0,0.4321714252647157
The presidential candidates don't go to all the states when running.,0,Human,11,short,human_vs_ai_sentences,0,0.08739325727991797
"🛋️

Another thing to think about is that extending the school day could be difficult for some families to manage.",1,AI,20,short,human_vs_ai_sentences,1,0.6434932642008876
"This then leads to widening horizons, expanding knowledge base and trying exciting new activities together which keeps life interesting especially when experienced first hand rather than alone – learning about another culture for instance opens up both people’s mindsets greatly!.",1,AI,40,medium,human_vs_ai_sentences,1,0.7649283815969111
"Many argue that longer summer vacations would be beneficial to children and teenagers, as it would provide them with more time to relax and enjoy themselves.",1,AI,26,short,human_vs_ai_sentences,1,0.9208752680820314
"Studying a foreign language often begins in school or university, providing students with an opportunity to become more familiar with other countries' culture and customs.",1,AI,25,short,human_vs_ai_sentences,1,0.7675678728144186
They are not relaxing enough.,0,Human,5,very_short,human_vs_ai_sentences,0,0.32669685035346374
"It's like, no sweat, no effort.",1,AI,6,very_short,human_vs_ai_sentences,1,0.9915484138222899
"The story aout a man named Dave and another named John, if i remember correctly, one of them said ""your love exceeds that of a woman"" or something close to that.",0,Human,31,medium,human_vs_ai_sentences,1,0.5155443621571459
like for example you are doing some hard work at school and you want the right answer you are not just going to ask one person you are probably going to ask more then one person.,0,Human,36,medium,human_vs_ai_sentences,0,0.017067183264130415
In 1967 Aretha released “Respect” to critical acclaim that would inspire women everywhere to demand respect for themselves and their work.,1,AI,21,short,human_vs_ai_sentences,0,0.3992619288055738
"Also for student that parents job, is necessary moving around.",0,Human,10,very_short,human_vs_ai_sentences,0,0.07521286407576873
"When I grow up, I wanna be a cowboy!",1,AI,9,very_short,human_vs_ai_sentences,1,0.5392384653523454
"A diet which focuses on the right balance of proteins, carbohydrates, and fats can give students more energy, better concentration, improved bone and muscle strength, and help control stress levels.",1,AI,30,short,human_vs_ai_sentences,1,0.7283902269228943
"Governments Should Take Immediate Action to Address Climate Change

Climate change has become a pressing issue that requires immediate attention and action from governments worldwide.",1,AI,25,short,human_vs_ai_sentences,1,0.9151798629579334
We can instantly communicate with anyone around the globe and shop for anything we want with a few clicks of a button.,1,AI,22,short,human_vs_ai_sentences,0,0.4786877843172356
A positive attitude allows us to look at failures and challenges as opportunities to learn and grow.,1,AI,17,short,human_vs_ai_sentences,1,0.9859889001635123
"In addition, joining an extracurricular activity is a great way for students to learn the necessary skills that are needed for that specific activity, in case they would want to pursue a career in that area.",0,Human,36,medium,human_vs_ai_sentences,1,0.6790860300951325
"There are also efforts at local levels that focus on sustainability in order to ensure a cleaner, healthier future for generations to come.",1,AI,23,short,human_vs_ai_sentences,1,0.9672279610191515
"But, you know, things don't always go as planned.",1,AI,9,very_short,human_vs_ai_sentences,0,0.4036394537133573
"In addition, this will prepare them for the real world.",0,Human,10,very_short,human_vs_ai_sentences,0,0.35813678945271427
Did i mention students could then use up their time socializing and getting more efficient with technology.,0,Human,17,short,human_vs_ai_sentences,0,0.2517565988493054
If students volunteer to pick up trash it could make a good impression on people who are visiting or riding through.,0,Human,21,short,human_vs_ai_sentences,0,0.17623616352879504
The National Aeronautics and Space Administration has one particularly compelling idea for sending humans to study venus.,0,Human,17,short,human_vs_ai_sentences,0,0.07014935082925414
"The students need a creative thought process to get the project done, and in a timely manner.",0,Human,17,short,human_vs_ai_sentences,0,0.024970453180544083
Soon every one will start lying about it because it will start to get annoying and nobody is going to want to do it.,0,Human,24,short,human_vs_ai_sentences,0,0.03852384604543574
"The ""haters"" can't dull the shine of such a magnificent idea.",0,Human,11,short,human_vs_ai_sentences,0,0.392882322959032
Many times choosing right program bring greater rewards future due increased job security prospects well improved earning potentials upon graduation ; thus being aware own capabilities aspirations result making wiser decisions regarding formal education process itself .,1,AI,37,medium,human_vs_ai_sentences,0,0.43024865199540685
It's definitely more affordable to attend a public school rather than participate in at-home schooling.,0,Human,15,short,human_vs_ai_sentences,1,0.5595362923736363
If we do this surely the kids that believe helping is wrong will change their minds.,0,Human,16,short,human_vs_ai_sentences,0,0.03159448290117881
"With the rise of mental health awareness in the past few years, and being able to identity kids who might be special needs, some schools haven't done enough to make those kids comfortable in a learning setting.",0,Human,37,medium,human_vs_ai_sentences,0,0.476058236272345
These teenagers are saving their money not having to worry about gas prices and car payments.,0,Human,16,short,human_vs_ai_sentences,0,0.11536768542735132
"If there is a decrease in pollution the air would be much cleaner to breathe for everything, plants, animals and most importantly us humans.",0,Human,24,short,human_vs_ai_sentences,0,0.10809139744434484
"If a student were to go visit family in another location, having the ability to take online classes or use video conferences to keep up with their schoolwork would also be incredibly beneficial because it would prevent them from falling behind.",0,Human,41,medium,human_vs_ai_sentences,0,0.46448756374501593
Yet these bans did not stop people from using their cell phones.,0,Human,12,short,human_vs_ai_sentences,0,0.08807285210079481
"There may be cases where a student with special needs is not ready to be placed into a super social setting, and I do agree that they should be given the option of an online schooling program to best fit them and their needs.",0,Human,44,medium,human_vs_ai_sentences,1,0.6159001516407163
"This education should prepare students for life after they graduate, whether they plan to continue their education or enter the workforce.",1,AI,21,short,human_vs_ai_sentences,1,0.8509373931648752
"Astronomers also say that venus could have well been filled with large oceans and, could have supported many forms of life.",0,Human,21,short,human_vs_ai_sentences,0,0.06078478848613171
I think you guys should be in the Seagoing Cowboys.,0,Human,10,very_short,human_vs_ai_sentences,0,0.0023188425105809805
"When it finally did, the site revealed a natural landorm.",0,Human,10,very_short,human_vs_ai_sentences,0,0.08843957762873972
It can make it difficult to get around and can waste a lot of time.,1,AI,15,short,human_vs_ai_sentences,1,0.987804317084298
"Paris took a similar approach when, According to Robert Duffer, they ""enforced a partial driving ban to clear the air of he global city."" Cars with even-numbered license plates were enforced to not be driven.",0,Human,35,medium,human_vs_ai_sentences,0,0.16867305641676947
"At the same time, final exams and long-term projects could be challenging due to having only four days to complete them, and a sudden change in routine could pose a barrier to academic success.",1,AI,34,medium,human_vs_ai_sentences,1,0.5897677972506012
Do what makes you happy and succed in your life.,0,Human,10,very_short,human_vs_ai_sentences,0,0.04546653879721878
People who play sports would probably think they could get a free ride to college with a sports scholarship.,0,Human,19,short,human_vs_ai_sentences,0,0.011718890518487823
"In Robert Duffer`s article, ""Paris bans driving due to smog"" he talks of the percautions that France has taken to driving and why.",0,Human,23,short,human_vs_ai_sentences,0,0.06855772401211747
Delays in reaction time can seriously increase the chances of an accident occurring.,1,AI,13,short,human_vs_ai_sentences,0,0.22388489224603156
"When people seek advice, they often have a preconceived notion of what they want to do or what they think is best.",1,AI,22,short,human_vs_ai_sentences,0,0.1098784028483242
"Once you’ve identified an opportunity that looks like an appropriate fit, research the company to find out more about their culture and values – after all, it won’t do any good if they don’t value your skillset or ideals!",1,AI,39,medium,human_vs_ai_sentences,0,0.3822913966722914
"NASA trying to verify, by spending millions of dollars on global surveyors to take pictures of Cydonia, if the ""Face on Mars"" is really a face is not them trying to hide anything.",0,Human,33,medium,human_vs_ai_sentences,0,0.05132343080434389
What I think about the facial action coding system enables computers to identify humans emotions is weired i wouldn't want that on my computer or phone or for other people.,0,Human,30,short,human_vs_ai_sentences,0,0.01801099245934223
"Like, it's the most popular sport in the world or something!",1,AI,11,short,human_vs_ai_sentences,1,0.9822741419152735
"And to have school expenses, plus that, that's a huge chunk of your parent's paycheck.",0,Human,15,short,human_vs_ai_sentences,0,0.09771698189032292
Thats mean the restorant always busy specialy Saterday and Sunday.,0,Human,10,very_short,human_vs_ai_sentences,0,0.05917979401578653
The locations of the states help the canidates and the Electoral Colloege states that you have to have transregional appeal.,0,Human,20,short,human_vs_ai_sentences,1,0.7035775145397856
"If you drive less, you will be helping to reduce your impact on the environment.",1,AI,15,short,human_vs_ai_sentences,0,0.4428128504540356
"And there it was the one thing they had all been waiting for, the castle!!!!!",0,Human,15,short,human_vs_ai_sentences,0,0.25496848966068103
"Firstly, teacher recognition can have a positive impact on student self-esteem and self-confidence.",1,AI,13,short,human_vs_ai_sentences,1,0.7630161861743715
It can also save us money on transportation costs.,1,AI,9,very_short,human_vs_ai_sentences,1,0.7396113535173259
Just because someone's older doesn't mean they know better.,1,AI,9,very_short,human_vs_ai_sentences,0,0.35358433354139945
do you think so?,0,Human,4,very_short,human_vs_ai_sentences,0,0.11478168929562066
"Rosenthal also states

""In German Suburb, Life Goes on Without Cars""

, ""stores are placed a walk away, on a main street, rather than in malls..."" (Rosenthal, paragraph 6).",0,Human,29,short,human_vs_ai_sentences,0,0.23596745821352366
Teamwork can also help to build strong relationships and foster a sense of community.,1,AI,14,short,human_vs_ai_sentences,1,0.9898250427835291
"Secondly, cellphones are the number one cause automobile accidents.",0,Human,9,very_short,human_vs_ai_sentences,0,0.12492263034288957
Drivers become distracted and make more mistakes than usual.,0,Human,9,very_short,human_vs_ai_sentences,0,0.46890347182336484
🙅‍♂️ We'd all be just like robots or something!,1,AI,9,very_short,human_vs_ai_sentences,0,0.23190696171535488
"For example, if you were looking at a coin toss game where heads was favored over tails 60% of the time (or had 6 chances out 10), then you would expect heads to show up more often than tails when flipping coins randomly under those same conditions again later on down the line.",1,AI,53,medium,human_vs_ai_sentences,0,0.1496982548590391
"The citizens of the United States should understand that when they vote, they are voting for the Electoral College, and that their vote will not necessarily determine who the president is.",0,Human,31,medium,human_vs_ai_sentences,1,0.6228379473600749
"Without the structure of a traditional classroom setting, students may struggle to stay on task and may not be as engaged in the learning process.",1,AI,25,short,human_vs_ai_sentences,1,0.8681816491624762
Participating in after school or even in school activities could help give you just that.,0,Human,15,short,human_vs_ai_sentences,0,0.18104564116830227
"Later on in the article, the author starts venturing over to the ways it would possibly be safe for someone to go visit Venus.",0,Human,24,short,human_vs_ai_sentences,0,0.032689201310882474
the goal is to promote alternative transportation and reduce smog.,0,Human,10,very_short,human_vs_ai_sentences,0,0.2179107372424831
"To begin, student designed projects gives the opportunity to explore their desires.",0,Human,12,short,human_vs_ai_sentences,1,0.5355169485882015
The only thing you have to do is get multiple opinions.,0,Human,11,short,human_vs_ai_sentences,0,0.006074164972477126
"""Under the electorial system, voters vote not for the president, but for a slate of electors, who in turn elect the president."" This is why we should despose of the electorial system and just go off popular votes.",0,Human,38,medium,human_vs_ai_sentences,0,0.07269062372469214
Save you from getting in trouble and looking crazy.,0,Human,9,very_short,human_vs_ai_sentences,0,0.16754431057136962
"And our phones are like, our lifelines.",1,AI,7,very_short,human_vs_ai_sentences,1,0.8202479863367098
It's hard for people to see things differently on their own.,0,Human,11,short,human_vs_ai_sentences,1,0.9328239211137157
This is shown in how much time some activities require.,0,Human,10,very_short,human_vs_ai_sentences,0,0.10335193924110579
"It's a great way to,",1,AI,5,very_short,human_vs_ai_sentences,1,0.8802620178136474
"While the prospect of a reduced reliance on cars might once have seemed uncertain, especially with the question mark on whether millennials will shift towards heavy car usage when they have families, companies like Ford are already initiating partnerships that incorporate a holistic transportation network that includes “pedestrian, bicycle, private cars, commercial and public transportation” (""The End"").",1,AI,57,medium,human_vs_ai_sentences,0,0.4053729367445638
"Some students might have other work to do from school, students may have other activities after school or outside of school, and students might become more stressed from extracurricular activities.",0,Human,30,short,human_vs_ai_sentences,0,0.3372724752336649
"However, there are a number of reasons why this might be the case.",1,AI,13,short,human_vs_ai_sentences,1,0.9654255827368452
"She began her research by learning about the dietary, lighting, and temperature requirements of bearded dragons, and made sure to obtain the most suitable housing for her pet, considering its size requirements.",1,AI,32,medium,human_vs_ai_sentences,1,0.753819608674624
Some kids take a break when they get home and some kids go straight to homework.,0,Human,16,short,human_vs_ai_sentences,0,0.08606453551147032
And you know what?,1,AI,4,very_short,human_vs_ai_sentences,0,0.20485121643064547
"They think teacher give us to use phone so, we don't have to do anything and they don't do homework, classwork and study.",0,Human,23,short,human_vs_ai_sentences,0,0.2597124948824306
It may not think that a baby passing on the road is a big enough concern to try and stop.,0,Human,20,short,human_vs_ai_sentences,0,0.10528347417993088
The blues is one such genre of music that has consistently resonated with many since its emergence in the late 19th century.,1,AI,22,short,human_vs_ai_sentences,0,0.24866419579920593
Both approaches have their own set of advantages and disadvantages.,1,AI,10,very_short,human_vs_ai_sentences,1,0.7583965473989652
"If anyone was spotted driving, though, they would haved been fined $25.",0,Human,12,short,human_vs_ai_sentences,0,0.011979753284415138
It can even increase empathy and emotional intelligence.,1,AI,8,very_short,human_vs_ai_sentences,0,0.4640712204200318
"With this system, the country has functioned very effectively for  a very long time, the system is very effective for choosing a candidate best suited for the presidential position, and it is very unbiased and fair when it comes down to the decision of the House of Representatives for the election.",0,Human,51,medium,human_vs_ai_sentences,1,0.6190656276266593
Especially if there is no recess because of the weather or some special thing that is going on.,0,Human,18,short,human_vs_ai_sentences,0,0.07608635792444823
"My parents were all like, ""You should try out for soccer!"" but I was like, ""Nah, I don't know, I'm not really into soccer."" So, I decided to try out for basketball instead, and it ended up being way more fun than I expected!",1,AI,44,medium,human_vs_ai_sentences,1,0.9286955331360582
"Setting a goal for myself was an intimidating thought, as I was unsure how I would be able to achieve such a goal.",1,AI,23,short,human_vs_ai_sentences,1,0.8146634512487433
A family member or friend could be very sick and that could be the last time you see them.,0,Human,19,short,human_vs_ai_sentences,0,0.014618807541667521
There are many advantages of limiting car usage.,0,Human,8,very_short,human_vs_ai_sentences,1,0.699155820871904
In some countrys there are days were people dont use cars at all.,0,Human,13,short,human_vs_ai_sentences,0,0.03003844739328386
"Secondly, limited car usage helps significantly in reducing traffic on the roads.",1,AI,12,short,human_vs_ai_sentences,1,0.8066911892385887
"Not only walking, but biking or skatebording can be a fun alternative, distract your mind with other activities or find a fun and enjoyable way for you to get you fom one place to the next, without the use of a car!",0,Human,42,medium,human_vs_ai_sentences,0,0.11770619677419267
"Hence, it will also help us emoionally and globally.",0,Human,9,very_short,human_vs_ai_sentences,0,0.4704295332739145
"Distractions, higher insurance rates, and increased accidents and fatalities prove why cell phone use should be forbidden.",0,Human,17,short,human_vs_ai_sentences,0,0.2903418310646367
"Sincerely,

STUDENT_NAME",0,Human,2,very_short,human_vs_ai_sentences,0,0.05579558524909225
I believe that the Electoral College should be abolished.,1,AI,9,very_short,human_vs_ai_sentences,0,0.47037213382137755
"this creates time management skill, because summer is typically a busy time with many distractions, however if students create there own form of project they can carefully plan out days to work on it and achieve completion.",0,Human,37,medium,human_vs_ai_sentences,0,0.15009179698085
There is no reason why we cannot elect the President by popular vote.,1,AI,13,short,human_vs_ai_sentences,0,0.0451181426807982
"Though completly giving up the usage of your car seems like an extreme for most American citizens, it is a look in the right direction towards the future.",0,Human,28,short,human_vs_ai_sentences,0,0.045128582979131845
"By doing so, these devices can be remotely monitored or controlled from nearly anywhere in the world.",1,AI,17,short,human_vs_ai_sentences,0,0.46145736796778425
This number includes Congressmen.,0,Human,4,very_short,human_vs_ai_sentences,1,0.6968146254882438
"He asked, ""If the technology fails and someone is injured, who is at fault- the driver or the manufacturer?"" There will people suing the companies because they expected the driverless car to be a safe car and be able to drive itself because it's a driveless car.",0,Human,47,medium,human_vs_ai_sentences,0,0.10216935659528836
There are a lot of advantages when it comes to limiting car usage.,0,Human,13,short,human_vs_ai_sentences,1,0.792245528654726
"Sincerely,

PROPER_NAME",0,Human,2,very_short,human_vs_ai_sentences,0,0.10539415142369944
"Conversely, if not used properly, cell phones and computers in the classroom can lead to disruption, distractions, and even misuse of technology, leading to a decline in educational outcomes.",1,AI,29,short,human_vs_ai_sentences,1,0.9268805764880071
"If there is one major problem in the world that has yet to be solved, it is the amount of pollution, smog, and greenhouse gases that has accumilated throughout the Earth; limited car usage, however, can help reduce that problem.",0,Human,40,medium,human_vs_ai_sentences,1,0.580336836377116
"Second, limiting car usage can help to reduce air pollution.",1,AI,10,very_short,human_vs_ai_sentences,1,0.975394866588437
"On the positive side, technology has enabled people to connect with each other in new and innovative ways.",1,AI,18,short,human_vs_ai_sentences,1,0.960754573466999
"Talking to just one person runs the risk of getting advice that is biased, narrow or potentially self-serving if they have their own motives.",1,AI,24,short,human_vs_ai_sentences,0,0.15064983041818666
"For instance, if a student understands the concept of photosynthesis, they are more likely to remember the process of photosynthesis for a longer time.",1,AI,24,short,human_vs_ai_sentences,1,0.6990943139968172
"Lastly, extracurricular activities should be a choice, not an obligation.",1,AI,10,very_short,human_vs_ai_sentences,0,0.23471224220237352
I think that doing this would greatly impact the school to be better students.,0,Human,14,short,human_vs_ai_sentences,0,0.016076027380712565
"To begin with,the system of the electoral college does not allow the voters to vote for the president but only for a slate of electors, they are the ones who elect the president.",0,Human,33,medium,human_vs_ai_sentences,0,0.09456619008088757
A multifaceted solution informed by several opinions has potential to be more well-balanced than any one person's recommendation alone.,1,AI,19,short,human_vs_ai_sentences,1,0.6237496545479997
"Now, ask youself, why can we not have the say on who is president?",0,Human,14,short,human_vs_ai_sentences,0,0.08732699839871579
The product is a safe and healthy option.,1,AI,8,very_short,human_vs_ai_sentences,0,0.1961869268368258
"I, on the other hand, do not agree.",0,Human,8,very_short,human_vs_ai_sentences,1,0.8469185986034377
"While there may be pressing reasons for drivers to be on their cell phones however no reason is more important than the lives of drivers, passengers and pedestrians as well.",0,Human,30,short,human_vs_ai_sentences,0,0.41601432525665955
This is because they might not be able to handle the pressure that comes with it.,0,Human,16,short,human_vs_ai_sentences,0,0.34419329526622133
My principal wants that to change he is making extracurricular activities mandatory and i agree.,0,Human,15,short,human_vs_ai_sentences,0,0.21940731175973807
"Dear teacher,

I think that the legalization of marijuana is a very important topic that people have been talking about for a long time.",1,AI,24,short,human_vs_ai_sentences,1,0.7375158746531627
"""The electoral college requires a preisdental candidt to have trns-region appeal.",0,Human,11,short,human_vs_ai_sentences,0,0.14572582065751966
"Posner, is the certainty of outcome.",1,AI,6,very_short,human_vs_ai_sentences,1,0.5229564551994578
"They would be able to talk to the student and more accuratly figure out the problem, then help them or adjust the information themselves.",0,Human,24,short,human_vs_ai_sentences,0,0.027737415604025192
Some students may not have an interest in the arts or may not have the necessary skills to excel in an arts class.,1,AI,23,short,human_vs_ai_sentences,1,0.7518953451107144
"By creating pedestrian and cycle-friendly environments, we can enhance the livability and sustainability of our cities.",1,AI,16,short,human_vs_ai_sentences,1,0.9575989403153596
"However, as they gain more experience and confidence in their own abilities, they may become more willing to take a chance and pursue their goals, even if it means stepping outside of their comfort zone.",1,AI,35,medium,human_vs_ai_sentences,1,0.9947345889805527
"However, with a year-round school, they can continue learning about that concept throughout the year, which can help them better understand the material and improve their grades.",1,AI,27,short,human_vs_ai_sentences,1,0.9238528876424327
"There are, of course, some advantages to specializing in one area.",1,AI,11,short,human_vs_ai_sentences,1,0.7562617968819021
"Specifically, should we continue with the Electoral College or move towards direct election by popular vote?",1,AI,16,short,human_vs_ai_sentences,0,0.4142867695587584
"However, he continued to persevere and eventually achieved his goal.",1,AI,10,very_short,human_vs_ai_sentences,1,0.9030699903494271
Requiring students maintaining a B grade average to play sports is a great idea.,0,Human,14,short,human_vs_ai_sentences,0,0.05622061845277865
"Additionally, marijuana can also be used to treat symptoms of epilepsy, Crohn's disease, and multiple sclerosis.",1,AI,16,short,human_vs_ai_sentences,1,0.8039751371678944
We wouldn't have a reason to hide it.,0,Human,8,very_short,human_vs_ai_sentences,0,0.04497728253412138
"According to Esurance, ""cognitive or mental distraction is when a driver's mind isn't focused on driving.",0,Human,16,short,human_vs_ai_sentences,0,0.04597597447234617
Every time you use your car it harms the environment.,0,Human,10,very_short,human_vs_ai_sentences,0,0.036485087227843285
"In conclusion, studying Venus result a good idea because when someone read ""The Challenge of Exploring Venus"" they can know about other planet.",0,Human,23,short,human_vs_ai_sentences,0,0.3395974422089381
"When people talk to more than one person, they get different perspectives and suggestions which they would not have thought of themselves.",1,AI,22,short,human_vs_ai_sentences,0,0.15549732706453587
"Thousands of anxious web surfers were waiting when the image first appeared on a JPL web site, revealing .",0,Human,19,short,human_vs_ai_sentences,0,0.09926168423007029
"However, there are also a number of technologies that have made life more complicated.",1,AI,14,short,human_vs_ai_sentences,1,0.938633321426026
This can help to reduce obesity and other health problems.,1,AI,10,very_short,human_vs_ai_sentences,1,0.982656932711315
"However, there should also be some restriction as well.",0,Human,9,very_short,human_vs_ai_sentences,0,0.18585820671017939
"Accidental discoveries can lead to new fields of study, innovation, and unexpected benefits.",1,AI,13,short,human_vs_ai_sentences,1,0.8107479992600731
"In order to work well with others, children need to learn how to communicate effectively, listen actively, and respect different opinions.",1,AI,21,short,human_vs_ai_sentences,1,0.8568584355856429
"It is essential to consider the short-term and long-term impacts of this decision on students, such as length of class time, standardized testing, recess, and the future success of students.",1,AI,30,short,human_vs_ai_sentences,1,0.9561694747189727
"Thus, if each student could choose their own topic to research over summer break and have the teacher approve it, there would be less unfair grade discrepancies between students of equal intelligence.",0,Human,32,medium,human_vs_ai_sentences,0,0.04417186839771473
"As well some children do not have good home lives, and after school activities can often help with this, by keeping them out of that situation as long as possible, and eventually the child might feel comfortable telling a coach or teacher about this who can help that child.",0,Human,49,medium,human_vs_ai_sentences,0,0.4609059077597946
"Finally, I think it's really important to understand the difference between making mistakes and learning from them.",1,AI,17,short,human_vs_ai_sentences,1,0.9945351662145967
"Dear Senator,

I am writing to you today to express my strong support for abolishing the Electoral College and electing the President of the United States by popular vote.",1,AI,29,short,human_vs_ai_sentences,1,0.9139306497775301
"For example, if you are trying to decide whether you want to stay in your parents' house or move out into an apartment, you could talk to someone older than you who has already faced that decision.",0,Human,37,medium,human_vs_ai_sentences,1,0.6005979520407857
Now that time has evolved and the world has changed.,0,Human,10,very_short,human_vs_ai_sentences,0,0.4570610752120264
"Christmas, a time of year that is adored by many all around the world.",1,AI,14,short,human_vs_ai_sentences,0,0.19954599102684706
"It is important to remember that education is not just about learning how to read and write, it is also about understanding the world around us and how we can make it a better place to live in.",1,AI,38,medium,human_vs_ai_sentences,1,0.9987518175189373
"People who specifically vote for someone running for president should either be able to do it themselves, without having to vote for a slate of electors, or, the slate of electors should be more reliable.",0,Human,35,medium,human_vs_ai_sentences,0,0.08088421499288874
Because we use them everyday doesn't mean that we can not cut down or change our ways of transpertation.,0,Human,19,short,human_vs_ai_sentences,0,0.19004991461877888
Hey there!,1,AI,2,very_short,human_vs_ai_sentences,1,0.972854871421008
2.,1,AI,1,very_short,human_vs_ai_sentences,1,0.5833832654323381
The electoral college is not really a college.,0,Human,8,very_short,human_vs_ai_sentences,0,0.08114883543116991
Germany is trying to.,0,Human,4,very_short,human_vs_ai_sentences,0,0.18386814454146186
"For example, about a year ago my cousin went to her first job interview, she was nervous and was not used to having to talk to adults who were not her parents.",0,Human,32,medium,human_vs_ai_sentences,1,0.8186162174740477
l agree with what Churchill's about the important role that failure plays in the pursuit of success.,0,Human,17,short,human_vs_ai_sentences,1,0.9730013332544974
As time aged so did our technology by getting more vast and advanged.,0,Human,13,short,human_vs_ai_sentences,0,0.09496179002759549
"In conclusion, while preserving endangered species and ecosystems is essential for the environment and humanity, it'should be weighed against it's cost to humans.",1,AI,23,short,human_vs_ai_sentences,1,0.8733551769366612
"Furthermore, online monitoring also promotes transparency and accountability.",1,AI,8,very_short,human_vs_ai_sentences,1,0.9628699123680526
Another option is to carpool or use a ride-sharing service.,1,AI,10,very_short,human_vs_ai_sentences,0,0.18611920898932208
"See, it's not the people who elect the president, it's the electors who do.",0,Human,14,short,human_vs_ai_sentences,1,0.6118717923811635
"People should find new friends that give good vibes and help them become a better person, because sometimes the problem might not be themselves , might be people thats around you telling bad stuff, and always making you a have a bad day.",0,Human,43,medium,human_vs_ai_sentences,0,0.053517684592112556
Many student would not focused during the lesson they would just do whatever they want so they won't learn as much as if they had a teacher.,0,Human,27,short,human_vs_ai_sentences,0,0.003054712540389524
This election process is to complicated you should dumb it down or simplify it to increase the impact of each state and the simplfication for the soon to be president.,0,Human,30,short,human_vs_ai_sentences,0,0.12893418075704074
"According to the article, driverless cars are programmed to follow traffic rules and avoid reckless behavior, which could significantly decrease the number of crashes caused by human error.",1,AI,28,short,human_vs_ai_sentences,0,0.44502904385511083
"In conclusion, distance learning benefits students by allowing them to learn in a comfortable environment such as their room, encouraging more sleep by allowing them to pick their own school hours, and providing a healthy alternative to education when it comes to sickness.",0,Human,43,medium,human_vs_ai_sentences,1,0.9589874924504241
"I mean, think about it.",1,AI,5,very_short,human_vs_ai_sentences,1,0.9026350563737956
"By examining the events, people, and values of the past, we can gain a greater understanding of why things are the way they are today, and can also learn important lessons which can help to inform our own decisions and actions.",1,AI,41,medium,human_vs_ai_sentences,1,0.9992101499332571
Walking outside in the sun.,0,Human,5,very_short,human_vs_ai_sentences,0,0.1315915312589775
"It can be easy to become overwhelmed, especially during difficult times.",1,AI,11,short,human_vs_ai_sentences,1,0.9595434108337435
People are going to be really happy to have a new hairstyle because some people are bored to have the same haircut and if is a place with a lot of people they are going to love that place.,0,Human,39,medium,human_vs_ai_sentences,0,0.0975123064132945
Reality television shows have become increasingly popular over the last two decades.,1,AI,12,short,human_vs_ai_sentences,0,0.30091128952436313
"Instead, schools should focus on providing a safe and supportive environment for all students, and students who are interested in meditation and mindfulness practices can pursue them outside of school.",1,AI,30,short,human_vs_ai_sentences,1,0.9259777003344624
"Plus, it would be a great way to promote teamwork and camaraderie.",1,AI,12,short,human_vs_ai_sentences,1,0.7102024230010455
Voters may also get confused about how the system works.,0,Human,10,very_short,human_vs_ai_sentences,0,0.3909479974411404
I met some good friends there.,0,Human,6,very_short,human_vs_ai_sentences,0,0.1701124486310228
.,1,AI,1,very_short,human_vs_ai_sentences,1,0.7400581537471917
* Get organized.,1,AI,3,very_short,human_vs_ai_sentences,1,0.8365164182450032
"This could lead to students feeling disengaged and disinterested in their studies, and it could discourage them from pursuing their passions and interests.",1,AI,23,short,human_vs_ai_sentences,1,0.9553450765926674
Why else would we have that if our vote won't really matter.,0,Human,12,short,human_vs_ai_sentences,0,0.011466549374836084
Clubs like these offer students a chance to play the sport they like and represent the school at the same time.,0,Human,21,short,human_vs_ai_sentences,0,0.13907881725521884
"com ""Ford's SYNC operating system, for example, sends texts dictated by the driver and reads incoming texts aloud; its MyKey feature allows parents to block calls and texts when teens are driving.",0,Human,32,medium,human_vs_ai_sentences,0,0.23361123271189546
"First and foremost, it is an effective way to decrease air pollution and reduce greenhouse gas emissions.",1,AI,17,short,human_vs_ai_sentences,1,0.9470701983307666
It ensures that both the states and the citizens have a say in the selection process.,1,AI,16,short,human_vs_ai_sentences,1,0.5951854042656578
Even you rounding up clothes and giving them to the homeless shelter is community service.,0,Human,15,short,human_vs_ai_sentences,0,0.08603189215641495
"Driveless cars are the next step in the future, but are they the safest step?",0,Human,15,short,human_vs_ai_sentences,0,0.029144658619103047
"The process of reconfiguring urban areas for car-free living is complex and time-consuming, requiring comprehensive planning and substantial investments in infrastructure.",1,AI,21,short,human_vs_ai_sentences,0,0.45346256800373436
"For example, if a student knows the multiplication tables, she will be able to understand how much money she has to spend on groceries, or how long it will take her to drive to a friend’s house.",1,AI,37,medium,human_vs_ai_sentences,0,0.49942278021623404
Having Prof.,0,Human,2,very_short,human_vs_ai_sentences,0,0.03341821636106519
It's like being able to witness one of nature's most potent displays firsthand-the sheer force released when clouds clash together creates a beautiful spectacle for anyone lucky enough to bear witness.,1,AI,31,medium,human_vs_ai_sentences,1,0.5861851102634626
Being apart of a team or a club could also teach you teamwork and collaboration skills that are important to have when you become an adult.,0,Human,26,short,human_vs_ai_sentences,1,0.8221183505634531
"If I would have not walked away, we would have got into a big fight.",0,Human,15,short,human_vs_ai_sentences,0,0.11647689416493569
And who doesn't want to achieve their goals and feel good about themselves?,1,AI,13,short,human_vs_ai_sentences,1,0.8977451186239401
The possibilities seem endless when considering what could unfold as tech-driven classrooms become increasingly available within all types of education systems around the globe .,1,AI,25,short,human_vs_ai_sentences,1,0.6990593405125716
With the elimination of cars less carbon dioxide will be let out causing the eart to cool and thus will help save the polar ice caps.,0,Human,26,short,human_vs_ai_sentences,0,0.011308198280010945
"One way is to practice active listening, which means paying attention to what the other person is saying and showing that we're interested in their thoughts and feelings.",1,AI,28,short,human_vs_ai_sentences,1,0.9322287147767403
"There are many reasons for this, but some of the main reasons are that people are choosing to walk and bike more, electric cars are becoming more popular, and people are switching to ride-sharing services like Uber and Lyft.",1,AI,39,medium,human_vs_ai_sentences,1,0.555979071929756
The Electoral College also gives smaller states a voice in the presidential election.,1,AI,13,short,human_vs_ai_sentences,1,0.8540414695710805
"By actively pushing ourselves to use our time and resources to their fullest potential, we can boost our creativity, experiences, and futures.",1,AI,22,short,human_vs_ai_sentences,1,0.9935438162901645
"Secondly, the development of autonomous vehicles (AVs) will also contribute to a reduction in the number of cars in use.",1,AI,20,short,human_vs_ai_sentences,0,0.49123268667458847
.,1,AI,1,very_short,human_vs_ai_sentences,1,0.7400581537471917
"They are only worried about their social media for example, they only see how many likes, comments and followers they get.",0,Human,21,short,human_vs_ai_sentences,0,0.22746609641795512
"Limiting car usage can have a number of benefits for the environment, our health, and our community.",1,AI,17,short,human_vs_ai_sentences,1,0.9518875872565427
Limiting car usage is an advantage on society because it reduces smog and makes humans less reliable on cars for transportation.,0,Human,21,short,human_vs_ai_sentences,0,0.36958852764630207
"Individuals who have a good understanding of a subject and are skilled in their field are more likely to avoid making the same mistakes over and over again, maintain their enthusiasm, and ultimately achieve success.",1,AI,35,medium,human_vs_ai_sentences,1,0.9814163226355812
"It is only through showing our true selves that we can achieve meaningful, deep connections with others that will benefit us in the long run.",1,AI,25,short,human_vs_ai_sentences,1,0.9093658195153453
"I'm much happier this way,' said Heidrun Walter, a media trainer and mother of two, as she walked verdant streets where the swish of bicycles and the chatter of wandering children drown out the occasional distant motor.""

Secondly, the smog from cities with high car usage is becoming unbearable.",0,Human,49,medium,human_vs_ai_sentences,0,0.131878525775082
They would be able to take breakes during each class.,0,Human,10,very_short,human_vs_ai_sentences,0,0.2541234404286015
"There are so many different types of people in the world, each with their own strengths and weaknesses, that it is impossible to know what will work for any one person.",1,AI,31,medium,human_vs_ai_sentences,1,0.9239981857943076
"This challenge and dedication to improvement ultimately leads to growth, both as an athlete and as a person.",1,AI,18,short,human_vs_ai_sentences,1,0.9819549216973638
"Success is built upon a series of trial and error, so through failure we can assess and understand the roadblocks, and, with perseverance and determination, create a plan or approach that will eventually get us to where we desire to go.",1,AI,41,medium,human_vs_ai_sentences,1,0.9647325638664049
What I do think is fair and will accommodate every one is a sign up sheet asking students if they want to participate in community service.,0,Human,26,short,human_vs_ai_sentences,0,0.03191371489986753
Inevitable crashes would be the answer.,0,Human,6,very_short,human_vs_ai_sentences,0,0.003443892274498143
"Even if you make them, they will just stand there.",0,Human,10,very_short,human_vs_ai_sentences,0,0.07053322733556075
"Not me, that's for sure!",1,AI,5,very_short,human_vs_ai_sentences,1,0.9001596206594082
"Perhaps they are struggling to find the motivation to even begin the task, let alone complete it.",1,AI,17,short,human_vs_ai_sentences,0,0.20357888140174468
"Therefore, the importance of imagination compared to knowledge cannot be underestimated.",1,AI,11,short,human_vs_ai_sentences,1,0.9121489314325641
People are just putting their life in danger with these driverless cars.,0,Human,12,short,human_vs_ai_sentences,0,0.007729997105620835
The independent vehicle has many disadvantages.,0,Human,6,very_short,human_vs_ai_sentences,0,0.057889115787445405
"Furthermore, having access resources outside of textbooks can help significantly when looking at topics from different perspectives or even just giving students material that may help further supplement their understanding of a concept(s).",1,AI,33,medium,human_vs_ai_sentences,1,0.8451499294681201
After a couple years later Europe and China got better afterwards plus it became a better community also China got better after the war ended.,0,Human,25,short,human_vs_ai_sentences,0,0.2590282062607811
"Him saying this is very well done because he's right, we should not limit ourselves because of fear and doubt.",0,Human,20,short,human_vs_ai_sentences,0,0.07745554410390168
"For example, you can add your own personal touches to a paper card, such as a handwritten note or a photo.",1,AI,21,short,human_vs_ai_sentences,1,0.7326409427096154
"After studying the arguments for and against the Electoral College, I strongly believe that the Electoral College should be kept in our political system.",1,AI,24,short,human_vs_ai_sentences,1,0.6417939281323078
"On April 5,1998, scientist, Michael Malin and his Mars Orbiter Camera team snapped a picture of the Face to prove there was no alien monument.",0,Human,25,short,human_vs_ai_sentences,0,0.043389035825052505
By the gas and pollution we put into the world by just driving our cars around isnt any safter as if we got into a car crash.,0,Human,27,short,human_vs_ai_sentences,0,0.028109554639661114
University education is an important part of life for many people.,1,AI,11,short,human_vs_ai_sentences,1,0.8602216365568814
"In conclusion, yes it would be the best to ask someone on there opinion a choice that you are making you always want to make the best choice and asking others is the best way to do it.",0,Human,38,medium,human_vs_ai_sentences,0,0.020023175961103493
This is only one reason why cell phone use while driving should be illegal.,0,Human,14,short,human_vs_ai_sentences,0,0.039931669644135255
"But while there is much to say about how these networks are forming strong connections between users around the world, it's important not to forget that we must also use them responsibly and carefully.",1,AI,34,medium,human_vs_ai_sentences,1,0.9597116691784835
"Furthermore, one of the most exciting aspects of AI in healthcare is its ability to personalize treatments according to each individual's physiology or genetic makeup making precision medicine possible at scale like never before seen in medicine history.",1,AI,38,medium,human_vs_ai_sentences,0,0.47975341520927567
"I believe that students would benefit from being able to attend classes from home using the distance learning system because it would allow students to learn without peer distraction, prevent absent students from getting behind in their studies, and allow disabled students the opportunity to learn more comfortably.",0,Human,48,medium,human_vs_ai_sentences,1,0.5060635234803618
And I'm gonna tell you why.,1,AI,6,very_short,human_vs_ai_sentences,1,0.8543892391319632
Do you know some of the main reasons people seek out different opinions to make a better choice?,0,Human,18,short,human_vs_ai_sentences,0,0.13373362092962732
It also places them in a better position to think critically and make informed decisions.,1,AI,15,short,human_vs_ai_sentences,0,0.4325315272576414
"Sincerely,

[Your Name]",1,AI,3,very_short,human_vs_ai_sentences,1,0.9664565597621871
The phenomenon can be fully explained without invoking extraterrestrial intervention.,1,AI,10,very_short,human_vs_ai_sentences,0,0.3988476603367341
They are more likely to take risks and try out new hobbies and activities.,1,AI,14,short,human_vs_ai_sentences,1,0.8516672167987882
Research also shows that making healthier options available increases the likelihood that students will make better eating choices.,1,AI,18,short,human_vs_ai_sentences,0,0.4983733731638864
"Similarly, environmental research has provided us with insights into the impacts of human activities on the environment and has guided efforts to protect natural resources and biodiversity.",1,AI,27,short,human_vs_ai_sentences,1,0.9537541001895299
"First, it gives too much power to a small number of states.",1,AI,12,short,human_vs_ai_sentences,1,0.686591596208938
"According to a variety of students,by being able to design the summer projects, students will want to actually complete this mandatory task and not get bored doing it.",0,Human,28,short,human_vs_ai_sentences,0,0.05372489175880511
The day still went on has free-car day.,0,Human,8,very_short,human_vs_ai_sentences,0,0.044759363278269786
"There are so many benefits to traveling in a group, the most obvious of which is the sense of community that is created.",1,AI,23,short,human_vs_ai_sentences,1,0.5420619713510313
There is sand.,0,Human,3,very_short,human_vs_ai_sentences,0,0.033416224972912474
And it's not just that.,1,AI,5,very_short,human_vs_ai_sentences,1,0.9492102418314368
"In addition to their excellent energy efficiency qualities, newer windows can create a much more comfortable atmosphere for anyone living inside the home – especially for those living near busy streets or airports where exterior noise might be an issue otherwise.",1,AI,41,medium,human_vs_ai_sentences,1,0.5564872090592123
"This distraction can cause accidents, which can be fatal.",1,AI,9,very_short,human_vs_ai_sentences,1,0.8482851075448172
But it doesn't hurt to try.,0,Human,6,very_short,human_vs_ai_sentences,1,0.8878829049670518
Thank you for your time.,1,AI,5,very_short,human_vs_ai_sentences,1,0.7256667451444049
The beach and the outdoors present a wide variety of activities for everyone to enjoy.,1,AI,15,short,human_vs_ai_sentences,1,0.5221640596701089
One of those inventions are creating new technologies for our daily lives.,0,Human,12,short,human_vs_ai_sentences,0,0.15542576371378103
"In conclusion, marijuana should be legalized.",1,AI,6,very_short,human_vs_ai_sentences,1,0.8246892464874281
Graduating early from high school can lead to greater success in the long run.,1,AI,14,short,human_vs_ai_sentences,1,0.9651915165647312
Such as the school wont be dirty and have trash all over the school grounds.,0,Human,15,short,human_vs_ai_sentences,0,0.11211144374486669
"They are also more likely to take risks and try new things, which can lead to exciting and rewarding experiences.",1,AI,20,short,human_vs_ai_sentences,1,0.9953398378598182
Specializing in one specific subject can often make students feel limited and out-of-date.,1,AI,13,short,human_vs_ai_sentences,1,0.6854749183179784
It also leads into less traffic jams and no rush-hours.,0,Human,10,very_short,human_vs_ai_sentences,0,0.34195431846956204
"Time is like, super important.",1,AI,5,very_short,human_vs_ai_sentences,1,0.998548007200591
People generally want to live long.,1,AI,6,very_short,human_vs_ai_sentences,0,0.21085662722379206
You get to learn from your mistakes and figure things out for yourself.,1,AI,13,short,human_vs_ai_sentences,0,0.33085946120863785
He just copies what the teacher writes on the board.,1,AI,10,very_short,human_vs_ai_sentences,0,0.042515065946778195
"Firstly, education is crucial for personal development and growth.",1,AI,9,very_short,human_vs_ai_sentences,1,0.9864206054840938
"Or maybe a person wants to work abroad; without knowing their native country’s lingo, fluency in the national tongue would be necessary for successful communication on the job site or even with local citizens during leisure activities outside of work hours.",1,AI,41,medium,human_vs_ai_sentences,0,0.4176722327183681
"It wasn't easy, but I managed to make some friends and feel more comfortable in my new school.",1,AI,18,short,human_vs_ai_sentences,0,0.2796000366151158
It's not something that one country or even a group of countries can solve on their own.,1,AI,17,short,human_vs_ai_sentences,1,0.8699130149520903
"You get to expirence things that most people only dream of, and you get to make so many new friends and have so many cool adventures.",1,AI,26,short,human_vs_ai_sentences,0,0.18224445628071528
"Therefore, a persuasive essay about why students should take art, music, and drama classes could include the following points: the development of creativity, the potential for improved academic performance, the gain of practical skills and knowledge, and the opportunity to explore various creative pursuits in a safe and structured environment.",1,AI,50,medium,human_vs_ai_sentences,1,0.9831854624555496
"Not only is it convenient but as a result of attending classes online students will not have to miss any important assignments, which if missed, could result in a student getting behind on school work and may even cause lower grades for them in the long term.",0,Human,47,medium,human_vs_ai_sentences,0,0.4308770535406762
"As explained on

What is the Electoral College?",0,Human,8,very_short,human_vs_ai_sentences,0,0.0963332195231369
"And, like, what about extracurriculars?",1,AI,5,very_short,human_vs_ai_sentences,1,0.9500509446265996
Asking for advice is definitely the way to go in some situations.,0,Human,12,short,human_vs_ai_sentences,0,0.09262519297094952
"Many people consider New York City to be the ""city that never sleeps,"" because of the loud and constant noise of outside motors revving and angry drivers honking their car horns.",0,Human,31,medium,human_vs_ai_sentences,0,0.3734589945868607
"On the other hand, some argue that complete honesty is not always beneficial for a politician.",1,AI,16,short,human_vs_ai_sentences,1,0.8242408759956943
They decided to enforce a law banning certain cars on certain days to try and help clear the air.,0,Human,19,short,human_vs_ai_sentences,0,0.4784566956430719
Another challenge is that limiting car usage can be difficult for people who live in rural areas.,1,AI,17,short,human_vs_ai_sentences,1,0.9081346442068113
The candidate who wins the most votes should be the President.,1,AI,11,short,human_vs_ai_sentences,0,0.09303974544888537
"The use of social media in education can provide numerous benefits for students, teachers, and administrators alike.",1,AI,17,short,human_vs_ai_sentences,1,0.9449278902105175
This can be done by increasing the price of gas or by imposing tolls on roads.,1,AI,16,short,human_vs_ai_sentences,1,0.6654617999471306
"While it is true that young people may not be as involved in community service as older generations, I believe that there are many young people who are passionate about making a difference in their communities.",1,AI,36,medium,human_vs_ai_sentences,1,0.9943055286722893
"In this essay, I will explore how people can go from failure to success and stay motivated to work hard despite the potential for failure.",1,AI,25,short,human_vs_ai_sentences,1,0.9853012398686503
as you can see in the pictures the face in 1976 it is full and the one in the second picture is half way gone the third picture it is almost completetly gone.,0,Human,33,medium,human_vs_ai_sentences,0,0.02417274263275482
Thank you for your time.,1,AI,5,very_short,human_vs_ai_sentences,1,0.7256667451444049
He wrote extensively about the injustices of the British Empire and the need for a new nation that would be based on the principles of liberty and equality.,1,AI,28,short,human_vs_ai_sentences,1,0.802319091204206
"You can easily preset different scenes for different times during the day or night; dimming the lights at bedtime, setting them to an evening “romance mode” before dinner with your partner or dimming them down low during movie nights with friends.",1,AI,41,medium,human_vs_ai_sentences,0,0.34349047627709606
You see students roaming around with each other all the time and it's great to see no one getting left behind or all alone.,0,Human,24,short,human_vs_ai_sentences,0,0.23317512922228148
It is integral to our democratic system and provides a fair and effective means of selecting the President of the United States.,1,AI,22,short,human_vs_ai_sentences,1,0.9551651908387475
"As NASA, we would like to see the conspiracy theorists prove us wrong then they could state the facts for once.",0,Human,21,short,human_vs_ai_sentences,0,0.005773883421366029
One way for couples to nurture their connection is through the use of active listening—the practice of giving full attention to what the other person is saying by actively engaging with them without interrupting or judging them.,1,AI,37,medium,human_vs_ai_sentences,1,0.8457746846430146
"Sincerely,

[Your Name]",1,AI,3,very_short,human_vs_ai_sentences,1,0.9664565597621871
I also read that voters can not always control whom their electors vote for.,0,Human,14,short,human_vs_ai_sentences,0,0.028548683074352946
They get to play sports and You get your students to get good grades!,0,Human,14,short,human_vs_ai_sentences,0,0.028938001911128976
Another benefit of technology is the way it has made our lives more convenient.,1,AI,14,short,human_vs_ai_sentences,1,0.878927627482622
Another reason I agree with the principal deciding students must participate in a extracurricular activity is because it helps kids be more social.,0,Human,23,short,human_vs_ai_sentences,0,0.22945295291476328
"Lastly, the Electoral College eliminates the need for run-off elections by consistently producing a clear winner.",1,AI,16,short,human_vs_ai_sentences,1,0.893047139539984
Nolo.,0,Human,1,very_short,human_vs_ai_sentences,0,0.30761336382984283
"Personally, I have found that setting goals has helped me stay focused and motivated.",1,AI,14,short,human_vs_ai_sentences,1,0.9395376387006368
"Dear Principal,

I am writing to share my opinion on the proposed policy change regarding the eligibility of students to participate in sports or other activities based on their academic average.",1,AI,31,medium,human_vs_ai_sentences,1,0.6515490733959163
We can carpool or take public transportation when possible.,1,AI,9,very_short,human_vs_ai_sentences,1,0.8149204804192162
Epidemiologists for the CDC are recommending that colleges across the country shut down their campuses and revert to online school so that they disperse the student population to lower the chances of the students getting infected.,0,Human,36,medium,human_vs_ai_sentences,0,0.06982457850869334
"I made a mistake in the way I handled it, and felt guilty about it for some time.",1,AI,18,short,human_vs_ai_sentences,1,0.6183245169166325
"In Vauban, Germany, we see the story of Heidrun Walter, a resident, who admits her lifestyle became much happier since she gave up her car – walking and biking became primary means of commuting (Rosenthal, passage 1, para.3).",1,AI,38,medium,human_vs_ai_sentences,0,0.26834556913206997
"For example, when it comes to electing a president, students and teachers alike have the right to vote for the candidate that they believe will best represent their interests.",1,AI,29,short,human_vs_ai_sentences,1,0.7406808602885424
"For example, my friends Generic_Name and Generic_Name.",0,Human,7,very_short,human_vs_ai_sentences,0,0.10075728999516761
"By promoting alternative modes of transportation, we can encourage people to be more active and healthy.",1,AI,16,short,human_vs_ai_sentences,1,0.9185910501064584
"Dear TEACHER_NAME,

I, as a student of this school, and a fellow athlete, think that it is completely un-fair for a student to maintain a B average to participate in any sports or any other activities.",0,Human,36,medium,human_vs_ai_sentences,0,0.4421359656354037
A persons grade should be used to make out whether they are trying their best.,0,Human,15,short,human_vs_ai_sentences,1,0.5407833286453751
They might not understand the teacher explaination about the lesson.,0,Human,10,very_short,human_vs_ai_sentences,0,0.28363446442971224
Cellphones should not be used when driving.,0,Human,7,very_short,human_vs_ai_sentences,0,0.07707473216025162
It affects your mental health.,0,Human,5,very_short,human_vs_ai_sentences,0,0.18028442691703114
Thank you for your time.,1,AI,5,very_short,human_vs_ai_sentences,1,0.7256667451444049
"Furthermore, standardized tests have become the main focus on schools, which means that they are putting more emphasis on the exams rather than on a student's overall academic performance.",1,AI,29,short,human_vs_ai_sentences,1,0.9834121321809011
"Additionally, Emerson's message also speaks to the opinion of short people and encourages them to expand their repertoire and take on roles that may have been otherwise inaccessible.",1,AI,28,short,human_vs_ai_sentences,1,0.962610820113374
Whether you prefer nature scenes or cityscapes—or anything else—experimenting with different approaches while learning about your camera will eventually provide amazing results!,1,AI,22,short,human_vs_ai_sentences,0,0.3678028072382875
Out of school learning would be a good option for ways a student could study.,0,Human,15,short,human_vs_ai_sentences,0,0.05663221163658651
This demonstrates the stability of the Electoral College system.,1,AI,9,very_short,human_vs_ai_sentences,1,0.6815705463500923
"It's way more fun than sitting in a classroom, learning stuff.",1,AI,11,short,human_vs_ai_sentences,1,0.6973523722455788
Hands-free phones are just as disturbing as holding a phone.,0,Human,10,very_short,human_vs_ai_sentences,0,0.02792028120246177
"The author talks about how thick the atmosphere is and how hot venus planet surface is the goes in to talk abput how venus may have had the same life on there planet as we do on earth today and that

"" our travels on earth and beyond should not be limited.",0,Human,52,medium,human_vs_ai_sentences,0,0.06837683823356318
This doesn’t mean that complete dependence on another person is ideal.,1,AI,11,short,human_vs_ai_sentences,0,0.4778835664403275
"This is due to many factors, such as the competitive environment, the need to constantly be available, and the pressure to produce results.",1,AI,23,short,human_vs_ai_sentences,1,0.9204250363489606
The project would not be teaching the students what they need to learn.,0,Human,13,short,human_vs_ai_sentences,0,0.0019215505321639116
Video conferencing is a good option for students who can't regularly attend school because of different situations in their lives.,0,Human,20,short,human_vs_ai_sentences,0,0.08050714454152373
Some students also might find it boring and skip it.,0,Human,10,very_short,human_vs_ai_sentences,0,0.36770801843781
"So, yeah!",1,AI,2,very_short,human_vs_ai_sentences,1,0.9372544339201266
This is my reason why you have be yourself because you most have constantly our personality so you can be greafull with something you do in your life to be nice person in the future you have to respect to be good person.,0,Human,43,medium,human_vs_ai_sentences,0,0.04742562958877474
"Finally, having a broad knowledge base makes you more well-rounded and interesting.",1,AI,12,short,human_vs_ai_sentences,1,0.5531456521313507
"For example, the music of Ireland, known as Irish traditional music, is an essential part of Irish culture.",1,AI,18,short,human_vs_ai_sentences,1,0.8372020256434928
"In support of those two points, the amount of drivers every year has been going down since its peak point in 2005.",0,Human,22,short,human_vs_ai_sentences,0,0.0225233522574455
Generic_Name is also super friendly and easy to work with.,1,AI,10,very_short,human_vs_ai_sentences,0,0.061205849809486554
"First and foremost, using cell phones while driving can lead to distracted driving, which is one of the leading causes of accidents.",1,AI,22,short,human_vs_ai_sentences,0,0.38083042656566995
All this leads towards greater self-confidence as well as resilience when faced with difficult situations in life (as many pet owners will tell you).,1,AI,24,short,human_vs_ai_sentences,1,0.6082175807144722
"We can also try to combine errands into one trip, so we don't have to drive as often.",1,AI,18,short,human_vs_ai_sentences,1,0.5889955445714853
.,1,AI,1,very_short,human_vs_ai_sentences,1,0.7400581537471917
"In conclusion, the author effectively conveys that studying Venus is well worth pursuing despite hazards, given the potential gains in understanding Earth and advancing science overall.",1,AI,26,short,human_vs_ai_sentences,1,0.6667732882264503
"Not only would the car itself be expensive to create but theres more factors to just creating the cars, its how the cars themslef work.",0,Human,25,short,human_vs_ai_sentences,0,0.03874057455857613
"Therefore, it is important to acknowledge the complexity and diversity of identity formation and avoid reducing it to a simplistic or monolithic concept.",1,AI,23,short,human_vs_ai_sentences,1,0.9312369538867962
"And if you mess up, no big deal!",1,AI,8,very_short,human_vs_ai_sentences,0,0.16760339467275104
"It may not be convenient, but we won't lose nearly as many lives to tweets or texts if people are under the threat of losing their license, steep fines, or if they truly think about the potential consequences.",0,Human,38,medium,human_vs_ai_sentences,0,0.4550657491392557
"While technology has brought many benefits to our lives, such as improved communication and access to information, it has also had negative effects on our physical and mental health, social relationships, and economic well-being.",1,AI,34,medium,human_vs_ai_sentences,1,0.9946490074990006
Students need to learn how to apply their knowledge in real-world situations.,1,AI,12,short,human_vs_ai_sentences,0,0.3328938795046735
"Well, pretty much anytime is a good time to get moving!",1,AI,11,short,human_vs_ai_sentences,0,0.023349696988791857
Others believe that competition is not the best way to teach children.,1,AI,12,short,human_vs_ai_sentences,0,0.42621865480382665
"There are many potential threats that travelers may face when visiting different parts of the world, from food-borne illnesses to infectious diseases, but there are also positive impacts that can come from traveling abroad as well.",1,AI,36,medium,human_vs_ai_sentences,1,0.9365327080218733
"For instance, in an article done by Robert Duffer titled ""Paris bans driving due to smog"" we can witness through testimony the wonders done by banning car usage.",0,Human,28,short,human_vs_ai_sentences,0,0.24455756216003136
"It gives students the time to learn about different cultures and gain knowledge from historical sites, as well as hone their skills in areas such as language and cultural fluency.",1,AI,30,short,human_vs_ai_sentences,1,0.6577036531181105
The Electors in the Electoral college arnt always innocent.,0,Human,9,very_short,human_vs_ai_sentences,0,0.10071019077654028
The scientists tried it again and they just don't pass over the Face very often.,0,Human,15,short,human_vs_ai_sentences,0,0.0435326560079229
Driving is not for everyone.,0,Human,5,very_short,human_vs_ai_sentences,0,0.01547575607201251
"But, there is a potential for conflict and confusion with increased input from others.",1,AI,14,short,human_vs_ai_sentences,1,0.8587643150279884
"Of course, there are also some challenges to limiting car usage.",1,AI,11,short,human_vs_ai_sentences,1,0.9430428123184239
"Students in schools should participate in at least one extracurricular activity each year because it helps them find what they can be good at, it helps some kids make new friends, and sports that they provide for you can help you stay fit.",0,Human,43,medium,human_vs_ai_sentences,1,0.5458172776604037
"The articles “In German Suburb, Life Goes On Without Cars” by Elisabeth Rosenthal, “Paris bans driving due to smog” by Robert Duffer, “Car-free day is spinning into a big hit in Bogota” by Andrew Selsky, and “The End of Car Culture” by Elisabeth Rosenthal provide insights into the benefits of reducing car dependency and promoting alternative modes of transportation.",1,AI,59,medium,human_vs_ai_sentences,0,0.2773027165722728
Students should be put into a classroom environment and surrounded by many types of people and things.,0,Human,17,short,human_vs_ai_sentences,0,0.12865830578724644
All though this seems good becuase there would be no air pollution it wasnt so good for delivery componies because they complained about lost revenue.,0,Human,25,short,human_vs_ai_sentences,0,0.006946778790177268
"Furthermore, when used correctly textbook material can act as supplementary materials that allow students to explore new topics outside of their core curriculum while still showing them how those ideas connect back to it; such exploration is key part of getting ahead in today’s competitive world!.",1,AI,46,medium,human_vs_ai_sentences,1,0.7339276179643759
Venus is our planet sister.,0,Human,5,very_short,human_vs_ai_sentences,0,0.008780984019283301
It allows them to stay up and away from danger.,0,Human,10,very_short,human_vs_ai_sentences,1,0.6200621517990564
It is clear that embracing alternative modes of transportation is not only beneficial for the planet but also for our own well-being.,1,AI,22,short,human_vs_ai_sentences,1,0.5465791712544376
.,1,AI,1,very_short,human_vs_ai_sentences,1,0.7400579033575274
A very large pro is how much we can reduce Greenhouse gasses.,0,Human,12,short,human_vs_ai_sentences,0,0.08279705464270015
This is why exploring Venus may be benificial to scientists to make any discoverys that will help the human race and possibly find another planet that sustains life or another planet to live on.,0,Human,34,medium,human_vs_ai_sentences,0,0.2147947796385703
"Some might argue, ""Well, NASA is just covering up life on Mars."" and to that arguement, I say ""Good job!",0,Human,20,short,human_vs_ai_sentences,0,0.22760483347387667
"The Electoral College, established by the founding fathers as a compromise between the election of the President by Congress and a popular vote, serves as a vital safeguard for our nation's diverse interests.",1,AI,33,medium,human_vs_ai_sentences,1,0.739489342704789
The cars today that have driverless like capabilities will need driver support.,0,Human,12,short,human_vs_ai_sentences,0,0.03953603368794181
"Additionally, communication gives couples the opportunity to resolve disputes quickly by both sides being able understand one another better before emotions escalate into anger or resentment towards one another.",1,AI,29,short,human_vs_ai_sentences,1,0.9687669756567103
"Like, think about it.",1,AI,4,very_short,human_vs_ai_sentences,1,0.9940783602275374
"Verbs are an essential part of the English language, and their proper use is necessary to maintain the integrity of the language.",1,AI,22,short,human_vs_ai_sentences,1,0.645985855219735
"Additionally, extracurricular activities can provide students with a sense of community and belonging.",1,AI,13,short,human_vs_ai_sentences,1,0.9348032859475107
Doing so may encourage students to make healthier choices and reduce their consumption of unhealthy processed foods.,1,AI,17,short,human_vs_ai_sentences,1,0.5800049517676309
When asking for advice helps people out and not next time that kid or adult can help another person out.,0,Human,20,short,human_vs_ai_sentences,0,0.19365644697404494
The primary reason why people fall into this trap is because they overestimate their ability to complete certain tasks within a given time frame and set unrealistic expectations for themselves.,1,AI,30,short,human_vs_ai_sentences,1,0.5024061904525958
Life is made with tough decisions even if I'm trying to persuade you it is your decision but i want you to see other reasons phones are good and not just bad.,0,Human,32,medium,human_vs_ai_sentences,0,0.05041272976710907
.,1,AI,1,very_short,human_vs_ai_sentences,1,0.7400579033575274
.,0,Human,1,very_short,human_vs_ai_sentences,1,0.7400581537471917
"They are also taught to question assumptions and challenge established ideas, which helps them to develop a more nuanced understanding of the world around them.",1,AI,25,short,human_vs_ai_sentences,1,0.9007974790688545
This is important for those moments when deep and vigorous contemplation is needed to solve complex or unique problems.,1,AI,19,short,human_vs_ai_sentences,1,0.9327389475548397
I dont know either.,0,Human,4,very_short,human_vs_ai_sentences,0,0.007336873735281356
People from diverse cultural backgrounds may have different facial expressions and emotional responses.,1,AI,13,short,human_vs_ai_sentences,1,0.9145581178079869
"🎢🏆 It's crazy to think that a football club can have its own theme park, but hey, it's working for Barcelona!",1,AI,21,short,human_vs_ai_sentences,1,0.938934008401959
"Parents are responsbile for their kids, and they have right to know what is going on in their kids life.",1,AI,20,short,human_vs_ai_sentences,0,0.055653656302715085
"For example, if a student is struggling in math, a teacher-designed summer project that focuses on the specific areas where the student needs improvement would be more beneficial than a project designed by the student.",1,AI,35,medium,human_vs_ai_sentences,0,0.2582332968474806
The increasing prevalence of green technology is revolutionizing the way in which many industries operate.,1,AI,15,short,human_vs_ai_sentences,1,0.7256305261484274
The have the skill of a human at the wheel.,0,Human,10,very_short,human_vs_ai_sentences,0,0.04549539390071874
It would be madness for all plus what human skills would be requird for this to get purchesed if not any you telling me you would fell 100% comfterable with.,0,Human,30,short,human_vs_ai_sentences,0,0.016973052950153687
"Secondly, education is the key to a better future.",1,AI,9,very_short,human_vs_ai_sentences,0,0.31044961510472324
He had to feed the animals every hour.,0,Human,8,very_short,human_vs_ai_sentences,0,0.04038434408164616
Vehicle usage has taken a nose-dive in the past centry.,0,Human,10,very_short,human_vs_ai_sentences,0,0.11944871027132932
Jobs was known for his unique vision and innovative ideas.,1,AI,10,very_short,human_vs_ai_sentences,1,0.8541984532027274
"Fifth, limiting car usage can help to save money.",1,AI,9,very_short,human_vs_ai_sentences,1,0.8667787003443016
"We created the car for a reason, to get places quicker, safer, and more efficiently.",0,Human,15,short,human_vs_ai_sentences,0,0.1302485150312748
Student will more will participate in class work.,0,Human,8,very_short,human_vs_ai_sentences,0,0.07326061263613892
"These pollutants can cause respiratory problems, heart disease, and cancer.",1,AI,10,very_short,human_vs_ai_sentences,1,0.7564235574784413
"A family of five can be singing along to ""Let It Be"" by the Beatles, and in a matter of seconds, on any verse, a distracted driver hits them from behind going 70 MPH.",0,Human,34,medium,human_vs_ai_sentences,0,0.15663466970980552
"As a result, it can be challenging to change our first impressions once we have formed them.",1,AI,17,short,human_vs_ai_sentences,1,0.9755839093436054
I’m now a much better person because of it.,1,AI,9,very_short,human_vs_ai_sentences,0,0.4320497522937067
"Dear State Senator

Feburary 5 , 2015

I would want you to keep The Electoral College the same for its been up to Congress and popular votes from the citizens to elect the President and Vice President all this time.",0,Human,40,medium,human_vs_ai_sentences,0,0.03496970323920332
"Also, enthusiasm and try is the key to success.",0,Human,9,very_short,human_vs_ai_sentences,1,0.7810035665743887
"In my opinion, homework can be beneficial, but it should be used in moderation and with a clear purpose.",1,AI,19,short,human_vs_ai_sentences,1,0.8276878670638783
"so we all have the right to vote in the congress constitution

Do we all to serve the right in the united even if they are not from the united sate .the population grows even more with the imagrants the reason we have to vote for them was becuase they need a better future to help there family.",0,Human,58,medium,human_vs_ai_sentences,0,0.10460929167388464
"Michael Sivak, a research professor at the University of Michigan's Transportation Research Institute says, ""What most intrigues me is that the rates of car ownershipper household and pe person started to come down 2 or 3 years before the downturn, I think that means something more fundamental is going on,"" (Elisabeth Rosenthal par.",0,Human,53,medium,human_vs_ai_sentences,0,0.01884197437435681
"For example, when I failed my first job interview, I took the time to reflect on my strengths and weaknesses and made changes to my approach for future interviews.",1,AI,29,short,human_vs_ai_sentences,1,0.9529506961238574
Professionalism has helped me maintain good grades and build positive relationships with my peers and teachers.,1,AI,16,short,human_vs_ai_sentences,1,0.7634353267709317
"Third, working by yourself it is kinda hard.",0,Human,8,very_short,human_vs_ai_sentences,1,0.5880265494868206
The car is in our everyday use basically..,0,Human,8,very_short,human_vs_ai_sentences,0,0.011141536162034388
From driving tired and falling asleep on the wheel.,0,Human,9,very_short,human_vs_ai_sentences,0,0.012976006969959828
"In addition, community service provides an opportunity for students to develop valuable skills.",1,AI,13,short,human_vs_ai_sentences,1,0.7917970143633438
"The larger states get more attention from the presidential candidates than the smaller states, so the electoral college balences it out.(sourse 3)

Also the electoral college avoids run-off elections.",0,Human,29,short,human_vs_ai_sentences,0,0.4973895107268119
"According to source 1, the transportation bills (in the US budget) have, in the past, been used, for the most part, for highways.",0,Human,23,short,human_vs_ai_sentences,0,0.043451627058109676
So by forcing this on them you could mess with something you dont need to mess with and that could turn into something really bad.,0,Human,25,short,human_vs_ai_sentences,0,0.012128461383581845
"2015, sites.",0,Human,2,very_short,human_vs_ai_sentences,0,0.052304208570596075
you can also avoid run off elections.,0,Human,7,very_short,human_vs_ai_sentences,1,0.5412851755676524
"Additionally, these children may not have enough opportunities to explore different interests and activities outside of their area of expertise, which could lead to an imbalance in their development.",1,AI,29,short,human_vs_ai_sentences,1,0.9898020034371637
"I’ve just found 10,000 ways that won’t work.” After thousands of trials and errors, Edison eventually achieved success.",1,AI,18,short,human_vs_ai_sentences,1,0.593386753202964
"We can also participate in community events such as clean-up days, charity runs, and fundraisers.",1,AI,15,short,human_vs_ai_sentences,1,0.9021796350165009
"But people such as Bradford plumer are staring to think even the ""bestlaid defenses of the system are wrong"".",0,Human,19,short,human_vs_ai_sentences,0,0.014996519048629465
"Others say, that aliens made this formation.",0,Human,7,very_short,human_vs_ai_sentences,0,0.15444426123708357
"The winning candidate's share of the Electoral College vote almost always exceeds their share of the popular vote, thereby minimizing the risk of prolonged legal battles and uncertainty.",1,AI,28,short,human_vs_ai_sentences,0,0.38651305234959427
That way you won't have to look down at your phone.,0,Human,11,short,human_vs_ai_sentences,0,0.025897322316613746
"For instance, what if the computer in the car has a malfunction?",0,Human,12,short,human_vs_ai_sentences,0,0.10527561348688512
Cars are expensive to purchase and maintain.,1,AI,7,very_short,human_vs_ai_sentences,1,0.619589005973791
In bogot the rain hasn't stoped people from limiting their car usage.,0,Human,12,short,human_vs_ai_sentences,0,0.1039607277925002
org).,0,Human,1,very_short,human_vs_ai_sentences,0,0.2052300722908132
"Some believe that universities should prepare students for employment, while others believe that they have other functions.",1,AI,17,short,human_vs_ai_sentences,1,0.818080334713503
Schools play an increasingly important role in today's society.,1,AI,9,very_short,human_vs_ai_sentences,1,0.9252311494729214
Life is precious.,0,Human,3,very_short,human_vs_ai_sentences,0,0.3102502225086775
"😭

But the rides?!",1,AI,4,very_short,human_vs_ai_sentences,0,0.2317780210953622
Beyond pure driving ability there are numerous other elements that contribute towards success in car racing such as having a reliable crew and team working together along with solid sponsorships from companies willing to invest money into your effort provide an extra edge over those without these advantages.,1,AI,48,medium,human_vs_ai_sentences,1,0.6760830436368487
It might be time consuming and stressful but if you are having fun that's all that matters.,0,Human,17,short,human_vs_ai_sentences,0,0.2984830902220872
"For students, libraries offer a quiet space away from distractions, enabling them to focus on their studies.",1,AI,17,short,human_vs_ai_sentences,1,0.834776076325192
Retrieved from <https://www.ucsusa.org/clean-vehicles/transportation-and-climate-change>,1,AI,3,very_short,human_vs_ai_sentences,0,0.43455062403365297
"The author supports this idea in the article ""The Challenge of Exploring Venus"" by the similarites to earth making the dangers worth while, the testing on diffrent pieces of equitmeant to withstand the extreme climate of venus, and the life they believe was once their making it a plave they want to explore.",0,Human,53,medium,human_vs_ai_sentences,0,0.18268776301863138
"When he started the company, many people told him that he was crazy.",1,AI,13,short,human_vs_ai_sentences,0,0.15670844796799263
You may think to yourself that you are doing something right but someone knows that it is wrong so they tell you that what you are doing is not a good choice.,0,Human,32,medium,human_vs_ai_sentences,0,0.10528254201992858
"As gaming competes at a professional level with teams from all over the world vying for positions on prestigious leagues and tournaments, it’s no wonder there are so many people interested in this rapidly expanding industry.",1,AI,36,medium,human_vs_ai_sentences,0,0.48545777791874917
"Second, you use imagination and knowledge when you work with somebody or working as a team, making something or thing how can we make it stronger or how can we win.",0,Human,31,medium,human_vs_ai_sentences,1,0.9534910908778886
When you drive and text it causes accidents and deaths.,0,Human,10,very_short,human_vs_ai_sentences,0,0.14559937909319465
"Limiting car usage is a very effective way to eliminate stress, lower air pollution, reduce traffic, and save money to make the world a better and healthier place to live.",0,Human,30,short,human_vs_ai_sentences,1,0.7382451374623686
Seeking multiple opinions can give you less doubts on a decision your making.,0,Human,13,short,human_vs_ai_sentences,0,0.16589143714988913
That is what they probably need to motivate them to get a higher grade average.,0,Human,15,short,human_vs_ai_sentences,0,0.030845642949570266
"😅 For my essay, I'm gonna talk about how important it is to choose a career at a young age and how teachers and counselors can help us make the right decision.",1,AI,32,medium,human_vs_ai_sentences,1,0.9975179280591817
Johnson!,1,AI,1,very_short,human_vs_ai_sentences,1,0.8397153146500135
"Excersise, to me, is really important.",0,Human,6,very_short,human_vs_ai_sentences,1,0.5108500825807376
"Distorted guitars are often used in progressive and heavy metal music for a heavier sound, with electric guitar solos often using this type of guitar.",1,AI,25,short,human_vs_ai_sentences,1,0.7105435086634905
The Electoral College does not give every state a fair chance because the presidential canidates only visit the states with the larger amounts of electoral votes or the swing states.,0,Human,30,short,human_vs_ai_sentences,0,0.2874778756026638
"""When I had a car I was always tense.",0,Human,9,very_short,human_vs_ai_sentences,0,0.05598344253905899
"Through this process, we learned how to collaborate, take turns, and support each other to achieve our shared goal.",1,AI,19,short,human_vs_ai_sentences,1,0.9790611175634207
"By taking these steps, we can reduce plastic waste without causing undue harm to businesses and the economy.",1,AI,18,short,human_vs_ai_sentences,1,0.9586798328563508
"Secondly, cooperation promotes a sense of community and belonging.",1,AI,9,very_short,human_vs_ai_sentences,1,0.8923360107539479
Taking just a few minutes each day solely dedicated towards reflecting on things we are grateful for reminds us how lucky we really are despite all the challenges life throws at us sometimes.,1,AI,33,medium,human_vs_ai_sentences,1,0.7006269045938713
What do you think?,1,AI,4,very_short,human_vs_ai_sentences,0,0.33051078961103386
"In addition, cars take up a lot of space, which can contribute to urban sprawl.",1,AI,15,short,human_vs_ai_sentences,1,0.9713725353898178
"It's like, totally possible, you know?",1,AI,6,very_short,human_vs_ai_sentences,1,0.9978118175574794
She's a superstar!,1,AI,3,very_short,human_vs_ai_sentences,1,0.8034952672602738
"Firstly, having knowledge of a variety of subjects gives an individual a better understanding of how different fields of study are interconnected.",1,AI,22,short,human_vs_ai_sentences,1,0.8183033237274437
Also in source 3 describing Bogota's Car free day is spreading to other countries of Latin-America with the intention of reducing traffic and allowing safer passage for pedestrians.,0,Human,28,short,human_vs_ai_sentences,0,0.046038530594323966
"Whenever you vote for whom ever you want to be President, you are also helping choose your states electors.",0,Human,19,short,human_vs_ai_sentences,0,0.16653250636433203
Is the face on mars a natural landform?,0,Human,8,very_short,human_vs_ai_sentences,0,0.03901804998721362
"The Electoral College gives more power to the votes of people in less populous states, which means that the votes of people in more populous states are not counted equally.",1,AI,30,short,human_vs_ai_sentences,1,0.9239992671999359
Retrieved from <https://www.whitehouse.gov/articles/the-economic-benefits-of-investing-in-clean-energy/>,1,AI,3,very_short,human_vs_ai_sentences,0,0.3735794621623045
"That's happened before, right?",1,AI,4,very_short,human_vs_ai_sentences,1,0.757916726133398
"Additionally, taking action on climate change can improve our health and well-being by reducing air pollution and promoting a cleaner environment.",1,AI,21,short,human_vs_ai_sentences,1,0.9866888681221112
Students working at home would help them focus better on there work.,0,Human,12,short,human_vs_ai_sentences,0,0.027794388706649496
Seeing this act of kindness touched me deeply.,1,AI,8,very_short,human_vs_ai_sentences,1,0.6237354751267364
"I told john ""Even only a little bit of scientists believe the face was an alien articraft.'

Encountering the face on mars was not an easy task i told him, and they just don't pass over it very often said Garvin i told him.",0,Human,44,medium,human_vs_ai_sentences,0,0.032277246841268925
See what I mean?,1,AI,4,very_short,human_vs_ai_sentences,0,0.08565056209059377
"While it has created new ways of communicating and sharing information, it has also created new challenges, such as misinformation, comparison and competition, and body shaming.",1,AI,26,short,human_vs_ai_sentences,1,0.9778335927482529
"Dear Principal,

As a Grade 9 student, I have been following the school policy on sports and other activities.",1,AI,19,short,human_vs_ai_sentences,0,0.2646003471986931
"In Vauban, Germany, the implementation of a ""car-free"" suburb has shown substantial environmental and health benefits (Rosenthal, 2009).",1,AI,18,short,human_vs_ai_sentences,0,0.21565354268441847
"""These people think that NASA is just trying to hide it from them.",0,Human,13,short,human_vs_ai_sentences,0,0.01292528605998929
Jefferson believed that a person's mind was a tool that needed to be sharpened and honed through constant use.,1,AI,19,short,human_vs_ai_sentences,1,0.7604244936652329
"Also, having low self- esteem does not mean a students has to sit back from doing something they love because they do not have to courage to come forth and try,but joining a extracurricular activities can help the student realize that there is more encouragement out there than bad, hurting words.",0,Human,51,medium,human_vs_ai_sentences,0,0.22626661206361634
"All in all, although the overuse of E-dictionaries might have some disadvantages for English learning, it also has some advantages.",1,AI,20,short,human_vs_ai_sentences,0,0.43454465289766847
The no cars plan will save everyone loads of money.,0,Human,10,very_short,human_vs_ai_sentences,0,0.020895535253588077
Studies have shown that students who attend schools with longer school hours tend to experience more stress and fatigue.,1,AI,19,short,human_vs_ai_sentences,0,0.49035603396275224
This willingness to expand our knowledge is accountable to how he is supporting his belief so effortlessly.,0,Human,17,short,human_vs_ai_sentences,1,0.6094854076775255
"Like, if you're trying to decide what to wear to a party, your mom might tell you to wear a nice dress, but what if you wanna make a statement with a bold outfit?",1,AI,34,medium,human_vs_ai_sentences,1,0.931786528170345
The newest phone costs around one thousand dollars.,0,Human,8,very_short,human_vs_ai_sentences,0,0.02226029280737155
"By: Elisabeth Rosenthal), but can most of them afford it.",0,Human,10,very_short,human_vs_ai_sentences,0,0.018165641959564157
It can make them feel like they're not good enough or that they don't belong.,1,AI,15,short,human_vs_ai_sentences,1,0.7974102991282345
"If we switched to a national popular vote, candidates may feel they can ignore smaller states and their issues.",1,AI,19,short,human_vs_ai_sentences,1,0.7922814159572977
In this kind of situations students choose to wait one or two years instead of go to college/university directly.,0,Human,19,short,human_vs_ai_sentences,0,0.2836823739691442
"This can lead to a lack of fulfillment and satisfaction in their chosen career, as they may not have truly explored all of their options.",1,AI,25,short,human_vs_ai_sentences,1,0.987409869963053
Gotta finish this challenge...,1,AI,4,very_short,human_vs_ai_sentences,1,0.9686143280841315
"By definition, specialists are experts in one particular area.",1,AI,9,very_short,human_vs_ai_sentences,0,0.12090828453718298
"Ultimately, it is up to us to use technology responsibly and ensure that it is having a positive effect on our lives.",1,AI,22,short,human_vs_ai_sentences,1,0.980599385710243
what do you think we should do?,0,Human,7,very_short,human_vs_ai_sentences,0,0.12154975807921434
"👋 So, like, technology is pretty cool, right?",1,AI,8,very_short,human_vs_ai_sentences,1,0.933447648792247
"Social structure, economic conditions, and personal choice all play a significant role in shaping our career choices, and it is important to have the freedom to explore different options and make informed decisions later in life.",1,AI,36,medium,human_vs_ai_sentences,1,0.9930736127642271
"This experience gave me a taste of what it would be like to work as a lawyer, and it helped me to decide that law was not the right career for me.",1,AI,32,medium,human_vs_ai_sentences,1,0.8098867586266332
"For one, it can help you focus your studies and make sure that you are taking the right classes and getting the right grades.",1,AI,24,short,human_vs_ai_sentences,1,0.9410685445998822
I think this because of many reasons.,0,Human,7,very_short,human_vs_ai_sentences,0,0.132895131449795
3.,1,AI,1,very_short,human_vs_ai_sentences,1,0.61392487174918
"Trust me, it's an adventure you won't forget.",1,AI,8,very_short,human_vs_ai_sentences,1,0.5105068901174564
Let's start with the potential benefits of extending the school day.,1,AI,11,short,human_vs_ai_sentences,1,0.9685023649696103
"Unlike traditional homework, which is often assigned based on a set schedule, homework clubs allow students to work on their assignments at their own pace.",1,AI,25,short,human_vs_ai_sentences,1,0.7056956559638903
"Located off the coast of Queensland, Australia, this magnificent World Heritage Site is one of the most biologically diverse and stunningly beautiful marine ecosystems in the world.",1,AI,27,short,human_vs_ai_sentences,0,0.4152603635362537
"Although these would be some very helpful things and would be more economically friendly, driverless cars prove to be very risking and there are just too many questions about ensuring safety for them to be allowed today.",0,Human,37,medium,human_vs_ai_sentences,0,0.22176131051784678
"It is interesting because it connects us with the Red Planet considering we have landforms similar to it, and also the expert study that has gone into it to prove the suspicions incorrect.",0,Human,33,medium,human_vs_ai_sentences,0,0.09300970325701859
"By volunteering our time, we can gain experience in leadership, teamwork, and problem-solving.",1,AI,13,short,human_vs_ai_sentences,1,0.9880093070549033
The limitation of human contact due to the use of technology has a negative effect on people's lives because it impacts their health in a negative way and people get too dependent on technology.,0,Human,34,medium,human_vs_ai_sentences,1,0.5092239273363866
"Once the source has been identified, finding meaningful relationships which encourage communication, understanding, support and trust should be pursued as each one is key for overcoming feelings of isolation.",1,AI,29,short,human_vs_ai_sentences,1,0.6030515657629754
"I disagree with the old proverb because honesty might hurt peoples feels around you, honesty can make people not like you no more, and honey can not be used in a matter that you speaking of.",0,Human,36,medium,human_vs_ai_sentences,1,0.6216990861773402
imagen your children in this situation.,0,Human,6,very_short,human_vs_ai_sentences,0,0.18727898411294067
If we wanted to do activities then we could but they're called extra curricular for a reason not curricular activities we already have enough of those in school so why should we do them out of school.,0,Human,37,medium,human_vs_ai_sentences,0,0.03749975898963779
That's why I came up with them few suggestions.,0,Human,9,very_short,human_vs_ai_sentences,0,0.046376256669170515
"In some cases, a combination of behavior and discussion may be the most effective method of influencing others.",1,AI,18,short,human_vs_ai_sentences,0,0.2461424066533996
"Therefore, I strongly advocate for student-designed summer projects in schools.",1,AI,10,very_short,human_vs_ai_sentences,1,0.6166515994236682
"It states that, "" 'Besides helping people, I had the side benefit of seeing Europe and China.' "" Luke also got to see and tour other places he had never seen before.",0,Human,32,medium,human_vs_ai_sentences,0,0.23213474900646375
"In Bogota, they have a carfree day.",0,Human,7,very_short,human_vs_ai_sentences,0,0.05967799816495019
"As they see it, children need the guidance and structure of the school system in order to continue learning.",0,Human,19,short,human_vs_ai_sentences,0,0.29508474192552336
"As it becomes increasingly apparent that our unsustainable dependency on cars has far-reaching environmental and societal implications, it is encouraging to see towns and cities worldwide taking proactive steps towards reducing this reliance.",1,AI,33,medium,human_vs_ai_sentences,1,0.9491006409550291
I think that competition in the workplace is important because it makes us want to do our best.,1,AI,18,short,human_vs_ai_sentences,1,0.8545101902218234
"Sincerely,

[Your Name]",1,AI,3,very_short,human_vs_ai_sentences,1,0.9664565597621871
This is like bandwagoning for football teams.,0,Human,7,very_short,human_vs_ai_sentences,0,0.41218784881785786
Now some of my friends were complaining but I honestly couldn't agree more with the idea.,0,Human,16,short,human_vs_ai_sentences,0,0.13049572092055428
"Also just like the sun forms shadows, that could have been what happened on Mars to make people believe they were seeing a human face.",0,Human,25,short,human_vs_ai_sentences,0,0.031004863459272454
"By working together, sharing",1,AI,4,very_short,human_vs_ai_sentences,1,0.7619633925989642
"This essay will explore how digital media is affecting independent music producers in terms of access to resources, audiences, autonomy and creativity.",1,AI,22,short,human_vs_ai_sentences,1,0.8481744296928584
One big advantage is a reduce in global warming.,0,Human,9,very_short,human_vs_ai_sentences,1,0.644283461623046
520 pedestrians have been killed by distracted drivers.,0,Human,8,very_short,human_vs_ai_sentences,0,0.11314504810781872
Choosing a career may include lots of pressure and thinking.,0,Human,10,very_short,human_vs_ai_sentences,1,0.8441708130280022
Any technology wields power that must be judiciously governed.,1,AI,9,very_short,human_vs_ai_sentences,0,0.13567090521397843
Even reading the bible can help you.,0,Human,7,very_short,human_vs_ai_sentences,0,0.3801232263101846
"Finally, success is not just about achieving your goals.",1,AI,9,very_short,human_vs_ai_sentences,1,0.9909384418144671
Those people must've been really upset upon hearing this news.,0,Human,10,very_short,human_vs_ai_sentences,0,0.009368705889065371
"The idea of driverless cars came to the mind of Sergey Brin, the cofounder of Google.",0,Human,16,short,human_vs_ai_sentences,0,0.049513415630867995
"If someone has received a text while driving they should ignore it until they get to their destination, or a accident could occur.",0,Human,23,short,human_vs_ai_sentences,0,0.033589385223108
They can also be scanned and stored in a computer.,1,AI,10,very_short,human_vs_ai_sentences,0,0.4627447750216922
My third example was when I needed to help to win a video game competition.,0,Human,15,short,human_vs_ai_sentences,1,0.7857627455579704
"Or sometimes you can fall in love but you partener might have a better character then you, so you decide to change your character by choosing your partener's character, and that is why we should choose our own character.",0,Human,39,medium,human_vs_ai_sentences,0,0.24231287044507865
"With distance learning, students can choose a more accommodating schedule to do school so they can get an adequate amount of sleep to work and do school and any assignments they may have.",0,Human,33,medium,human_vs_ai_sentences,0,0.19595530563643174
"Mr. Bradford Plumer states in his "" The Indefensive Electoral College: Why even the bestlaid defenses of the system are wrong."" "" The single best argument against the electoral college is what we might call the disaster factor.",0,Human,38,medium,human_vs_ai_sentences,0,0.12808382039221874
"Hopefully they'll go again soon and take pictures to confirm if it was a natural landform or it's really proof that there is living things in mars, but I don't think they're going to go again because a lot of people now believe it was just a natural landform.",0,Human,49,medium,human_vs_ai_sentences,0,0.0945532910809317
"The reality is that NASA would in fact benefit from currently, or once having life on Mars.",0,Human,17,short,human_vs_ai_sentences,0,0.026692364337251452
"Despite of a danger, people still use cell phones because they want to be always available and keep in touch with other people.",0,Human,23,short,human_vs_ai_sentences,0,0.2965714345805034
A students grade could get even worse without after school activities.,0,Human,11,short,human_vs_ai_sentences,0,0.043560460463237756
"While the internet provides access to vast amounts of information, it cannot replicate the experience of reading a well-written book.",1,AI,20,short,human_vs_ai_sentences,1,0.9381282736466074
"Lastly, studying abroad encourages independence and self-reliance.",1,AI,7,very_short,human_vs_ai_sentences,1,0.9091233091664186
people have to do ideas with own life because in the future when they have own family and they have experience from they parent.,0,Human,24,short,human_vs_ai_sentences,0,0.1413022486035322
"While students are at school, they have access to technology, but this access is limited and most often very basic for most people.",0,Human,23,short,human_vs_ai_sentences,0,0.1070563752164564
"A survey shows that seven out of ten students feels he or she is getting a great amount of work and are feeling stressed, and they support the idea of having after school activities to express themselves.",0,Human,37,medium,human_vs_ai_sentences,0,0.4221988153526238
"In, Source 1; ""What is the Electoral College?"", it states that ""Each canidate ruinning for President in your state has his or her own group of electors.",0,Human,27,short,human_vs_ai_sentences,0,0.032772785674971903
"I mean I'm not saying its a bad thing for your classmates to know your emotions, but I honestly wouldnt like it.",0,Human,22,short,human_vs_ai_sentences,0,0.20693582982955702
"By volunteering, we can help those in need and make a positive impact on our community.",1,AI,16,short,human_vs_ai_sentences,1,0.9544790987756139
"Fourth, limiting car usage can help to improve public health.",1,AI,10,very_short,human_vs_ai_sentences,1,0.9836949148818684
"These provide incentives for student interest and investment in their work, which yields more positive results.",0,Human,16,short,human_vs_ai_sentences,1,0.5902021266687987
You just lost 10 minutes of learning.,1,AI,7,very_short,human_vs_ai_sentences,0,0.2295857923896495
"In conclusion, failure is an essential part of the journey to success.",1,AI,12,short,human_vs_ai_sentences,1,0.9708819114825525
"Every state, regardless of size, plays a pivotal role in shaping the outcome of the election.",1,AI,16,short,human_vs_ai_sentences,1,0.7847544495949448
"And the crashs caused climate change, thus shifting the planet into it's demise for supporting life.",0,Human,16,short,human_vs_ai_sentences,0,0.32765512271880837
They enforce this limit with a fine of 22 euro.,0,Human,10,very_short,human_vs_ai_sentences,0,0.03399132610012038
Stalls have to be cleaned.,0,Human,5,very_short,human_vs_ai_sentences,0,0.08776052684583519
"Instead, we should focus on providing support and resources to help students improve their academic performance without denying them the opportunity to participate in sports or other activities.",1,AI,28,short,human_vs_ai_sentences,1,0.982766991361121
"Therefore, they often make the product seem much better than it really is.",1,AI,13,short,human_vs_ai_sentences,0,0.2524202222280506
"""A dispute over the outcome of an Electoral College is possible - it happened in 2000 - but it's less likely than a dispute over the popular vote."" in paragraph 18 meaning that winning the candidates share of electoral votes over powers his share of popular votes.",0,Human,47,medium,human_vs_ai_sentences,1,0.698452168034381
conlusion.,0,Human,1,very_short,human_vs_ai_sentences,0,0.4182946573539222
"They say the facial expressions for each emotion are universal because even though individuals often show varying degrees of expression, the new emotion are facial movements for example the painted face from the Mona Lisa, we can identify a lot emotions as Vinci's masterpiece.",0,Human,44,medium,human_vs_ai_sentences,0,0.3738030025307123
A tour guide can also help you avoid getting lost or getting into dangerous situations.,1,AI,15,short,human_vs_ai_sentences,1,0.650314823727426
He mostly worked on short-term tasks and was reluctant to commit to long-term goals.,1,AI,14,short,human_vs_ai_sentences,0,0.35066568037905044
So we need to be a good peron every time.,0,Human,10,very_short,human_vs_ai_sentences,0,0.07531105631676055
"For example,if the person wants to buy a expensive item so he or she asked to people whether buy or not.",0,Human,21,short,human_vs_ai_sentences,0,0.3464205522796109
"Second, Everyone has different opinions about situations.",0,Human,7,very_short,human_vs_ai_sentences,1,0.5977530481525934
"In the city of vauban, germany the residents have decided to give up their cars.",0,Human,15,short,human_vs_ai_sentences,0,0.04516122293647243
"Walking and biking are great forms of exercise, and they can help to improve your cardiovascular health.",1,AI,17,short,human_vs_ai_sentences,0,0.41098846122666327
Investing in renewable energy and reducing our dependence on fossil fuels can create new jobs and stimulate economic growth.,1,AI,19,short,human_vs_ai_sentences,1,0.9397328461435066
"Finally, to prove to others that we can succeed after failing, it's important to show them that we are committed to our goals and are willing to put in the work to achieve them.",1,AI,34,medium,human_vs_ai_sentences,1,0.998873766148685
"All of our development since World War II has been center on cars, and that was the downside of the pollution in the sky today, when more cars are made, then even more pullution will be traveling the sky today and breaking our sun shield some companies are really cracking down on this to help the earth.",0,Human,57,medium,human_vs_ai_sentences,0,0.3039733634276283
In the untied states the enviromental protection agency is promting car reduced communities.,0,Human,13,short,human_vs_ai_sentences,0,0.0914124605453013
"The day called ""Day Without Cars"" is promoting alternative transportation and is reducing smog.",0,Human,14,short,human_vs_ai_sentences,0,0.12292077377636199
"Sincerely,

[Your Name]",1,AI,3,very_short,human_vs_ai_sentences,1,0.9664565597621871
"Similarly, Nelson Mandela, the former president of South Africa, is another example of a leader who maintained high ethical standards and led his country through a difficult period of transition and reconciliation.",1,AI,32,medium,human_vs_ai_sentences,1,0.9411033815631341
This is because the Electoral College system gives more weight to the votes of people in certain states.,1,AI,18,short,human_vs_ai_sentences,0,0.4819663727164534
"Body Paragraph One: Mitigating Greenhouse Gas Emissions
Limiting car usage is crucial in the fight against climate change.",1,AI,18,short,human_vs_ai_sentences,1,0.9572704059414788
"So, let",1,AI,2,very_short,human_vs_ai_sentences,1,0.9767415605832781
"By banning single-use plastics, we can conserve our natural resources and reduce our reliance on fossil fuels.",1,AI,17,short,human_vs_ai_sentences,1,0.989746792857504
Also a positive attitude is important because it will help you to solve problems easily.,0,Human,15,short,human_vs_ai_sentences,1,0.715799653389516
"And they can also change the climate, like, forever.",1,AI,9,very_short,human_vs_ai_sentences,1,0.9744054380992027
This can make the experience more enjoyable and informative.,1,AI,9,very_short,human_vs_ai_sentences,1,0.9610424087099105
"This allows for a more accurate reflection of state's popular vote, without eliminating the Electoral College system.",1,AI,17,short,human_vs_ai_sentences,1,0.6943835215905867
The electoral college is unfair to voters.,0,Human,7,very_short,human_vs_ai_sentences,0,0.1306486868474846
It is alarming how easily electors can defy the will of the people and how an electoral tie can undermine the popular choice.,1,AI,23,short,human_vs_ai_sentences,0,0.11581944551149856
"Self-assurance refers to a person's belief in their ability to handle any situation, while belief in oneself refers to a person's belief in their own abilities and worth.",1,AI,28,short,human_vs_ai_sentences,1,0.9702728663544637
"Work is the ability to do something that given by any one it can be a person, a company or at school that we do it by ourselves or with group.",0,Human,31,medium,human_vs_ai_sentences,1,0.7643278762954092
"By seeking opinions from several trusted sources, we gain access to a more well-rounded set of insights and perspectives on the issue at hand.",1,AI,24,short,human_vs_ai_sentences,1,0.9519284240794217
"If students were having trouble understanding a math lesson, then this technology could pick that up if the student didn't say they were confused.",0,Human,24,short,human_vs_ai_sentences,0,0.013428238371594068
"Asking him for an opinion, is the equivalent of asking a cat whats it's favorite sport is, not to say that his opinion doesn't matter, theres something for everyone.",0,Human,29,short,human_vs_ai_sentences,0,0.02358719738985458
You get to take care of animals.,0,Human,7,very_short,human_vs_ai_sentences,0,0.09846452662142274
She has mentioned in her recent Youtube videos that doing school online has made it much easier to incorporate more into her day and has been better for her mental health.,0,Human,31,medium,human_vs_ai_sentences,1,0.6694042035885869
"In conclusion, there are so many advantages to limiting car usage.",0,Human,11,short,human_vs_ai_sentences,1,0.7721686337613869
They have a different outlook on things and are not afraid to challenge the status quo.,1,AI,16,short,human_vs_ai_sentences,1,0.5603179657771784
We should all work together as one .,0,Human,8,very_short,human_vs_ai_sentences,0,0.3767952510468969
Limiting car usage has many advantages.,1,AI,6,very_short,human_vs_ai_sentences,1,0.5509751491605928
Limit the number of friends you are allowing into your car.,0,Human,11,short,human_vs_ai_sentences,0,0.06776282936625229
They may also employ celebrity endorsements to make a product seem more desirable or trustworthy.,1,AI,15,short,human_vs_ai_sentences,1,0.7103834624270863
This process can be challenging but ultimately rewarding.,1,AI,8,very_short,human_vs_ai_sentences,1,0.9335339743323211
Some people believe that college students should follow their passions and pursue careers that align with their talents and interests.,1,AI,20,short,human_vs_ai_sentences,1,0.8831464611357811
"On any given day, parents of children with special needs must face obstacles and make decisions that can seem insurmountable.",1,AI,20,short,human_vs_ai_sentences,1,0.9744708844400541
Can your lab partner recgonize which emotion you are doing?,0,Human,10,very_short,human_vs_ai_sentences,0,0.054268740320341576
"Plus, if a best friend of yours asked you to go to Europe with him ,you knew that it would be an opportunity of a lifetime.",0,Human,26,short,human_vs_ai_sentences,0,0.15049964947992997
"Though fraught with danger, continued study of our closest planetary neighbor Venus stands to significantly advance scientific understanding, making it a deserving target of further investigation and exploration despite the risks involved.",1,AI,32,medium,human_vs_ai_sentences,0,0.23156237383431338
"In fact, the opposite may be true.",1,AI,7,very_short,human_vs_ai_sentences,1,0.5211144114529027
It goes without saying that having them around does come with its own set of problems though - but if we learn how to properly manage and live alongside these furry rodents then there shouldn't be much issue at all.,1,AI,40,medium,human_vs_ai_sentences,0,0.11618968374300308
Hey there!,1,AI,2,very_short,human_vs_ai_sentences,1,0.972854871421008
Not driving cars can also reduce stress.,0,Human,7,very_short,human_vs_ai_sentences,0,0.31180976928027215
I also what is one goals for me is because when a have like 5 or 6 years old I play for the first time.,0,Human,25,short,human_vs_ai_sentences,1,0.64099752877581
"😋 Think about it: sweet potatoes are a great source of fiber and vitamins, and they're super tasty when roasted!",1,AI,20,short,human_vs_ai_sentences,1,0.5817842810871691
It is essential that any person suffering from bullying receive proper counseling so that these mental health issues can be identified early on before becoming further ingrained into one's life .,1,AI,31,medium,human_vs_ai_sentences,1,0.853635885453396
4.,1,AI,1,very_short,human_vs_ai_sentences,1,0.5040826109077575
Time students save by going to the school will be use to learn more from home.,0,Human,16,short,human_vs_ai_sentences,0,0.06214091988326098
The United States government and congress have always had the interests of the people in their mind.,0,Human,17,short,human_vs_ai_sentences,0,0.27342518895813156
"If anything, scientist would want to find new life form.",0,Human,10,very_short,human_vs_ai_sentences,0,0.04070379165311479
This is because of several reasons that are worth considering.,1,AI,10,very_short,human_vs_ai_sentences,1,0.8017270399630076
To help ensure we make time for ourselves amongst our hectic lives getting outdoors at least once per week should become part of everyone’s routine so they don't miss out on fantastic experiences like,1,AI,34,medium,human_vs_ai_sentences,1,0.6489425218744945
Cell Phones in the Classroom: A Double-Edged Sword?,1,AI,8,very_short,human_vs_ai_sentences,0,0.17040969908104062
"At its core, dealing with poor body image can be incredibly damaging if not addressed properly because it can lead someone down a path towards depression or eating disorders; both conditions which require professional help if any progress is going be made towards recovery.",1,AI,44,medium,human_vs_ai_sentences,1,0.8760305127196968
One way to reduce tension and bias between different countries is through sport events such as the World Cup.,1,AI,19,short,human_vs_ai_sentences,1,0.9083367394625396
"if i get paid ill do this ,No!",0,Human,8,very_short,human_vs_ai_sentences,0,0.07356788220702092
"But, if you go to work with a positive attitude, you'll be way more productive and your coworkers will like you more.",1,AI,22,short,human_vs_ai_sentences,1,0.5987469941374418
"That also means that if there are more places, then aliens could not have made the Face on Mars because that means it would have had to make all of the other mesas and buttes in the entire universe.",0,Human,39,medium,human_vs_ai_sentences,1,0.5665445312282658
"Furthermore, limiting car usage promotes physical activity.",1,AI,7,very_short,human_vs_ai_sentences,1,0.8811699503840853
"A student-designed project may sound nice to students and parents because it is more flexible and more enjoyable for the students, but it is not more beneficial for the student's learning.",0,Human,31,medium,human_vs_ai_sentences,1,0.5164705582070429
They thought that it would never happen?,0,Human,7,very_short,human_vs_ai_sentences,0,0.020390650171958652
If you have a driverless car people will stop texting and driving and start texting and ridiing.,0,Human,17,short,human_vs_ai_sentences,0,0.015048223678395992
"I believe that the current system is unfair and unconstitutional, and that it needs to be replaced with a direct popular vote for president.",1,AI,24,short,human_vs_ai_sentences,0,0.3420917245410684
That's the thing.,1,AI,3,very_short,human_vs_ai_sentences,0,0.08089126441863848
"In our modern world, many factors such as bullying or poor self image can cause a student to feel depressed or alone, but by making strong decisions, it can rejuvenate their spirits and cause them to work and thrive.",0,Human,39,medium,human_vs_ai_sentences,1,0.9690536041524379
"Firstly, homework provides students with the opportunity to practice what they have learned in class.",1,AI,15,short,human_vs_ai_sentences,1,0.7774992178973457
"While some individuals feel that sharing personal information is a way to stay connected with friends and family, others are concerned about the potential risks associated with the exposure of their personal data.",1,AI,33,medium,human_vs_ai_sentences,1,0.9207398194662041
"Some people don't like the electoral college, whie some people do.",0,Human,11,short,human_vs_ai_sentences,0,0.20562766691611672
"Luke had made nine trips in1947, it was the most of any Seagoing Cowboy!",0,Human,14,short,human_vs_ai_sentences,0,0.02920722413918122
.,1,AI,1,very_short,human_vs_ai_sentences,1,0.7400581537471917
The process of becoming self-reliant is one such journey which requires dedication and perseverance to reach its destination.,1,AI,18,short,human_vs_ai_sentences,1,0.8075828680398125
"As illustrated by the examples of Nixon in 1968 and Clinton in 1992, the Electoral College provides a clear winner even if the candidate does not have a majority of the popular vote.",1,AI,33,medium,human_vs_ai_sentences,1,0.5264713036966437
"One cannot focus fully on the road and the other vehicle, if one keeps talking on the consistently while driving.",0,Human,20,short,human_vs_ai_sentences,0,0.1464944229992405
"In addition, many universities now offer online classes that give learners the opportunity to attend lectures from anywhere in the world without needing to physically be present on campus.",1,AI,29,short,human_vs_ai_sentences,1,0.651488961892005
Graduating high school in four years is an option that can bring many positives to a student's life.,1,AI,18,short,human_vs_ai_sentences,1,0.6468901547546877
"By keeping the Electoral College, this would not happen.",0,Human,9,very_short,human_vs_ai_sentences,0,0.1951109180815366
"In Paris, they banned driving due to smog.",0,Human,8,very_short,human_vs_ai_sentences,0,0.01428019475337458
You are unsure whether a dog or cat is a right pet for you.,0,Human,14,short,human_vs_ai_sentences,1,0.5562555353723705
"But in a false smile, the mouth is stretched sideways using the zygomatic major and a different muscle, the risorius."" This technology can be a very helpful learning system in anatomy or specific jobs like a behavior analysist.",0,Human,38,medium,human_vs_ai_sentences,0,0.2893735617000959
"Overall, we should stop viewing coffee simply as",1,AI,8,very_short,human_vs_ai_sentences,0,0.18791787880871894
This is simply not right.,1,AI,5,very_short,human_vs_ai_sentences,1,0.5503580283486308
Lastly membership into various denominations also offers access into supportive communities; having friends who share similar values means that members receive encouragement towards living according positive lifestyles rather than succumbing peer pressure encouraging destructive behavior like substance use or promiscuity (ex: church groups).,1,AI,43,medium,human_vs_ai_sentences,1,0.9470655423728379
More efficient?,0,Human,2,very_short,human_vs_ai_sentences,0,0.39207644351794757
When you zoom out and see the picture from 1976 the one that is not a close up you can easily see it is a face but then when you zoom in you might be like what is that.,0,Human,39,medium,human_vs_ai_sentences,0,0.01745878832894032
"In today's world, character is a difficult quality to define.",1,AI,10,very_short,human_vs_ai_sentences,1,0.8757517135330097
"Last but not least, students in a group together is not a good idea because of fights and arguments.",0,Human,19,short,human_vs_ai_sentences,1,0.5516843255570454
I hope that you will take the time to carefully weigh the pros and cons of both systems and make a decision that benefits the people of our state and the country as a whole.,1,AI,35,medium,human_vs_ai_sentences,1,0.879931682785681
"However, imagination can provide us with the ability to think creatively and innovatively, allowing us to succeed in",1,AI,18,short,human_vs_ai_sentences,1,0.9483932126291846
financial problems aren't a forgein subject.,0,Human,6,very_short,human_vs_ai_sentences,0,0.018173169466715107
Finally people are fun to hang out with like my English teacher Generic_Name she is a really good teacher and makes everyone smile and laugh.,0,Human,25,short,human_vs_ai_sentences,0,0.10477372770192687
"It can help with being productive, getting help for a student who might need it.",0,Human,15,short,human_vs_ai_sentences,1,0.90395981625662
"This exploration of interests and passions can lead to personal growth and self-discovery, which is equally important to employment.",1,AI,19,short,human_vs_ai_sentences,1,0.985470398886321
In two thousand and thirteen there were three thousand one hundred fifty-four people killed in distracted driver related crashes.,0,Human,19,short,human_vs_ai_sentences,0,0.03215039202004002
"After extensive investigation into the effects of providing an additional 1.5 hours to each school day, there is an abundance of evidence that supports the idea that providing students with more time for learning helps them succeed academically.",1,AI,38,medium,human_vs_ai_sentences,1,0.9220272304717633
"Ralph Waldo Emerson's words, ""Do not go where the path may lead, go instead where there is no path and leave a trail,"" have inspired generations of thinkers to push beyond their comfort zones in search of personal and professional growth.",1,AI,41,medium,human_vs_ai_sentences,1,0.9510895863876138
This can lead to better physical and mental health outcomes.,1,AI,10,very_short,human_vs_ai_sentences,1,0.822603367657991
me we get behind the wheel.,0,Human,6,very_short,human_vs_ai_sentences,0,0.13460278414708118
"student s say that oh man school is so boring, well that's is because they are trapped inside the walls of the school.",0,Human,23,short,human_vs_ai_sentences,0,0.10278433968159899
"Thirdly, working alone allows for more flexibility.",1,AI,7,very_short,human_vs_ai_sentences,1,0.9552754944412205
"All these charges, people who stopped car commuting as a result of the recession may find less reason to resume the habit.",0,Human,22,short,human_vs_ai_sentences,0,0.02939268107969597
"While critics argue that a popular vote system would be fairer, it must be acknowledged that the Electoral College requires candidates to campaign in diverse areas and consider the views of all Americans.",1,AI,33,medium,human_vs_ai_sentences,1,0.9187815910030553
"Sincerely,
[Your Name]",1,AI,3,very_short,human_vs_ai_sentences,1,0.9664565597621871
"While many people are safe drivers, car accidents are almost unavoidable.",0,Human,11,short,human_vs_ai_sentences,0,0.20473741001696769
Whats wrong with the electoral college you say?,0,Human,8,very_short,human_vs_ai_sentences,0,0.021613381634657224
"For example, if we wanted to tackle the current global climate crisis, we could learn from the history of past civilizations that have faced similar issues and the consequences of their policies.",1,AI,32,medium,human_vs_ai_sentences,1,0.9217908131130041
"Additionally, modern technology has made it easier for people to connect with others.",1,AI,13,short,human_vs_ai_sentences,1,0.9873278089540366
"I believe that the university education has many different functions, and that it is to prepare students for employment in many different ways.",1,AI,23,short,human_vs_ai_sentences,1,0.9495974671625145
For example lets say a student was disgusted or angered at some student the person could easily ignore him or prevent making eye contact with him.,0,Human,26,short,human_vs_ai_sentences,0,0.15781464775430862
"By denying them this opportunity, we may be contributing to a sedentary lifestyle and poor mental health.",1,AI,17,short,human_vs_ai_sentences,1,0.5465138261653921
"By time 2020 comes they'll be so many people rideing bikes to work and home, because they don't make enough money to by a car that was replaced with a self driving vehicle.",0,Human,33,medium,human_vs_ai_sentences,0,0.1662448164270151
I believe that the problem from being taught online is that you're not getting the help you would be able to get in class like actual 1 on 1 learning.,0,Human,30,short,human_vs_ai_sentences,0,0.12969972818837894
"For example if a student participates in the student council they would learn more about leadership,independence and authority which would also make those people better members of society if they had ever been a part of the student council.",0,Human,39,medium,human_vs_ai_sentences,0,0.4137981775423788
"As Emerson himself said, ""To be yourself in a world that is constantly trying to make you something else is the greatest accomplishment.""

Overall, Emerson's message is a powerful reminder that life is not a predetermined path, but rather a journey that we must navigate ourselves.",1,AI,46,medium,human_vs_ai_sentences,1,0.9238039726321433
If I had the decision of designing my summer project I would make it easy so that I had more time to relax rather than do school work.,0,Human,28,short,human_vs_ai_sentences,0,0.048837112506610894
"Overall though, I think we should keep this technology away from classrooms.",0,Human,12,short,human_vs_ai_sentences,0,0.12018610260054176
"Finally, limiting car usage can reduce traffic congestion.",1,AI,8,very_short,human_vs_ai_sentences,1,0.9892265248097476
"However, if that person has a broad knowledge base, he or she may have many more career options.",1,AI,18,short,human_vs_ai_sentences,1,0.6943448257815571
People should just directly vote for who they want as president and see where it goes from there.,0,Human,18,short,human_vs_ai_sentences,0,0.019426294535053266
"Like, I know I'm a busy person and all, but I can't do everything.",1,AI,14,short,human_vs_ai_sentences,1,0.6594173012304004
"For example, if the summer project for AP Biology was student-designed it may include a review on neurons and brain structure, but the course or teacher may never touch on that topic at all, therefore, making the entire summer assignment a waste of time and energy.",0,Human,46,medium,human_vs_ai_sentences,0,0.2641231929118932
The instrument that I'm now play is Villain my brother though I wasn't good enough to play a instrument.,0,Human,19,short,human_vs_ai_sentences,0,0.09869551206109915
Students need to be able to express themselves in creative ways and one of those ways is by allowing them to design their own project.,0,Human,25,short,human_vs_ai_sentences,0,0.34643629925945574
This is a feeling the children should not be exposed to at an age where you are just being a kid.,0,Human,21,short,human_vs_ai_sentences,0,0.06663075112685346
"I feel that it would be more of a distraction,if the system did a little more things to educate and help the students of a classroom learn then this would be very valuable.",0,Human,33,medium,human_vs_ai_sentences,0,0.12038139522391479
The number of visitors should expand.,0,Human,6,very_short,human_vs_ai_sentences,0,0.3043632156604516
"When considering whether to take time to think about a career before entering college or entering college right away, it is important to look at the benefits of taking time to consider a career.",1,AI,34,medium,human_vs_ai_sentences,1,0.998224516976204
"But, let's say I set a goal to learn how to play the guitar like a pro in a week.",1,AI,20,short,human_vs_ai_sentences,1,0.6997887934603609
"This prompt is so unrelatable, mainly because

I OWN A CAR!",0,Human,11,short,human_vs_ai_sentences,0,0.31877433750350487
"Without taking action, it is impossible to succeed.",1,AI,8,very_short,human_vs_ai_sentences,1,0.9297343573983575
"On the one hand, the flexibility and ability to learn at one's own pace can help students to achieve their academic goals.",1,AI,22,short,human_vs_ai_sentences,1,0.9872581804524699
"So, what do you think the Face in the ground was created by?",0,Human,13,short,human_vs_ai_sentences,0,0.1622930682506842
To certain students they can't just sit still and work.,0,Human,10,very_short,human_vs_ai_sentences,0,0.1309662501607495
A Seagoing Cowboy is a job that you dont see that often.,0,Human,12,short,human_vs_ai_sentences,0,0.03678928529450987
Computors aren't meant to be in control of our lives or our loved ones lives.,0,Human,15,short,human_vs_ai_sentences,0,0.25209046528866785
"For example, when a celebrity actor is cast in a new film, their personal life may be scrutinized for any controversy that may have an impact on the film’s success.",1,AI,30,short,human_vs_ai_sentences,1,0.9278277897363822
This could cause injury to whoever they were rushing to get to.,0,Human,12,short,human_vs_ai_sentences,0,0.05964794208823109
"As a responsible and concerned citizen, I strongly believe that limiting car usage is essential for the betterment of our community and the environment.",1,AI,24,short,human_vs_ai_sentences,1,0.897350842550247
Imagine you cannot give birth but you can adopt.,0,Human,9,very_short,human_vs_ai_sentences,0,0.14205363384839584
"But if you fron, the ad willl be different.",0,Human,9,very_short,human_vs_ai_sentences,0,0.02468050104396063
"While some students may have a negative outlook on science, it is essential to remember the importance of understanding the natural world",1,AI,22,short,human_vs_ai_sentences,1,0.9710128052340542
Limiting car usage can also help to reduce traffic congestion.,1,AI,10,very_short,human_vs_ai_sentences,1,0.9890829590126675
"The only way to cut down on polution is to stop using cars, or switch to hybrids and plug in cars.",0,Human,21,short,human_vs_ai_sentences,0,0.038214605712414404
"Bush, even though Al Gore won the popular vote.",1,AI,9,very_short,human_vs_ai_sentences,0,0.06828401666942692
"And they have these really cool campaign promises, like...",1,AI,9,very_short,human_vs_ai_sentences,1,0.7569197937017573
"For example, if a teacher is always talking too fast and their students can't understand them, the students should be able to tell them that so they can slow down.",1,AI,30,short,human_vs_ai_sentences,0,0.15920990037018914
"Henceforth my reasoning is that, if you care what other people think, or see, or even read!",0,Human,17,short,human_vs_ai_sentences,0,0.17474106882991108
"Everyone goes through hardships, and it is during these times that you discover your inner strength."" Churchill also said, ""The greatest glory in living lies not in never falling, but in rising every time we fall."" These quotes demonstrate Churchill's belief that failure is not the end of the road, but rather a stepping stone towards success.",1,AI,57,medium,human_vs_ai_sentences,1,0.9009004828741973
It is seperated away from all city life where people get around by walking to nearby stores.,0,Human,17,short,human_vs_ai_sentences,0,0.15325291285478698
"This can clearly be done because the author states, ""For example, if you smile when a Web ad appears on your screen, a similar ad might follow.",0,Human,27,short,human_vs_ai_sentences,1,0.7524170613146971
"Like, what if you have a late night at school or a sports game?",1,AI,14,short,human_vs_ai_sentences,1,0.5849190174267658
Thank you for your time.,1,AI,5,very_short,human_vs_ai_sentences,1,0.7256667451444049
To get things for free.,0,Human,5,very_short,human_vs_ai_sentences,0,0.03365935113781145
"Finally, gardening gives people something meaningful to do during their free time which can reduce stress levels by providing them with an activity they find fulfilling instead of just sitting on the couch watching TV all day long.",1,AI,38,medium,human_vs_ai_sentences,1,0.6964523469266478
"Moreover, given its low cost profile compared to buying an entire vehicle outright combined with its environmental friendliness makes it much easier even for those who may not normally consider green alternatives due to limited financial resources - furthering efforts towards greater widespread adoption across all communities regardless of socioeconomic status.",1,AI,51,medium,human_vs_ai_sentences,0,0.29789786443933214
We actaully need this Ozone hole to protect us from the dangerous sun rays.,0,Human,14,short,human_vs_ai_sentences,0,0.07234481299634593
"For example, some simplified electronics made of silicon carbide have been tested in a chamber simulating the chaos of Venus's surface and have lasted for three weeks in these conditions.",0,Human,30,short,human_vs_ai_sentences,0,0.11799129012967773
"First, it would ensure that every American's vote counted equally.",1,AI,10,very_short,human_vs_ai_sentences,1,0.5714114314643789
"It's like, why do we need to do more work at home when we already did work all day at school?",1,AI,21,short,human_vs_ai_sentences,1,0.566452268623127
Playing on a sports team requires you to put in the hard work outside of school as well as in school which helps you to prepare for future teams and activities .,0,Human,32,medium,human_vs_ai_sentences,0,0.282258013320849
"It can reduce greenhouse gas emissions, improve air quality, and save money.",1,AI,12,short,human_vs_ai_sentences,1,0.9738880837276527
"This is due to a number of factors, including the high cost of owning and operating a car, the environmental damage caused by car emissions, and the traffic congestion that cars create.",1,AI,32,medium,human_vs_ai_sentences,1,0.9862080523468634
"So, if you like animals, you should join Seagoing Cowboys.",0,Human,10,very_short,human_vs_ai_sentences,0,0.11611500174404989
"""The greater danger for most of us lies not in setting our aim too high and falling short; but in setting our aim too low and achieving our mark."" It's like, totally deep, you know?",1,AI,35,medium,human_vs_ai_sentences,1,0.8988287727879882
His persistence and willingness to fail helped him achieve success.,1,AI,10,very_short,human_vs_ai_sentences,1,0.6298133432941593
"Title: The Benefits of Limiting Car Usage: Lessons from Vauban, Paris, Bogota and Beyond 

Across the globe, from American suburbs to bustling European cities and beyond, a cultural shift is underfoot – the reduction and adaptation of car usage.",1,AI,39,medium,human_vs_ai_sentences,1,0.839028900511051
"So, I've been setting a schedule for myself.",1,AI,8,very_short,human_vs_ai_sentences,1,0.8576364229996946
"I think that's the only time you can check your phone, and I'm not talking about checking your whole social media accounts.",0,Human,22,short,human_vs_ai_sentences,0,0.15272203514872607
Why people should make their own decisions for them self.,0,Human,10,very_short,human_vs_ai_sentences,0,0.1315217202452073
"You need to buy the car, then buy insurance etc.",0,Human,10,very_short,human_vs_ai_sentences,0,0.003998909506693659
It is time for us to abolish the Electoral College and elect our president by popular vote.,1,AI,17,short,human_vs_ai_sentences,0,0.43377455122847436
"📚

Lastly, advice can help you grow as a person.",1,AI,10,very_short,human_vs_ai_sentences,1,0.7143880344361389
One place that I would like to visit is Pakistan.,0,Human,10,very_short,human_vs_ai_sentences,0,0.17031847784845944
In addition to eating balanced meals throughout the day it’s also important not to forget about hydration; water makes up 60% of an adult human's body so staying properly hydrated helps keep your cells functioning optimally which aids performance both mentally & physically!,1,AI,43,medium,human_vs_ai_sentences,1,0.6033464333036888
It is important not only for governments but also individuals around the world take action against air pollution if we want future generations have access safe breathable air environment free from harmfull toxins present in our current climate system .,1,AI,40,medium,human_vs_ai_sentences,1,0.7524819832879716
By changing the policy you're actually doing something about it.,0,Human,10,very_short,human_vs_ai_sentences,0,0.1764025927390543
"All of these situations can create a barrier between themselves and others, and setting of a good impression is probably not at the top of their list of important things to do.",0,Human,32,medium,human_vs_ai_sentences,1,0.9191438917409989
"In conclusion, there are several advantages to limiting car usage, including the reduction of greenhouse gas emissions, improvement in air quality, promotion of alternative transportation, and the creation of more pedestrian-friendly communities.",1,AI,32,medium,human_vs_ai_sentences,1,0.9882100542930713
"The reason i belive it wont hurt you as bad is because, you would believe in your self and wont let other negative attitude ruin yours.",0,Human,26,short,human_vs_ai_sentences,0,0.12589678585047584
"In my opinion, animals should be treated as pets rather than resources because they have emotions and feelings just like humans.",1,AI,21,short,human_vs_ai_sentences,0,0.19738911063389203
Cell phones are the leading factors that cause accidents.,0,Human,9,very_short,human_vs_ai_sentences,0,0.048560656377583895
"So, I was assigned to write an essay about the advantages and disadvantages of graduating in three years compared to four years in high school.",1,AI,25,short,human_vs_ai_sentences,1,0.9339068993701342
It also gives them an oppotunity to sucsseed and graduate.,0,Human,10,very_short,human_vs_ai_sentences,0,0.43981153406360807
"In a small town with the population of 5,500, Vauban, Germany, the streets are completely ""car-free"", which does not include public transportation and certain roads meant for driving.",0,Human,28,short,human_vs_ai_sentences,0,0.36737771512609757
We approach life challenges as opportunities to learn and grow.,1,AI,10,very_short,human_vs_ai_sentences,1,0.9188749772088479
"I gained confidence, independence, and a new perspective on the world.",1,AI,11,short,human_vs_ai_sentences,1,0.9377315370878317
Lets say you needed to miss school because you are traveling with family and you had a test the day you are arriving back in town.,0,Human,26,short,human_vs_ai_sentences,0,0.03745243672300935
"I have always been fascinated by the human body and how it works, and I believe that becoming a doctor would allow me to help people and make a positive impact on their lives.",1,AI,34,medium,human_vs_ai_sentences,1,0.8778702192562929
I have always been aware of the power of first impressions.,1,AI,11,short,human_vs_ai_sentences,1,0.8319641119523453
Students always wants things that are exciting and fun.,0,Human,9,very_short,human_vs_ai_sentences,0,0.11266475062191297
It provides economic benefits – Having access to efficient public transportation helps promote economic growth by connecting people with job opportunities they may not otherwise have had access too - leading to greater socio-economic inclusion among various communities around the world!,1,AI,41,medium,human_vs_ai_sentences,1,0.9720077790882553
"The advantages of limiting car usage would be the reduction of greenhouse gasses and smog, the conservation of nonrenewable resources used in cars, and making communities stronger by coming together to stop the driving of cars.",0,Human,36,medium,human_vs_ai_sentences,1,0.7201601812260845
"First and foremost, basketball is addictive because of the thrill of competition.",1,AI,12,short,human_vs_ai_sentences,1,0.505520606506044
All humans and technology are not perfect.,0,Human,7,very_short,human_vs_ai_sentences,0,0.4139930643018217
Having two more hours means that those student whom does not do anything after school can have more time con do their school work as well study more for their test.,0,Human,31,medium,human_vs_ai_sentences,0,0.3143993011167879
"Hey, it's me, your average 8th grade student!",1,AI,8,very_short,human_vs_ai_sentences,1,0.9683692276885326
"In reality, however, they are voting for their electors instead.",0,Human,10,very_short,human_vs_ai_sentences,0,0.22460187041371238
"The very first servere danger, the author explains is in paragraph three as they get into the specifis of the sulfuric atmosphere as stated "" Even more challenging are the clouds of highly corrosive sulfuric acid in Venus's atmosphere"" this line shows that this dangerously corrosive gas creates a huge problem for the space program NASA.",0,Human,56,medium,human_vs_ai_sentences,0,0.01733218943777775
"However, there is a growing concern among teachers that the overuse of E-dictionaries might have more disadvantages than advantages for English learning.",1,AI,22,short,human_vs_ai_sentences,1,0.7941780885657458
"Anyways, social media has impacted society big time.",1,AI,8,very_short,human_vs_ai_sentences,1,0.8226787240450549
"Human society is reliant on constant motion, communication, and contact, and driverless cars help foster these relationships between people, not only by allowing people to move from place to place more quickly, but also by improving psychological health, with decreased stress from driving, and by preventing injuries and deaths due to road accidents.",0,Human,53,medium,human_vs_ai_sentences,1,0.6232185277707365
Cell phones are also used as navigational tools.,0,Human,8,very_short,human_vs_ai_sentences,0,0.1386433639958347
com/tips/dangerstexting,0,Human,1,very_short,human_vs_ai_sentences,0,0.08345801198335331
"Sincerely, STUDENT_NAME",0,Human,2,very_short,human_vs_ai_sentences,0,0.05579558524909225
I personally believe to do so because the activities can help you in many ways and get you friends.,0,Human,19,short,human_vs_ai_sentences,0,0.24347087417125104
"Through virtual learning platforms, many teachers hold virtual office hours where students can log in for one-on-one help.",1,AI,18,short,human_vs_ai_sentences,1,0.5387553037525223
Her smile look like different she can't smile like us.,0,Human,10,very_short,human_vs_ai_sentences,0,0.23337910064137002
I also believe that if they use something more mordern that it would make it esaier for voting and electing so theat they wont have to worry about the problems with electing a new president.,0,Human,35,medium,human_vs_ai_sentences,0,0.11193571432647505
"You can make a now friend by doing something kind ,or by just being nines to them.",0,Human,17,short,human_vs_ai_sentences,0,0.11364901223515302
"Everyone’s journey to success shares a common formula: start with a goal in mind, brainstorm a plan of action, find the motivation to keep going, and learn from mistakes along the way.",1,AI,32,medium,human_vs_ai_sentences,1,0.9406582474352801
"let's start with something simple, such as a math problem.",0,Human,10,very_short,human_vs_ai_sentences,1,0.9609399792097406
With that being said Elctoral votes should be elinimated from voting the next president.,0,Human,14,short,human_vs_ai_sentences,0,0.012838180398653618
"Additionally, some students may have family or financial obligations that make it difficult for them to participate in extracurricular activities.",1,AI,20,short,human_vs_ai_sentences,1,0.9168960200711213
A good benefit is less polution.,0,Human,6,very_short,human_vs_ai_sentences,0,0.20896821018483724
Giving back to one's community is an important aspect of growing up.,1,AI,12,short,human_vs_ai_sentences,1,0.8284853261218394
NASA has many diffrent ways that this is not an alien.,0,Human,11,short,human_vs_ai_sentences,0,0.02881644770290176
"Sitting somewhere uncomfortable will not help with focusing on what is being taught, because your mind will only think about how uncomfortable you really are and then results in you missing what was taught and then ending in you getting a bad grade on the test/quiz.",0,Human,46,medium,human_vs_ai_sentences,0,0.22822030977841776
"On the other hand, having a policy that does not allow phones during school lunch can help create an environment that is less distracting for both students and staff.",1,AI,29,short,human_vs_ai_sentences,0,0.37960668966753464
"And let's be real, who doesn't want to be around someone who's always brightening up the mood?",1,AI,17,short,human_vs_ai_sentences,1,0.6896045421348277
So are they worth it?,0,Human,5,very_short,human_vs_ai_sentences,0,0.19630733429002833
"To start, cars expel shocking amounts of greenhouses gases from their tailpipe.",0,Human,12,short,human_vs_ai_sentences,0,0.09223088588597445
"Second, advertisers often exaggerate the benefits of a product.",1,AI,9,very_short,human_vs_ai_sentences,1,0.8834619311560972
They can see how the world works.,1,AI,7,very_short,human_vs_ai_sentences,0,0.24764522075116555
"Overall, while FACS aims to provide useful insights, care must be taken to respect student privacy and avoid over-reliance on numerical emotion readings over human judgment and interaction.",1,AI,28,short,human_vs_ai_sentences,1,0.7550699804364401
If they had something they didn't want us to know about they would have kept it to themselves.,0,Human,18,short,human_vs_ai_sentences,0,0.01746088554392704
"Responsibility, being an every day part of life, is a big reason that i think this new type of education would help students, as it will help them out later on during life.",0,Human,33,medium,human_vs_ai_sentences,0,0.22806733417193872
I also want to say that changing to a popular vote system would be hard to do.,1,AI,17,short,human_vs_ai_sentences,0,0.3833246482119718
"First of all, being idle is like, super wasteful.",1,AI,9,very_short,human_vs_ai_sentences,1,0.8379864058129131
The next thing the you need to think about is the team work.,0,Human,13,short,human_vs_ai_sentences,0,0.0537091252430079
"With the Electoral College, it all depnds on if you state agrees to have a certain person as president.",0,Human,19,short,human_vs_ai_sentences,0,0.25058751249644906
When using social media responsibly it can be a great source of fun entertainment but users should be aware of their interactions online so they do not get caught up in unhealthy habits like cyberbullying or other forms of harm done towards others via the internet which could have damaging effects beyond what one might expect initially.,1,AI,57,medium,human_vs_ai_sentences,1,0.5736218676672566
"These friendships were much more fulfilling and lasting, because they were based on mutual respect and understanding.",1,AI,17,short,human_vs_ai_sentences,1,0.8724585537978151
Some people think that students should make their own summer assignment.,0,Human,11,short,human_vs_ai_sentences,0,0.0292048202367265
"Next reason, offer to learning to night is better too, for example, some people things that is better option too, however, not a lot person have some opportunity to attend classes in home in the morning or late.",0,Human,38,medium,human_vs_ai_sentences,1,0.5798713600538977
"Wooster, a cattle boat with more than 300 horses.",0,Human,9,very_short,human_vs_ai_sentences,0,0.02121451565509063
"However, this is also not true.",1,AI,6,very_short,human_vs_ai_sentences,1,0.9433587339297193
"It's like the old saying goes, ""Smile and the world smiles with you, cry and you cry alone."" But why is having a good attitude so important?",1,AI,27,short,human_vs_ai_sentences,1,0.5798488083152519
"This means that they can take work with them wherever they go, and they can work at their own pace.",1,AI,20,short,human_vs_ai_sentences,1,0.953803575128547
"Therefore, it is important for students to question what they are taught, instead of accepting it passively.",1,AI,17,short,human_vs_ai_sentences,1,0.8626329849266502
"Self-driving cars, electric cars, and the densification of cities will all lead to a decrease in the number of cars on the road.",1,AI,23,short,human_vs_ai_sentences,0,0.32926353268594827
"Furthermore, when left unchecked this type of material will take hundreds of years to decompose completely meaning that its presence in landfills will remain long after it has been disposed of contributing to ever-growing piles of trash across planet Earth.",1,AI,40,medium,human_vs_ai_sentences,1,0.6643321624876002
"What is your opinion of the statement, ""Students should be taught facts, not ideas.""?",1,AI,14,short,human_vs_ai_sentences,0,0.015485735836390823
Or the frontalis pars lateralis muscle.,0,Human,6,very_short,human_vs_ai_sentences,0,0.004239300589339134
I know I wouldn't.,0,Human,4,very_short,human_vs_ai_sentences,0,0.20800317703125457
"Cars are a major source of air pollution, which can cause respiratory problems, heart disease, and cancer.",1,AI,17,short,human_vs_ai_sentences,1,0.9228336425374717
Another benefit to having a student create their own prompt or project is having your teacher or professor learn a thing or two.,0,Human,23,short,human_vs_ai_sentences,0,0.24237256510911706
Another problem that technology has brought about is cyberbullying.,1,AI,9,very_short,human_vs_ai_sentences,1,0.5211301169786743
where going good the through and using more democratic.,0,Human,9,very_short,human_vs_ai_sentences,0,0.3477130501869779
"I believe that the primary purpose of a university education is to provide students with the opportunity to gain a deep understanding of a particular subject area, as well as develop critical thinking and problem-solving skills.",1,AI,36,medium,human_vs_ai_sentences,1,0.8559657132081279
"Moreover, people use arguments that phones are necessary in emergency situations.",0,Human,11,short,human_vs_ai_sentences,1,0.5256722324894477
"The artical states that, ""Your home PC can't handle the complex algorithms used to decode Mona Lisa's smile."" If Huang, creator of the computer program, could creat a more home friendly version of the softwear it could improve the uses of such technology.",0,Human,43,medium,human_vs_ai_sentences,0,0.15798320934640833
"However, there have been some downside effects, too.",1,AI,8,very_short,human_vs_ai_sentences,1,0.8000136289927836
"He is a successful entrepreneur who has started dozens of businesses, including Virgin Atlantic Airways, Virgin Records, and Virgin Mobile.",1,AI,20,short,human_vs_ai_sentences,1,0.7772637669381977
"It ensures that large states receive more attention from candidates, considering their larger populations, while still providing a voice to small states.",1,AI,22,short,human_vs_ai_sentences,1,0.9697893769704317
The new technology called Facial Action Coding is valuable.,0,Human,9,very_short,human_vs_ai_sentences,0,0.15910015311963685
"Unlike some people who can't live without their car for more than 2 days, A whole community has been without one for much longer.",0,Human,24,short,human_vs_ai_sentences,0,0.17530461772968417
Texting and driving has been the biggest districation in the world.,0,Human,11,short,human_vs_ai_sentences,0,0.13303012721846838
"When i heard about driverless cars i was shocked that they really were coming up with such a thing , yeah its cool but at the same time it is extremely dangerous.",0,Human,32,medium,human_vs_ai_sentences,0,0.0070097947755196335
"In conclusion, Policy Two is a better policy because it prevents many issues in school.",0,Human,15,short,human_vs_ai_sentences,0,0.42757699297829105
Reason two Albert Einstein used his imagination to be really smart and creative.,0,Human,13,short,human_vs_ai_sentences,0,0.28858013826986534
"I think having students participate in extracurricular activities is a great idea, for it can help students decide what they want to to in the future, boast courage levels, and students can have fun.",0,Human,34,medium,human_vs_ai_sentences,0,0.13519118109657996
"For example, some students may not have the time or resources to participate in an extracurricular activity, which can cause stress and make it difficult for them to keep up with their grades.",1,AI,33,medium,human_vs_ai_sentences,1,0.9172643063891353
"Dear Senator,

I believe that the Electoral College should not be changed becuase it brings to does not bring many problems to the government and that affects our states way of working.",0,Human,32,medium,human_vs_ai_sentences,0,0.2890757679761049
"Also, what if a student misses the bus, if cell phones are not allowed at school at all, than how would you be able to tell your mom to come pick you up?",0,Human,33,medium,human_vs_ai_sentences,0,0.05889411594445279
Another reason why the school board should not add more time to the school day is the fact that many students have plans after school.,1,AI,25,short,human_vs_ai_sentences,0,0.023866432003955315
"This trend, while seemingly alarming in our technologydependent universe, offers several advantages, from a better environment to healthier citizens and communities, and encouraging and promoting this pattern may just be as revolutionary for the planet as the introduction of the first car over a century ago.",0,Human,46,medium,human_vs_ai_sentences,1,0.8016666126332908
Well it seems the trend has effected us as well.,0,Human,10,very_short,human_vs_ai_sentences,0,0.017082424353624077
"However, sometimes it doesn work that way.",0,Human,7,very_short,human_vs_ai_sentences,1,0.6672842157961624
"Like, if someone is really into fashion, they might start dressing differently to fit in with their friends.",1,AI,18,short,human_vs_ai_sentences,1,0.9017697218305966
If students were allowed to create their own summer projects it would give them a sense of control over their learning that is often lost throughout the school year.,0,Human,29,short,human_vs_ai_sentences,0,0.1536662102773797
"Pollution is a horrible topic that everyone wants to stop, however everyone is ignoring one of its sources.",0,Human,18,short,human_vs_ai_sentences,0,0.11050235652782095
"Um, I think so...",1,AI,4,very_short,human_vs_ai_sentences,0,0.466022894178041
"If the call is really important then you can pull over from where you are and answer the phone at least try to think about others on the road

A call or even a text can wait until you get to where you are going, ,cell phones should not be allowed while you are driving.",0,Human,55,medium,human_vs_ai_sentences,0,0.011268350268671805
Despite the importance of libraries throughout American History from colonial times on up to today’s digital age there remains a need to continue investing in our public libraries if we hope to keep them relevant for future generations.,1,AI,38,medium,human_vs_ai_sentences,1,0.8998558698132219
"Finally, distance learning allows students to attend classes from anywhere.",1,AI,10,very_short,human_vs_ai_sentences,1,0.6904629213186617
"And, like, your upbringing can totally shape your outlook too.",1,AI,10,very_short,human_vs_ai_sentences,1,0.9877243790152146
Do you personally believe in aliens?,0,Human,6,very_short,human_vs_ai_sentences,0,0.22518502504039314
It helps finding your decision by finding what you agree with.,0,Human,11,short,human_vs_ai_sentences,1,0.6073208232438154
"In conclusion, making a good first impression is essential.",1,AI,9,very_short,human_vs_ai_sentences,1,0.9498649841998522
"I'm going to take position on myself to spoken in this introduction, things did i most enjoy in high school is having the opportunity to study here in the United State.",0,Human,31,medium,human_vs_ai_sentences,1,0.6596460583272497
"Additionally, I have volunteered at [Volunteer Organization], where I gained experience in teamwork and leadership.",1,AI,15,short,human_vs_ai_sentences,1,0.9883917064786282
If a student is late or sick one day instead of missing precious class time and material they now can catch up on later in the day with out any backlash.,0,Human,31,medium,human_vs_ai_sentences,0,0.13218962294399036
"For example, Jobs refused to seek medical treatment for his cancer, which ultimately led to his death.",1,AI,17,short,human_vs_ai_sentences,1,0.9790482742974034
"Although every family’s situation is unique and requires individualized attention, there are certain strategies that all parents struggling during this time should keep in mind when tackling the challenge of caring for their special needs child over the summer months.",1,AI,40,medium,human_vs_ai_sentences,1,0.8130852921834911
"Instead, they prefer getting rides and car-pooling with friends.",0,Human,9,very_short,human_vs_ai_sentences,0,0.47017505226843187
"Online schools may be more popular in the future, but for the present traditional schools are more effective for the growth of students.",0,Human,23,short,human_vs_ai_sentences,1,0.5828248588447578
"Moreover, teachers may find it easier to manage difficult student behaviors if there is an animal present since many will naturally gravitate towards them instead becoming disruptive when boredom hits during long lectures or group activities.",1,AI,36,medium,human_vs_ai_sentences,1,0.6787146685346993
"This is saying that sometimes people don't put much effort into emotions like for instance smiling, sometimes people don't smile as broadly as they would like to.",0,Human,27,short,human_vs_ai_sentences,0,0.12731615498122656
They also allow for a more personal and unique experience when receiving greetings from friends and family.,1,AI,17,short,human_vs_ai_sentences,1,0.8760659210305232
"Creativity can come from even the most unlikely sources; however, without guidance from teachers this potential might remain untapped.",1,AI,19,short,human_vs_ai_sentences,1,0.804514387567431
"It's not, like, the end of the world or anything.",1,AI,10,very_short,human_vs_ai_sentences,1,0.9287960141660503
"It doesnt benefit kid's learning in any type of way the only way it does benefit them is by the coding, they could learn coding and get a good job with that.",0,Human,32,medium,human_vs_ai_sentences,0,0.21166133620789337
If we the people are the ones making this country and or state run then we in which should be the ones having the final say so in which who are president should be.,0,Human,34,medium,human_vs_ai_sentences,0,0.030389503791621378
"Getting advice from more than just one person can give you lots of better advice, expand your ideas, and make yourself develop a non-bias point of view.",0,Human,27,short,human_vs_ai_sentences,0,0.022072757417403346
Even though Scientist proved that they could detect someone's emotion.,0,Human,10,very_short,human_vs_ai_sentences,0,0.09894650992317988
"""Acording to a Gallop poll in 20didate"".",0,Human,7,very_short,human_vs_ai_sentences,0,0.13224723995391127
"By being true to ourselves, we can also bring our unique skills and talents to the workplace, leading to greater success and job satisfaction.",1,AI,24,short,human_vs_ai_sentences,1,0.9973954756491589
"By consuming just one or two medium-sized apples per day, studies show that it can lower LDL (bad) cholesterol by up to 8%.",1,AI,23,short,human_vs_ai_sentences,0,0.1314051923023285
"Employees who are responsible and hardworking are more likely to be promoted to higher positions within the company, as they demonstrate the skills and qualities required to succeed.",1,AI,28,short,human_vs_ai_sentences,1,0.9125416272839273
"By allowing students to take photos, watch videos, or access online resources, teachers can provide more tailored instruction, better engage with their students, and support the development of digital literacy skills.",1,AI,31,medium,human_vs_ai_sentences,1,0.9495396240590193
"In addition to my passion for baking and my strong work ethic, I am also a people person.",1,AI,18,short,human_vs_ai_sentences,1,0.928400218814969
I am aware of the ongoing discussions regarding either keeping the Electoral College or moving to choosing our president by popular vote.,1,AI,22,short,human_vs_ai_sentences,0,0.1371663046343863
The support of this idea is that you don't have to get up so early to get ready and go to school.,0,Human,22,short,human_vs_ai_sentences,0,0.08620634428424416
"It is far better to have the courage to aim for excellence, even if it means taking risks, falling short, and learning from those mistakes.",1,AI,25,short,human_vs_ai_sentences,1,0.943679037100527
"My teacher was focusing on the most efficient way to solve the problem, while my tutor was focusing on the way that would help me understand the concept better.",1,AI,29,short,human_vs_ai_sentences,0,0.20938360326257438
Many of the studnets home is to far and maybe can't come or is come let.,0,Human,16,short,human_vs_ai_sentences,0,0.10091472201516907
"The author then concludes his reasoning with how, ""...",0,Human,9,very_short,human_vs_ai_sentences,0,0.023004263482117444
"For example, when I joined the student council in high school, I was able to learn how to work on a team more effectively and how to stay organized during a project.",1,AI,32,medium,human_vs_ai_sentences,1,0.9274734586281909
There are a number of advantages to limiting car usage.,1,AI,10,very_short,human_vs_ai_sentences,1,0.8882868534817071
Just A Natural Landform..,0,Human,4,very_short,human_vs_ai_sentences,0,0.04796664956021586
"While it may not encapsulate a modern sense of democracy, it takes into account the federal being of our country, balancing the scales between populous cities and smaller rural regions (Source 15).",1,AI,32,medium,human_vs_ai_sentences,1,0.8876823027448035
What would you say?,0,Human,4,very_short,human_vs_ai_sentences,0,0.025783717408384126
"Thirdly, seeking advice from experts and authorities can help individuals seek guidance from trained professionals.",1,AI,15,short,human_vs_ai_sentences,1,0.9264483194580029
"For instance, now people are starting to prove that aliens are real because of a big face-shaped mountain on Mars.",0,Human,20,short,human_vs_ai_sentences,0,0.23498005773914946
"Being able to land an internship soon after graduating early was difficult, but the time I had to prepare made it possible for me to stand out during the interviewing process.",1,AI,31,medium,human_vs_ai_sentences,1,0.9369692033204975
"It also says in that same passage that texting and driving ""portrays an awful example to them!",0,Human,17,short,human_vs_ai_sentences,0,0.16196834526506182
"Thirdly, it could create conflicts of interest and biases if faculty members have personal or financial interests in the industries they work in.",1,AI,23,short,human_vs_ai_sentences,1,0.6309110502496781
Just taking one look down at your phone could risk you your life or theirs.,0,Human,15,short,human_vs_ai_sentences,0,0.03885592761757937
"For example, when I have to wake up early I stress a lot because I have to get ready fast and walk to my bus stop and sometimes I skipped breakfast because I study when I get to school.",0,Human,39,medium,human_vs_ai_sentences,0,0.10659217386064421
And let's not even get started on the lack of personal teaching .,1,AI,13,short,human_vs_ai_sentences,1,0.7216465795335214
"While this trend may be seen by some as risky or unproven, there is no denying that Eastern medicine practices have been around for centuries and can offer many benefits when it comes to managing one's health problems.",1,AI,38,medium,human_vs_ai_sentences,1,0.6094049206991854
On the other hand the electoral college should not be taken away because our founding fathers established it.,0,Human,18,short,human_vs_ai_sentences,0,0.2652413428989989
Also my counselor told to my English teacher to give me books to read during the next summer and she did it.,0,Human,22,short,human_vs_ai_sentences,0,0.11689412571301863
Most people who smoke weed still go to work and do their jobs just fine.,1,AI,15,short,human_vs_ai_sentences,0,0.05689162100186703
"Conversing with multiple people is helpful because it will cause the person seeking the advice to view the problem from many different angles, teach people how to collaborate well with others, and it will cause people to develop a positive attitude towards overcoming problems.",0,Human,44,medium,human_vs_ai_sentences,1,0.5565225398319654
There is no right or wrong answer to this question - it is entirely up to the individual's personal opinion.,1,AI,20,short,human_vs_ai_sentences,0,0.07388153888482796
"In conclusion, while there are merits to both having a broad knowledge of many academic subjects and specializing in one specific subject, I believe that it is better to have a broad knowledge of many academic subjects.",1,AI,37,medium,human_vs_ai_sentences,1,0.9377409737351777
"""'It's a good opportunity to take away stress and lower air pollution' said businessman Carlos arturo as he rode a two-seat bicycle with his wife"" Taking away the need for cars not only takes away stress but it also takes away air pollution.",0,Human,43,medium,human_vs_ai_sentences,0,0.22291002303716323
In Vauban they have reconstructed the roadways and car garages into walkways and new stores so the residents have more access to the places they need to be.,0,Human,28,short,human_vs_ai_sentences,0,0.1311039166269914
"When we don't have to be in a classroom and see our friends and teachers every day, it can feel like school isn't as important.",1,AI,25,short,human_vs_ai_sentences,1,0.6731962516662412
"A required participation should be enforced, for the benefit of all students.",0,Human,12,short,human_vs_ai_sentences,0,0.09304090397591193
"This has many positive effects, but has also caused many cultures to feel homogenized or to disappear altogether.",1,AI,18,short,human_vs_ai_sentences,1,0.8826978123723577
"It's like, totally important to be aware of the choices we're making and the impact they have on our lives, but at the end of the day, we're the ones in charge of our own destinies.",1,AI,36,medium,human_vs_ai_sentences,1,0.9967571285390263
"To teach students about the importance of perseverance in the face of failure, educators can incorporate stories of successful individuals who have overcome failure into their curriculum.",1,AI,27,short,human_vs_ai_sentences,1,0.9673969859437886
"Like, I met this one girl in my class who moved here from Japan and we became best friends because we could talk on our phones during lunch and stuff.",1,AI,30,short,human_vs_ai_sentences,1,0.6124495821280638
But it's not just about learning new things – it's also about building relationships and character.,1,AI,16,short,human_vs_ai_sentences,1,0.9931134279259347
Children growing up need a place to go to be able to learn with and grow alongside others and to be able to create friendships and bonds that last for years.,0,Human,31,medium,human_vs_ai_sentences,1,0.6763025476031299
If Principals start to require students to perform community service for a certain amount of hours than our society will look and feel 100 times better than before.,0,Human,28,short,human_vs_ai_sentences,0,0.3430454435702118
One reason young people might not give enough time to helping their communities could be because they are busy with their own lives.,1,AI,23,short,human_vs_ai_sentences,1,0.8402149799792091
"So, you have to decide which option you want to take.",0,Human,11,short,human_vs_ai_sentences,0,0.4567119203021201
"Moreover, technology has also helped businesses to reach more consumers and increase their profits.",1,AI,14,short,human_vs_ai_sentences,1,0.9574594019415631
"Like, she'll take us to soccer",1,AI,6,very_short,human_vs_ai_sentences,1,0.8295675394201303
Without going to college it will be fairly hard to find a job that will give you good money.,0,Human,19,short,human_vs_ai_sentences,0,0.08317122479972633
"Despite the occasional criticisms and calls for change, the Electoral College system has stood the test of time and has proven to be a fair and effective method for electing the President of the United States.",1,AI,36,medium,human_vs_ai_sentences,1,0.9020748186356325
It can also help people who have a lot of pain.,1,AI,11,short,human_vs_ai_sentences,1,0.7923237581121171
"In order to safely operate a manual transmission vehicle, it is important for drivers to understand the basics such as what all the gears do, how they interact with one another, and the different techniques used in changing from one gear ratio into another.",1,AI,44,medium,human_vs_ai_sentences,1,0.7413581318635549
"Dear Principal [Name],

I am writing to express my opinion on the possible policy change that would require students to have at least a grade B average to participate in sports or other activities.",1,AI,34,medium,human_vs_ai_sentences,0,0.45011192379568943
"Second, join a carpool or a vanpool.",1,AI,7,very_short,human_vs_ai_sentences,0,0.3235200007041798
While using a phone it becomes harder for the driver to be completely focus.,0,Human,14,short,human_vs_ai_sentences,0,0.0643877440127145
"Soccer is also a great way to spend time with friends and family, as it allows you to work together as a team and bond over a shared activity.",1,AI,29,short,human_vs_ai_sentences,1,0.7318909651988043
"When you want more advice you should talk to your parents, friends , or a older sibling.",0,Human,17,short,human_vs_ai_sentences,0,0.011079470199990215
Another advantage of online classes is that they often offer a wider range of courses than traditional brick-and-mortar schools.,1,AI,19,short,human_vs_ai_sentences,1,0.8412018803141869
"This exposure to different activities can help students discover what they enjoy and what they don't, leading to a more informed decision when choosing their future career path.",1,AI,28,short,human_vs_ai_sentences,1,0.8684982278476933
Boom!,0,Human,1,very_short,human_vs_ai_sentences,1,0.7316382212214432
"Ultimately, the best approach will depend on a student's individual learning style and needs.",1,AI,14,short,human_vs_ai_sentences,1,0.7735873301848015
Can the electors be trusted?,0,Human,5,very_short,human_vs_ai_sentences,0,0.0743828647402371
One con is that they can be distracting.,1,AI,8,very_short,human_vs_ai_sentences,0,0.35723571700888124
As I said before there are a lot more pros to phones being allowed to be used behind the wheel.,0,Human,20,short,human_vs_ai_sentences,0,0.12734541090302426
"Additionally, graduating early can also put pressure on students to make decisions about their future before they are fully prepared to do so.",1,AI,23,short,human_vs_ai_sentences,1,0.9087732699945392
"😴 And, it can also be distracting if we're not using it for learning stuff.",1,AI,15,short,human_vs_ai_sentences,1,0.892986829173054
"In conclusion, there are many advantages to limiting car usage.",1,AI,10,very_short,human_vs_ai_sentences,1,0.8147952008960034
"Some students might be up for the challenge, but others won't come or wouldn't do a good job.",0,Human,18,short,human_vs_ai_sentences,0,0.06438742052545852
In a report posted by TheZebra.,0,Human,6,very_short,human_vs_ai_sentences,0,0.09817796472439823
"In that election, Hillary Clinton won the popular vote by nearly 3 million votes, but Donald Trump won the Electoral College and became president.",1,AI,24,short,human_vs_ai_sentences,1,0.7264714321353009
As explained by Judge Richard A.,1,AI,6,very_short,human_vs_ai_sentences,1,0.8026360352413928
"The dread that comes with knowing you have to wake up much before you'd normally wake up is a terrible feeling, not made much better upon the realization that you have to get in the routine of waking up early five days a week.",0,Human,44,medium,human_vs_ai_sentences,0,0.04977895628107093
Cell phones have internet and we can do a lot of our work with it.,0,Human,15,short,human_vs_ai_sentences,0,0.27581381346164796
"In terms of psychological benefits, regular runs have shown to help reduce anxiety by providing individuals with a periodical escape from daily pressures while at the same time encouraging positive thinking patterns which replace negative ones; this leads to higher levels of self-confidence and improved moods overall.",1,AI,47,medium,human_vs_ai_sentences,1,0.7842435463739792
"In conclusion, Winston Churchill's statement that ""Success is not final, failure is not fatal: It is the courage to continue that counts"" emphasizes the importance of perseverance and enthusiasm in achieving success.",1,AI,32,medium,human_vs_ai_sentences,1,0.993895729520869
if you want them to concentrate more on their school work more then they concentrate on their phone.,0,Human,18,short,human_vs_ai_sentences,0,0.2235275138080738
Also the Electoral College consists of 538 electors.,0,Human,8,very_short,human_vs_ai_sentences,0,0.06570207280924333
"This is an big reason on limiting car usage as it is shown that it can help the earth

It is evident that limiting vehicle usage is pivotal, and the various advantages of what it can lead to.",0,Human,38,medium,human_vs_ai_sentences,1,0.9134042820858707
"Some people might argue that cars would be faster, but if you take a car you are going to be mor at risk of an accident, you're going to be polluting the air, and you'll only be stressing yourself out in the process.",0,Human,43,medium,human_vs_ai_sentences,0,0.07693508740413825
"At first glance, it may seem like recycling is as simple as putting your paper products in one bin and your plastic bottles in another.",1,AI,25,short,human_vs_ai_sentences,1,0.6806758406114551
If you do would be a good idea,0,Human,8,very_short,human_vs_ai_sentences,0,0.14829321275823584
"Dear Principal,

Some may feel that community service like tutoring young children or picking up garbage on the side of the road is taking away from what they need to do like play video games.",0,Human,35,medium,human_vs_ai_sentences,0,0.41861879166975746
The cost of college and university education has been a significant issue for decades.,1,AI,14,short,human_vs_ai_sentences,1,0.7786127744925656
In conclusion then: managing exam stresses alongside other commitments require specific skill sets but thankfully these traits are easily developed over a period,1,AI,23,short,human_vs_ai_sentences,1,0.5828193209927446
"So on the other hand, let's try the way on online class, I can wake up around the 7:55 am, 15 minute is enough for me to do something like wash tooth and face etc, It reduce 55 minute.",0,Human,39,medium,human_vs_ai_sentences,0,0.4488631777090172
Being aware of both the potential pros and cons can help young people make informed decisions.,1,AI,16,short,human_vs_ai_sentences,1,0.9905163159723901
Many countries are trying to reduce car usage.,0,Human,8,very_short,human_vs_ai_sentences,1,0.5123239696421724
In 1976 Viking 1 was cirleing around Mars when it took a picture in the region of Mars in Cydonia.,0,Human,20,short,human_vs_ai_sentences,0,0.06232257041218791
"Hey, did you hear about that face on Mars?",1,AI,9,very_short,human_vs_ai_sentences,0,0.36672257090723087
Have you ever through of somethig simple in life like studying venus.,0,Human,12,short,human_vs_ai_sentences,0,0.08265935677375186
"The parents can feel more confidents because they child are learning, teacher can teach more better than have online classes at home, they can receive more help because the teacher are their for anything they needs.",0,Human,36,medium,human_vs_ai_sentences,1,0.6520283455603928
"Gates dropped out of college to start Microsoft, a company that would eventually become the world’s largest software maker.",1,AI,19,short,human_vs_ai_sentences,0,0.029902945578899796
Advice is a common piece of knowledge that helps people make decisions.,0,Human,12,short,human_vs_ai_sentences,0,0.16745080532696083
We all hope that we want to enjoy our lives.,1,AI,10,very_short,human_vs_ai_sentences,1,0.8446466199527138
These benefits demonstrate the need to implement measures to limit car usage and promote alternative modes of transportation.,1,AI,18,short,human_vs_ai_sentences,1,0.9748573648233111
"In conclusion, banning single-use plastics is necessary in order to protect the environment and promote sustainability.",1,AI,16,short,human_vs_ai_sentences,1,0.9883280408218937
"In 2000, for example, Al Gore won the popular vote by over 500,000 votes, but he lost the election to George W.",1,AI,22,short,human_vs_ai_sentences,1,0.5880186575002071
Now is the perfect time to prepare for the future.,0,Human,10,very_short,human_vs_ai_sentences,0,0.49264716653405494
There are multiple reasons to be for them but also multiple reasons to be against.,0,Human,15,short,human_vs_ai_sentences,0,0.3123478838480757
"Students everywhere are taking advantage of online resources, and not only are their learning experiences better for it, but they have more flexibility to do what they enjoy, and learn many important life skills.",0,Human,34,medium,human_vs_ai_sentences,1,0.7741091760619147
I don't want him to be used in science.,1,AI,9,very_short,human_vs_ai_sentences,0,0.08011699850388355
"They often have sidewalks, bike lanes, and public transportation.",1,AI,9,very_short,human_vs_ai_sentences,1,0.8483420627219953
F.A.C.S is interesting with the way it forms 3D models of a face to identify emotions.,0,Human,16,short,human_vs_ai_sentences,0,0.041799590202368044
They will reduce the amount of greenhouse gases.,0,Human,8,very_short,human_vs_ai_sentences,0,0.12203633676685825
Whether one chooses to work in a group or alone ultimately depends upon the task at hand and the individual’s preferences.,1,AI,21,short,human_vs_ai_sentences,1,0.649596426220195
Students could even use their school emails as a means to communcating with their friends and use this as a tool to schedule out-of-school hangouts they otherwise couldn't schedule before.,0,Human,30,short,human_vs_ai_sentences,0,0.355120840213287
"So now i think and I believe that the principal should allow students to use their cell phones because its the students property and staff members have no rite to take what is not there's, students use their phones in an appropriate way, and lastly some students use their phones to seek help with what they don't understand.",0,Human,58,medium,human_vs_ai_sentences,0,0.14954957322574816
Another reason why I believe that there should be stronger privacy protections on social media is because of the potential for cyberbullying.,1,AI,22,short,human_vs_ai_sentences,1,0.9520086208587996
The owner?,1,AI,2,very_short,human_vs_ai_sentences,0,0.0339999986648363
"If they're not improving, the continuous cycle of feeling like an idiot will not end.",0,Human,15,short,human_vs_ai_sentences,0,0.29458744076468835
"While there are compelling arguments for changing to a popular vote system, I firmly believe that the Electoral College holds several advantages that make it the better choice.",1,AI,28,short,human_vs_ai_sentences,1,0.8177380723727335
"Scientists are studying older technologies that do not use electricity, but can calculate number and withstand harsh conditions.",0,Human,18,short,human_vs_ai_sentences,1,0.5056941088631499
You go home and tell your mom what happened and what your friend said to do.,0,Human,16,short,human_vs_ai_sentences,0,0.04077704340932931
Perhaps the biggest pro is the potential to gain invaluable experience early on.,1,AI,13,short,human_vs_ai_sentences,1,0.7796479398330955
Cell phones allow connection with the world.,0,Human,7,very_short,human_vs_ai_sentences,0,0.08471886151234861
In-school education is necessary for all students in order to provide an effective education system that encourages the fair success of our future in a competitive capitalist society.,0,Human,28,short,human_vs_ai_sentences,1,0.8324302281628732
"More restaurants, parks, sports centers, and even entire shopping centers have been built and opened to the people walking which is a life style improving advantage.",0,Human,26,short,human_vs_ai_sentences,0,0.25503962616167847
to offer three-year high school graduation programs.,1,AI,7,very_short,human_vs_ai_sentences,1,0.5495970932245433
🌞🌳,1,AI,1,very_short,human_vs_ai_sentences,1,0.7265725450674806
One is to improve public transportation.,1,AI,6,very_short,human_vs_ai_sentences,1,0.6563839414868542
They are likely to be the most thoughtful people when its comes down to voting.,0,Human,15,short,human_vs_ai_sentences,0,0.022678644480147687
This will help you to make sure that you have the time and resources you need to get around without a car.,1,AI,22,short,human_vs_ai_sentences,0,0.32265068616963266
"We have cars now that knows when a accident is about to occur, or when an padestrian is near.",0,Human,19,short,human_vs_ai_sentences,0,0.025787024094283784
I understand it might help the community a little but if they do no work or teach a child who's learning to read the wrong way it will take so much more work to help fix what that person has done.,0,Human,41,medium,human_vs_ai_sentences,0,0.14772602908226806
This could be helpful to many students of online learning.,0,Human,10,very_short,human_vs_ai_sentences,0,0.25071443674796173
"From young children playing in sandlots to professional leagues filled with incredible athletes, baseball is an activity enjoyed by millions of people each year.",1,AI,24,short,human_vs_ai_sentences,1,0.5721779418858194
"For example, one day you could be sad and all your classmates are going to know and they might be asking you whats wrond and what if you don't want to talk about it.",0,Human,34,medium,human_vs_ai_sentences,0,0.1366884241358607
The craft brewing scene really took off in America starting in the 1980s when states began loosening restrictions on small scale production operations which allowed people to open their own microbreweries without having to pay high licensing fees or undergo lengthy government processes like larger industrial breweries had previously faced.,1,AI,50,medium,human_vs_ai_sentences,0,0.2989199505194456
students also treat them like it is there child.,0,Human,9,very_short,human_vs_ai_sentences,0,0.09943652364965848
"but if you never got your dads opinion, you wouldnt be marrying her because your mom does not like her.",0,Human,20,short,human_vs_ai_sentences,0,0.006764669273463829
"This can help alot of kids or teens that have a hard time staying focused i the classrooms or become bored easeily, it that is to happen the computer will modify the lesson to make it more entertaining fo the student like any good teacher would be able to do.",0,Human,50,medium,human_vs_ai_sentences,0,0.289299253979889
"Lastly, although not everyone was satisfied, the scientists had stated, "" It's not easy to target Cydonia...In fact, it's hard work."" This shows that just because the supposed ""alien markings"" were hidden by clouds or haze, doesn't mean they are alien markings.",0,Human,42,medium,human_vs_ai_sentences,0,0.14535855859794886
"Thus giving teachers and parents nothing to worry about, but instead something to look forward to, as they will be able to truly understand what drives their students and rising adults to put in their best efforts.",0,Human,37,medium,human_vs_ai_sentences,0,0.42154373191686567
"The generation we have today is usually all about social media, and just being on their cellphone in general 24/7.",0,Human,20,short,human_vs_ai_sentences,0,0.35251829543959523
"This is an important skill, especially in today’s world.",1,AI,9,very_short,human_vs_ai_sentences,1,0.9205476775614545
It's not uncommon for someone who searches for something online simply accepts whatever results they find at face value without considering if anything else exists that could be potentially more accurate or valuable information-wise.,1,AI,34,medium,human_vs_ai_sentences,1,0.5737803473329695
"Yes, they get to vote for which electoral college member they want but, it doesn't actually add up to the number the citizens actually participate in.",0,Human,26,short,human_vs_ai_sentences,0,0.1160299568769371
"In conclusion, arts education is essential for a well-rounded education.",1,AI,10,very_short,human_vs_ai_sentences,1,0.9673809807703642
"Contrary to the popular belief that mistakes are an embarrassing and negative part of life, mistakes should be seen as an opportunity to grow and develop.",1,AI,26,short,human_vs_ai_sentences,1,0.7436376860337156
"For most students school work is a hard thing to do because of teachers lechers that last all class, teachers that gives a lot of work in such little time, and student distractions, schools could vanquish this problem letting students do there work at home.",0,Human,45,medium,human_vs_ai_sentences,0,0.02887426625732192
"The hallways are crowded and loud, and the very next minute you could be taking a very important test.",0,Human,19,short,human_vs_ai_sentences,0,0.14106991791384552
The electon could have a bias opinion and go against what the people want.,0,Human,14,short,human_vs_ai_sentences,0,0.01596958584577843
Most people would agree that having someone to listen to you while you rant about these emotions will help you in the long run.,0,Human,24,short,human_vs_ai_sentences,0,0.21174215998355103
"It not only tests and stretches your skills, but it also encourages you to pursue new ideas and opportunities that may have a positive outcome.",1,AI,25,short,human_vs_ai_sentences,1,0.9520249728003317
The person who gets elected needs to be favored by everyone.,0,Human,11,short,human_vs_ai_sentences,0,0.08942767162220573
I think it is amazing.,0,Human,5,very_short,human_vs_ai_sentences,0,0.2704487577580798
"Sixth, education can help people develop their civic responsibilities.",1,AI,9,very_short,human_vs_ai_sentences,1,0.885819586866829
In georgia has the same law it's called the hands free law.,0,Human,12,short,human_vs_ai_sentences,0,0.05976481465013464
Usually students pic staff they would like to do/learn.,0,Human,9,very_short,human_vs_ai_sentences,0,0.007409345904677457
Widespread claims of election irregularities could undermine faith in results under a popular vote.,1,AI,14,short,human_vs_ai_sentences,0,0.22671666167074156
Not mentioning many more abilities that will come to hand when we become car free.,0,Human,15,short,human_vs_ai_sentences,0,0.12855763163639658
Johnson!,1,AI,1,very_short,human_vs_ai_sentences,1,0.8397153146500135
Our spending habits these presidents we have had over the past years have lead us into doing?,0,Human,17,short,human_vs_ai_sentences,0,0.0192398405232493
"The production of meat requires large amounts of land, water, and feed, which leads to deforestation and habitat destruction.",1,AI,19,short,human_vs_ai_sentences,1,0.8106763112806126
"Same with parents has their own unique character traits;however, parents' character traits can be passed down to children base on their character traits and if they are worthy of the carry their parent's traits.",0,Human,34,medium,human_vs_ai_sentences,1,0.9377584144356795
Judge Richard A.,1,AI,3,very_short,human_vs_ai_sentences,1,0.93162379031126
Who is the Electoral Collage any way.,0,Human,7,very_short,human_vs_ai_sentences,0,0.06571022493490686
"Plus, you get to show off your talents and stuff!",1,AI,10,very_short,human_vs_ai_sentences,1,0.7276915453511188
"I will explain why I think this , and give reasons as well .",0,Human,14,short,human_vs_ai_sentences,0,0.011771231614670993
"While it may seem like a negative thing, failure is actually essential for success.",1,AI,14,short,human_vs_ai_sentences,1,0.9730580395198553
"The bottom line is that I'm putting my life into the hands of the car, and I only have one life.",0,Human,21,short,human_vs_ai_sentences,0,0.06364595212552622
I believe that children should be taught to compete.,1,AI,9,very_short,human_vs_ai_sentences,1,0.7876998809399411
"For distance learning, a student would have to video call or email their teacher, but it is much harder to explain or understand concepts without being able to meet in person.",0,Human,31,medium,human_vs_ai_sentences,1,0.540190902376606
Which the system proves it can be a vey vauable system in our society today.,0,Human,15,short,human_vs_ai_sentences,0,0.30450452338404077
"Furthermore, enforcing strict rules about attire can help instill discipline which carries into other aspects of life outside the classroom setting such as being mindful about how you present yourself at work or social events later in adulthood.",1,AI,38,medium,human_vs_ai_sentences,1,0.9626325248106878
"Posner)

Lastly, the Electoral College avoids the need for run-off elections, preventing further complication of the election process.",1,AI,18,short,human_vs_ai_sentences,1,0.8419260443508312
Take cooking as an example Gordon Ramsey had 4 mentors to get where he is today if he didnt have all 4 who knows what kind of chef he'd be today.,0,Human,31,medium,human_vs_ai_sentences,0,0.10625019431409317
"This happened in 2000, when George W.",1,AI,7,very_short,human_vs_ai_sentences,1,0.7737520971621303
What's to stop them from copying the assignment from a friend.,0,Human,11,short,human_vs_ai_sentences,0,0.02762350037216517
Limiting this extensive car use can benefit everyone by allowing him or her to be happy and reduce pollution.,0,Human,19,short,human_vs_ai_sentences,0,0.17276385730949523
"The pixels in the picture from that day span 1.56 meters each, compared to 43 meters per pixil in the best 1976 Viking photo.",0,Human,24,short,human_vs_ai_sentences,0,0.024021550122955197
for example the Air and Space museum and the Art museum.,0,Human,11,short,human_vs_ai_sentences,1,0.7646593498695822
Nobody would have fun being forced to do those things.,0,Human,10,very_short,human_vs_ai_sentences,0,0.0026292362558980992
"In that case you might not crash that day, but in the future your kids who saw you do it choose to do it as well.",0,Human,26,short,human_vs_ai_sentences,0,0.013330368994261078
.,1,AI,1,very_short,human_vs_ai_sentences,1,0.7400581537471917
It is such an incredible feeling being surrounded by so many stories that are waiting to be discovered; the wonderment mixed with excitement as I read through book titles and summaries before picking one out takes me back to childhood days spent searching through seemingly endless shelves filled with good reads!.,1,AI,51,medium,human_vs_ai_sentences,1,0.6091693733479553
"Seeking advise from more than one person is better than just one person because one you have more answers to listen to, also different people to get advise from.",0,Human,29,short,human_vs_ai_sentences,0,0.07153012730202765
"So, you know how the Ancient Greek storyteller said that every act of kindness counts, no matter how small?",1,AI,19,short,human_vs_ai_sentences,0,0.4734679377729766
"Posner says, "" Voters in toss-up states are more likely to pay close attention to the campaignto really listen to the competing candidatesknowing that they are going to decide the election.",0,Human,31,medium,human_vs_ai_sentences,0,0.27852802164747814
"And lastly, there's Serena Williams.",1,AI,5,very_short,human_vs_ai_sentences,1,0.6103858901712386
.,1,AI,1,very_short,human_vs_ai_sentences,1,0.7400581537471917
Even the most seemingly mundane activities can have a profound effect on our lives.,1,AI,14,short,human_vs_ai_sentences,1,0.7181961706892527
.,0,Human,1,very_short,human_vs_ai_sentences,1,0.7400581537471917
A strict vegetarian or even fully plant-based diet may require more expensive ingredients than what omnivores typically eat since faux meats and cheeses (made from things like soybeans) tend to cost greater than animal proteins like chicken breasts or ground beef do pound per pound at most grocery stores today.,1,AI,50,medium,human_vs_ai_sentences,0,0.3751843751769604
There have been 6 million car accidents in a year.,0,Human,10,very_short,human_vs_ai_sentences,0,0.04595143473947363
"The picture taken on April 5, 1998, revealed that the Face on Mars is a natural landform.",0,Human,17,short,human_vs_ai_sentences,0,0.1292877918573136
"Second, the expectations at work have increased.",1,AI,7,very_short,human_vs_ai_sentences,1,0.813396463519089
"The new Facial Action Coding System could change the way people learn on a whole new level by being able to identify confusion, and then breaking down the concepts more.",0,Human,30,short,human_vs_ai_sentences,0,0.20632557855175274
"Thus it becomes clear that while there can be risks associated with gaming which should be taken into account when allowing younger generations access, there are also benefits which should not be overlooked either.",1,AI,34,medium,human_vs_ai_sentences,1,0.927369275056408
"However, I believe that this is not the case.",1,AI,9,very_short,human_vs_ai_sentences,1,0.739571139037021
Renewable energy can help reduce emissions and tackle global warming.,1,AI,10,very_short,human_vs_ai_sentences,1,0.9831846120031447
There are people there too you know.,0,Human,7,very_short,human_vs_ai_sentences,0,0.12502117245710975
"For example, when trying to learn Spanish, one might create cards with Spanish words like ""casa"" (house) written on one side and its English translation (""home"") written on the other side; repeating this exercise over time will soon become second nature.",1,AI,41,medium,human_vs_ai_sentences,1,0.7925326470786949
Getting samples from Venus could be quite beneficial to us humans in furthing our space exploration and devolping more advanced and harder to breach technology and systems.,0,Human,27,short,human_vs_ai_sentences,0,0.12664315810434312
"Of course there are people who agree with this method of voting, but i am not one of them, and neither is Bradford Plumer.",0,Human,24,short,human_vs_ai_sentences,0,0.24309098362072248
That could cause problems.,1,AI,4,very_short,human_vs_ai_sentences,0,0.12055131423036756
"In conclusion, the Electoral College system upholds the principles of our democratic republic, ensuring that each citizen's vote is meaningful and that the President represents the diverse interests of the entire nation.",1,AI,32,medium,human_vs_ai_sentences,1,0.9744562688701972
You will not be considered lazy.,0,Human,6,very_short,human_vs_ai_sentences,0,0.14295589865919597
But what if we don't get those good grades?,1,AI,9,very_short,human_vs_ai_sentences,0,0.1163019582211583
"When students are given the opportunity to work on their assignments in a structured environment, they are more likely to feel engaged and motivated",1,AI,24,short,human_vs_ai_sentences,1,0.7554290193381934
If she finds out what you sent and it was either something you were told as a confidant or something bad about her then it may even get physical resulting in one or both of you being suspended.,0,Human,38,medium,human_vs_ai_sentences,0,0.04745034892578336
I do not agree with this statement.,1,AI,7,very_short,human_vs_ai_sentences,1,0.7764703251413694
Thank you for your attention to this matter.,1,AI,8,very_short,human_vs_ai_sentences,1,0.7521819148492229
"It's like, this big ol' support system.",1,AI,7,very_short,human_vs_ai_sentences,1,0.9214091631315727
"And, have you ever brought to thought the possibility that the winner of the electoral vote will not achieve the national popular vote.",0,Human,23,short,human_vs_ai_sentences,0,0.4788457788462612
"A tour guide will take care of all the arrangements such as booking hotels and tickets, and organizing activities.",1,AI,19,short,human_vs_ai_sentences,0,0.41495920831250804
"For example, because of the harsh temperatures on Venus, NASA has envisioned a blimp-like structure that would hover close to 30 miles above Venus, decreasing the temperature about 630 degress and far enough up in orbit to decrease the atmospheric pressure to about equal to a submerged submarine in the ocean.",0,Human,51,medium,human_vs_ai_sentences,0,0.0820507710764653
"Plus, it's just, like, three years instead of four, so students can save time and money in the long run.",1,AI,20,short,human_vs_ai_sentences,1,0.9728594361512413
Limiting car usage will not harm us because we in fact do not use them besides going from point A to point B.,0,Human,23,short,human_vs_ai_sentences,0,0.03945725504981432
"This system means that a candidate can win the presidency by simply winning the popular vote in a few large states, even if they lose the popular vote nationwide.",1,AI,29,short,human_vs_ai_sentences,1,0.7669757350816238
This would also be something that the teacher and students would have to adapt to as well.,0,Human,17,short,human_vs_ai_sentences,0,0.049211290644494206
Both involve staring a screen which virtually accomplishes nothing.,0,Human,9,very_short,human_vs_ai_sentences,1,0.5281982299116506
how the perosn may be feeling about a lots of thing that is going threw the perosn mind at that moment and how they are going to react next.,0,Human,29,short,human_vs_ai_sentences,0,0.017275927782954274
"Whatever the reason may be, distance learning is beneficial to many students and being able to attend classes from home is a positive aspect of schooling which should be taken advantage of.",0,Human,32,medium,human_vs_ai_sentences,0,0.25172393600978876
"In general, with driverless cars there would be less accidents relating to distracted driving because these cars are able to brake themself before hitting things and function all on their own with little to no aide of a human driver.",0,Human,40,medium,human_vs_ai_sentences,0,0.031864906408323276
"A self driving car could use those 3D images to know when there is on coming trafic, See road blocks up ahead and even stop if a deer were to run out into the road.",0,Human,35,medium,human_vs_ai_sentences,0,0.02754336737019034
This is a system most Americans would agree with.,0,Human,9,very_short,human_vs_ai_sentences,0,0.049084628677200204
"According to these theories, grieving helps us cope with loss by allowing us to adapt our behavior accordingly and move forward in life without being overwhelmed by negative emotions such as sadness or guilt associated with bereavement.",1,AI,37,medium,human_vs_ai_sentences,1,0.9605739830606027
"It is crucial that students take the time to invest in their education and understand the importance of good grades, and this policy encourages them to make the effort.",1,AI,29,short,human_vs_ai_sentences,1,0.876402387272003
"Students won't have a teacher yelling down their backs to study and prepare for the test they may or may not have next class, instead they have to do it on they're own.",0,Human,33,medium,human_vs_ai_sentences,0,0.414537246920599
"Like, what if we give a bad grade to a teacher who's actually really good?",1,AI,15,short,human_vs_ai_sentences,1,0.62582531468306
"In order to limit the potential negative impact of cellphones in the classroom, educators can adopt strategies such as setting clear expectations, providing students guidance on how to use their cellphones in an appropriate fashion, and allowing usage only for certain areas of the curriculum.",1,AI,45,medium,human_vs_ai_sentences,1,0.9633665010401755
"The article mentions that ""similar formations can be found throughout the solar system."" This means that the Face is not a one-of-a-kind structure, and it's not something that aliens would have created.",1,AI,32,medium,human_vs_ai_sentences,1,0.7838003230641848
"To begin with my first reason, that electoral college is disaster factor as said in ' The indefensible of the electoral College: Why even the bestlaid defenses of the system are wrong' the system had a fiasco, as you may call it, back in the 2000 election was the biggest crisis in a century.",0,Human,54,medium,human_vs_ai_sentences,0,0.09596994621166008
Limiting car usage in our daily life can be a good thing.,0,Human,12,short,human_vs_ai_sentences,0,0.20245693431510803
In the times of today people would even walk across the street looking because they are distracted by their phones.,0,Human,20,short,human_vs_ai_sentences,0,0.0997350800315113
There are many ways students can help their community.,0,Human,9,very_short,human_vs_ai_sentences,1,0.681328402566242
"As you know, the Electoral College is a system in which each state is assigned a number of electors, equal to the number of seats it has in the House of Representatives plus its two senators.",1,AI,36,medium,human_vs_ai_sentences,0,0.4808758537910395
"In France, the govermnent enforced a partial driving ban to clear smog in the city get rid of traffic.",0,Human,19,short,human_vs_ai_sentences,0,0.17576602653575216
"So, in conclusion, homework is not cool.",1,AI,7,very_short,human_vs_ai_sentences,1,0.8607712329811882
"Although there could be potential advantages to a four-day workweek, some drawbacks should also be considered.",1,AI,16,short,human_vs_ai_sentences,1,0.8473952936431013
When the drivers are distracted they have low chance of reducing performance skills.,0,Human,13,short,human_vs_ai_sentences,0,0.16114669592590286
Another reason why I support raising the minimum wage is that it would help to lift many workers out of poverty.,1,AI,21,short,human_vs_ai_sentences,0,0.4582070743843541
2.,1,AI,1,very_short,human_vs_ai_sentences,1,0.5833832654323381
"I dont believe anybody would be happy because thats not a fair way to choose how our President, Vice president and the Representatives should be picked.",0,Human,26,short,human_vs_ai_sentences,0,0.01910469519016799
"Having a positive attitude is, like, super important.",1,AI,8,very_short,human_vs_ai_sentences,1,0.9967649898540268
"If people only feel comfortable around people who fit into certain categories or conform to certain expectations, they may be unwilling to accept people who do not fit those categories or do not conform to those expectations.",1,AI,37,medium,human_vs_ai_sentences,1,0.9271274592228147
"Dear senator i think that we should cape the electoral college process because, if it is not broken don't fix it.",0,Human,21,short,human_vs_ai_sentences,0,0.045380334126749695
"Some students take sports very seriously ,and sometimes get home very tired.",0,Human,12,short,human_vs_ai_sentences,0,0.01145576185939768
"Some argue that abolishing the examination system altogether would be the best way to solve these problems, while others believe that more changes need to be made in order to improve the current system.",1,AI,34,medium,human_vs_ai_sentences,1,0.8572875468884156
"Everyday, new or useful hacks or shortcuts are made known.",0,Human,10,very_short,human_vs_ai_sentences,0,0.4758038991165216
"On the positive side, it can mean having more time to pursue other opportunities, such as college or career paths.",1,AI,20,short,human_vs_ai_sentences,1,0.9857454105478606
This would limit the opportunities students have causing the diversity of experiences the rising generation would have.,0,Human,17,short,human_vs_ai_sentences,0,0.44726121086612264
"Another example of an idea to reduce car pollution is shown in Source 2, this time being in France.",0,Human,19,short,human_vs_ai_sentences,0,0.25390652748236214
Do you?,0,Human,2,very_short,human_vs_ai_sentences,0,0.02708303436893077
"For instance, if you and someone else have a common hobby or passion, you can use that as a way to connect with them and share your ideas.",1,AI,28,short,human_vs_ai_sentences,1,0.7868948008176343
"Some parents pay the college for their kids, but i think its better if you pay some of that money with your parents, so they don't have to waste all of their money for you to go college.",0,Human,38,medium,human_vs_ai_sentences,0,0.019974339483656834
"Like Earth Venus has a simmilar distance and size, it is also the closest planet as well.",0,Human,17,short,human_vs_ai_sentences,0,0.046372328888242706
Here's an example of how someone could get hurt.,0,Human,9,very_short,human_vs_ai_sentences,0,0.12665014196188026
This resulted in her not knowing information and consequently receiving low grades.,0,Human,12,short,human_vs_ai_sentences,0,0.14858562546800955
There is also Eagle Lake in Michigan.,0,Human,7,very_short,human_vs_ai_sentences,0,0.12794394103602194
Breathe the fresh air like never before.,0,Human,7,very_short,human_vs_ai_sentences,0,0.19818868981508772
Some of their smart cars have driven half a million miles without a accident.,0,Human,14,short,human_vs_ai_sentences,0,0.02564134509013337
"Sometimes, ideas alone are like the bottoms of cupcakes.",0,Human,9,very_short,human_vs_ai_sentences,0,0.35189807734714074
"As a young adult, I have taken this philosophy more seriously, particularly in my professional life.",1,AI,16,short,human_vs_ai_sentences,1,0.7933205535903529
All of the stores are placed just a walk away rather than their malls being placed on a distant highway.,0,Human,20,short,human_vs_ai_sentences,0,0.16287114628971683
"In order to make an informed decision about whether or not students should be allowed to use their cell phones during class, it is important to consider the pros and cons.",1,AI,31,medium,human_vs_ai_sentences,1,0.9593555729236742
"Vivian ended up really enjoying it, and found it very therapeutic, as it was a great way to let out her stresses from the school day.",0,Human,26,short,human_vs_ai_sentences,0,0.3463918703387627
"The fact that not everybody are qualified citizens to vote, then the amount of votes would be vague.",0,Human,18,short,human_vs_ai_sentences,0,0.009972296957073605
Maybe you were thinking of doing something bad.,0,Human,8,very_short,human_vs_ai_sentences,0,0.008913887695313394
"On your drive, text messages start to ring your phone a lot and people try calling you.",0,Human,17,short,human_vs_ai_sentences,0,0.03865341848289402
Kids or teenagers usually like to disobey the rules.,0,Human,9,very_short,human_vs_ai_sentences,0,0.053354342165394655
"To ensure customer satisfaction and overall success of my work, I make it my priority to stay up to date on the latest trends and appreciate any feedback given to me from my supervisors and colleagues.",1,AI,36,medium,human_vs_ai_sentences,1,0.9068242775080391
Other people might fortgot to give the paper that they need for the sports or any kinda of activities and they cant go or play sports just because of that reason and some people dont do a sports because other student will judges them because they might be bad at playing that sports and they will judges them.,0,Human,58,medium,human_vs_ai_sentences,0,0.30091630371690703
"The Electoral College might not seem outright democratic, but it provides several benefits.",1,AI,13,short,human_vs_ai_sentences,1,0.8799703995405449
"""Texting and Driving Accident Statistics - Distracted Driving."" Edgarsnyder.",0,Human,9,very_short,human_vs_ai_sentences,0,0.010530768500534212
"In addition to potential job losses resulting from robotic automation technologies being implemented in business operations, there are also serious concerns regarding public safety that arise from robots entering our everyday lives at home and work environments alike.",1,AI,38,medium,human_vs_ai_sentences,1,0.7019191626550864
"Students will not get much benefits, whoever if they live in a place that is far away from school or they can't attend school for any reason then its has benefits.",0,Human,31,medium,human_vs_ai_sentences,0,0.06508199607288649
"The Electoral College gives disproportionate power to small states, and it has resulted in several presidents being elected despite losing the popular vote.",1,AI,23,short,human_vs_ai_sentences,1,0.8628256784447241
I urge you to support legislation that would do so.,1,AI,10,very_short,human_vs_ai_sentences,0,0.2170002494572725
It would be a valuable learning experience that you could use in your life.,0,Human,14,short,human_vs_ai_sentences,0,0.4333227535676319
"After carefully considering the information from multiple sources, I strongly believe that the Electoral College should be maintained.",1,AI,18,short,human_vs_ai_sentences,1,0.5175117561418271
Many advertisements make products seem much better than they really are.,1,AI,11,short,human_vs_ai_sentences,1,0.7368707431061717
"In my opinion, I believe that governments should place few restrictions on scientific research and development, as it enables progress and innovation while ensuring that ethical and moral standards are maintained.",1,AI,31,medium,human_vs_ai_sentences,1,0.9555685404584152
They're just a waste of space and money.,1,AI,8,very_short,human_vs_ai_sentences,1,0.5980042020065534
I believe it would help more than anything because we wouldnt have to worry about a lot of stuff with vehicles.,0,Human,21,short,human_vs_ai_sentences,0,0.02714696838229936
"Today, modern beekeeping helps sustain agriculture by providing essential pollination services for many crops like fruits, vegetables, nuts and flowers all over the world.",1,AI,24,short,human_vs_ai_sentences,1,0.7423677521226367
"The primary sources of air pollution include vehicles (such as buses, cars, trucks), power plants that burn coal or other forms of fuel for electricity production; industrial activities such as manufacturing and oil refining; natural sources like dust storms; wildfires; and even indoor activities like cooking with wood-burning stoves.",1,AI,49,medium,human_vs_ai_sentences,0,0.46911126700258116
"In addition to the benefits for students, a longer school day could also have positive effects on families and the school community as a whole.",1,AI,25,short,human_vs_ai_sentences,1,0.6712111308439404
This can give them an advantage when it comes to generating creative ideas.,1,AI,13,short,human_vs_ai_sentences,1,0.6352433044721588
I believe that students should not be able to use their phones during school.,0,Human,14,short,human_vs_ai_sentences,0,0.17039904241051115
"In recent elections, we have seen candidates win the popular vote but lose the election due to the Electoral College.",1,AI,20,short,human_vs_ai_sentences,1,0.6348731427300557
"Dear State Senator,

I am agreeing in favor of keeping the Electoral College.",0,Human,13,short,human_vs_ai_sentences,0,0.23213929996838562
"This mindset can lead to greater creativity, innovation, and problem-solving skills.",1,AI,11,short,human_vs_ai_sentences,1,0.8470948689779525
.,1,AI,1,very_short,human_vs_ai_sentences,1,0.7400581537471917
"Yousafzai's success is a result of her courage, determination, and her commitment to her cause.",1,AI,15,short,human_vs_ai_sentences,1,0.9863504292239118
Students should not feel like they are under a microscope or being treated simply as subjects of data collection.,1,AI,19,short,human_vs_ai_sentences,0,0.04211429509003732
I hope that you will continue to support the Electoral College and work towards reforms that improve its functionality.,1,AI,19,short,human_vs_ai_sentences,1,0.8830597164255353
Cars can also cause greenhouse gases which is when the heat of the day and the cool of the night trap in the harmful emissions of a car.,0,Human,28,short,human_vs_ai_sentences,1,0.6760429356081705
It's like that for our brain.,1,AI,6,very_short,human_vs_ai_sentences,1,0.6616848893524542
"🏫 Like, some people learn better when they're in a classroom with other people.",1,AI,14,short,human_vs_ai_sentences,1,0.8636192950156176
"For instance, if we have had negative experiences with people who share certain characteristics, we may be more likely to have a negative first impression of someone who possesses those same characteristics.",1,AI,32,medium,human_vs_ai_sentences,1,0.915872282657949
.,1,AI,1,very_short,human_vs_ai_sentences,1,0.7400581537471917
"""The National Safety Council reports that cell phone use while driving leads to 1.6 million crashes each year"" (Texting and Driving Accident Statistics - Distracted Driving).",0,Human,26,short,human_vs_ai_sentences,0,0.007545154964659932
Did you know that there are cities where people have'nt used their cars for a whole day?,0,Human,17,short,human_vs_ai_sentences,0,0.08862437592290671
This can make communities more attractive and enjoyable places to live.,1,AI,11,short,human_vs_ai_sentences,1,0.9325012398419045
It's worse than drinking and driving.,0,Human,6,very_short,human_vs_ai_sentences,1,0.5374952637786071
"In this essay, I will discuss the benefits of seeking advice from multiple people and provide examples to support my points.",1,AI,21,short,human_vs_ai_sentences,1,0.9192392547040665
"In conclusion, while the majority of my peers do not support the idea of adding 1.5 hours to the school day, there are alternative solutions that could be considered.",1,AI,29,short,human_vs_ai_sentences,1,0.8072325517212756
This decision can have numerous benefits for students.,1,AI,8,very_short,human_vs_ai_sentences,1,0.7233000774751052
"They will think, ""Wow, Generic_Name did a lot of extracurricular activities.",0,Human,11,short,human_vs_ai_sentences,0,0.016882836109622837
This will make driving less affordable and encourage people to find other ways to get around.,1,AI,16,short,human_vs_ai_sentences,0,0.4532558468577756
"I understand that you are considering two options, and I wanted to share my thoughts on which one I think is better.",1,AI,22,short,human_vs_ai_sentences,0,0.10996763597809595
"SINCERELY, STUDENT_NAME",0,Human,2,very_short,human_vs_ai_sentences,0,0.05579558524909225
"Some may argue that the Electoral College is a good system of electing the president, that the founding fathers knew what they were doing when they established it, and that it ""produces a clear winner,"" Source 3.",0,Human,37,medium,human_vs_ai_sentences,1,0.5751451257457482
The world could benafet from this tecnologey imagen the posabilitys.,0,Human,10,very_short,human_vs_ai_sentences,0,0.030134965276062103
I believe that children should learn to cooperate.,1,AI,8,very_short,human_vs_ai_sentences,1,0.857228472297705
"Educational games can also help children learn new concepts and skills in an interactive and engaging way, making learning more fun and effective.",1,AI,23,short,human_vs_ai_sentences,1,0.9703068361532117
Kennedy.,0,Human,1,very_short,human_vs_ai_sentences,0,0.12309800816721642
"some of the advantages we get from limiting the uses of cars are, we make cities denser, and safer and better to walk.",0,Human,23,short,human_vs_ai_sentences,1,0.6477509761905188
I do not agree with this statement.,1,AI,7,very_short,human_vs_ai_sentences,1,0.7764703251413694
"In conclusion , robotics technology plays a key role when it comes caring for senior citizens as well providing many benefits aside from just keeping them safe and healthy .",1,AI,30,short,human_vs_ai_sentences,0,0.17039900570012725
http://blog.,0,Human,1,very_short,human_vs_ai_sentences,1,0.6833594214071007
These swing states basically decide the election.,0,Human,7,very_short,human_vs_ai_sentences,0,0.36579158414295354
"The park offers a wide range of attractions for visitors of all ages, including rides, shops, games, and mazes.",1,AI,19,short,human_vs_ai_sentences,1,0.9745427480675237
The Electoral College was created in the 18th century as a compromise between those who wanted the president to be elected by Congress and those who wanted the president to be elected by a popular vote.,1,AI,36,medium,human_vs_ai_sentences,1,0.6474178970133148
"Half the times some student just go to class not ac ting like a student but alos not knowing how their teacher is feeling, and I think if more people knew they would be more conciderent.",0,Human,36,medium,human_vs_ai_sentences,0,0.01498756663635666
"a natural landform."" With all this said, the Face could have a slight chance of being real life; however, it is highly unlikely that it is true life on another planet.",0,Human,31,medium,human_vs_ai_sentences,0,0.0699205081824339
I agree with Emerson that life is an amazing and rewarding journey and that everyone should strive to appreciate it fully.,1,AI,21,short,human_vs_ai_sentences,1,0.7925718895202105
There are a number of advantages to limiting car usage.,1,AI,10,very_short,human_vs_ai_sentences,1,0.8882868534817071
"They can simply go on Facebook, Twitter, Snapchat, Instagram, etc.",0,Human,10,very_short,human_vs_ai_sentences,0,0.12319386495396631
It also gives us a sense of accomplishment and satisfaction.,1,AI,10,very_short,human_vs_ai_sentences,1,0.9498868587109808
The amount of knowledge or experience each person has accounts for the value and trustworthiness their opinions have.,0,Human,18,short,human_vs_ai_sentences,1,0.5129168820659367
"This has led to crop failures, loss of life, and displacement of people.",1,AI,13,short,human_vs_ai_sentences,1,0.6752737019551359
A potential solution to this issue is the introduction of online classes and video conferences.,0,Human,15,short,human_vs_ai_sentences,0,0.45376124453693295
Leaving class without permission.,1,AI,4,very_short,human_vs_ai_sentences,0,0.3006984721379625
"GPS precision farming involves using technologies such as global positioning systems (GPS), geographic information systems (GIS) and remote sensing tools to monitor and optimize agricultural processes for maximum efficiency and yield optimization at a relatively low cost.",1,AI,37,medium,human_vs_ai_sentences,0,0.3143351382882037
Or getting different opinions from others help you more.,0,Human,9,very_short,human_vs_ai_sentences,0,0.12357418723914129
When we leave food behind it creates maggots and maggots find a way to get into your house and when you at least expect it somehow they will end up in your body and start eating your flesh that's why we have to pick up after ourselves.,0,Human,47,medium,human_vs_ai_sentences,0,0.19303328991092128
The car would basically be a very weirdly based time machine that we hop in.,0,Human,15,short,human_vs_ai_sentences,0,0.01692696312149025
They would be from Mars and not Earth.,0,Human,8,very_short,human_vs_ai_sentences,0,0.011117430940812517
"Apparently the French government underestimated the factor these cars had on the environment, as the ban was recinded early on Tuesday for the pollution almost completely cleared away.",0,Human,28,short,human_vs_ai_sentences,0,0.05397007709299683
"– and it's, like, totally opened up my world.",1,AI,9,very_short,human_vs_ai_sentences,1,0.9917173086525705
Google says that there driverless cars have driven more than half a million miles without a crash.,0,Human,17,short,human_vs_ai_sentences,0,0.011432614162539075
"So, it should definitely not be optional.",1,AI,7,very_short,human_vs_ai_sentences,0,0.4478530005828883
"""The residents of the other regions are likely to feel disenfranchised..."" That highlights how the Electoral College is trying to helping people vote their candidates and feel safe and comfortables with them.",0,Human,32,medium,human_vs_ai_sentences,1,0.6129375421134404
"Most students don't have enough time or are too busy to socialize, but when students are forced to stay after school for different clubs or sports teams they are more likely to socialized and make friends.",0,Human,36,medium,human_vs_ai_sentences,0,0.19735415711777937
"The nation as a whole should recieve all the facts together with equal coverage, so that each and every voter can become a thoughtful one, and not only those located in swing states.",0,Human,33,medium,human_vs_ai_sentences,0,0.3501998336612586
"But naberes to me means, ""the world.""",0,Human,7,very_short,human_vs_ai_sentences,0,0.11029770450762313
"And if we don't, that's okay!",1,AI,6,very_short,human_vs_ai_sentences,1,0.9280339595786018
"The claim is stating that Venus is a worthy target for studying, despite any of the dangers.",0,Human,17,short,human_vs_ai_sentences,0,0.031097730985281867
"If it is advice you have not heard before, then it could let you have a wider collection.",0,Human,18,short,human_vs_ai_sentences,0,0.16754141320142005
"In conclusion, successful people should try new things and take risks rather than only doing what they already know how to do well.",1,AI,23,short,human_vs_ai_sentences,0,0.42120887986313427
"Sincerely,

[Your Name]",1,AI,3,very_short,human_vs_ai_sentences,1,0.9664565597621871
Lastly but certainly not least important: becoming versed in another language offers mental stimulation and cognitive exercises which have been proven to reduce risk factors associated with age-related illnesses like dementia by keeping,1,AI,33,medium,human_vs_ai_sentences,1,0.515355028457391
"It is often said that “no act of kindness, no matter how small, is ever wasted.” At first this might seem like a trite old proverb with no real meaning, but when one considers the myriad of ways in which a simple act of kindness can impact a person's life, the importance of such an act becomes clear.",1,AI,58,medium,human_vs_ai_sentences,1,0.9654965591657673
"The author explains why throughout the article, and tries to persuade readers into thinking that Venus is a planet we should not give up on.",0,Human,25,short,human_vs_ai_sentences,0,0.05630082341368977
"Teachers have students that do not like to share their feelings, which takes a lot of time for the teacher to understand what they are feeling taking away from other students.",0,Human,31,medium,human_vs_ai_sentences,0,0.0894537295475715
The importance of fresh air and exercise for children has become increasingly clear in recent years.,1,AI,16,short,human_vs_ai_sentences,1,0.9563948409223177
"First, it could potentially limit the selection of food choices.",1,AI,10,very_short,human_vs_ai_sentences,1,0.5605271941721707
"It would ensure that every vote counts, and it would give all states equal representation.",1,AI,15,short,human_vs_ai_sentences,1,0.6940337946652113
Changing the system to popular vote may be the best thing for the citizens who want to make their votes count.,0,Human,21,short,human_vs_ai_sentences,1,0.5281108147417741
This is why companies hire many workers because having more people brings in new ideas and more thought process on things they are working on and trying to acomplish.,0,Human,29,short,human_vs_ai_sentences,0,0.2868946430885319
"This technology can be used to recognize the emotions of students, which can help teachers to understand their students and make it easier for students to open up to their teachers.",1,AI,31,medium,human_vs_ai_sentences,1,0.8230116066904282
Driverless cars have much potential to be a large part of the near future.,0,Human,14,short,human_vs_ai_sentences,0,0.05576714819717721
"With the recent outbreak of Coronavirus, the flu like virus spread by air, there have been countless PSA's about staying home simply for your own safety.",0,Human,26,short,human_vs_ai_sentences,0,0.15800183062999337
"This idea is just in the very early steps at the moment, but with more regulated test-drives and advances in technology this could be a reality.",0,Human,26,short,human_vs_ai_sentences,0,0.04106623038790945
"However, he continued to perse",1,AI,5,very_short,human_vs_ai_sentences,1,0.5951885295787284
Use cars less or do not use them at all.,0,Human,10,very_short,human_vs_ai_sentences,0,0.07377165311337246
"the reason I believe that phones shouldn't be allowed in school is because: kids don't always follow the rules, phones are a big distraction, and last phones can link to violence.",0,Human,31,medium,human_vs_ai_sentences,0,0.12354312531933546
"You don't have to be the hero, but you can sure do your part to help save the day.",0,Human,19,short,human_vs_ai_sentences,0,0.30086413908234144
I think its neat seein g a community coming together and doing stuff together.,0,Human,14,short,human_vs_ai_sentences,0,0.18235874525440784
The Electoral College allows a candidate to win the presidency without winning the popular vote.,1,AI,15,short,human_vs_ai_sentences,1,0.7394158234714706
I agree that college graduates should pay the full cost of their study.,1,AI,13,short,human_vs_ai_sentences,0,0.1998172971972545
"Education encourages people to think critically, be open to change, and challenge oppressive systems.",1,AI,14,short,human_vs_ai_sentences,1,0.8908344317524225
"By spreading out the extra hour and a half rather than compressing it into the regular school day, students could continue to earn credit for classes while avoiding the potential pitfalls of excessive school days.",1,AI,35,medium,human_vs_ai_sentences,0,0.3767749574240954
Thank you for your attention.,1,AI,5,very_short,human_vs_ai_sentences,1,0.8135456828387547
Johnson!,1,AI,1,very_short,human_vs_ai_sentences,1,0.8397153146500135
"Ohio is known as a state that looks at their candidates closely, and can be persuaded to choose one based on what they know about them.",0,Human,26,short,human_vs_ai_sentences,0,0.3862120615192245
Just dont join because u were ask to.,0,Human,8,very_short,human_vs_ai_sentences,0,0.041620231061035885
But I think the best thing about technology is how it's helped us connect with others.,1,AI,16,short,human_vs_ai_sentences,0,0.4893917881716663
Limited car use would alleviate all these problems.,0,Human,8,very_short,human_vs_ai_sentences,0,0.028773365318889597
This is simply unacceptable in a democracy.,1,AI,7,very_short,human_vs_ai_sentences,1,0.7363576487798686
"You could possibly say that the Electoral College is a ""cheat"" or you could also say that the people voting isn't the best idea based on immaturity / judgment people give.",0,Human,31,medium,human_vs_ai_sentences,0,0.021968702620430026
"For students who do not have access to the internet, online classes can be difficult for them to participate in and succeed with, as they do not have access to the same resources as their peers.",1,AI,36,medium,human_vs_ai_sentences,1,0.9528461530368905
The people of Generic_City are friendly and welcoming.,1,AI,8,very_short,human_vs_ai_sentences,0,0.1379584681618601
"They're too narrow, biased, and stressful.",1,AI,6,very_short,human_vs_ai_sentences,1,0.727827393826224
"For instance, consider the case of a smartphone app that is cluttered with many options and features.",1,AI,17,short,human_vs_ai_sentences,0,0.40460250866295683
Voting for people to elect a president is just not right.,0,Human,11,short,human_vs_ai_sentences,0,0.08704410653434352
"Primarily, working alone allows for an individual to thrive in their own way and be creative, working towards a common goal made easier by not having to take input from others.",1,AI,31,medium,human_vs_ai_sentences,1,0.9192450692856943
"Their illegal in most states,only a few in the United States allow limited use of semi-autonomous cars ; California, Nevada , Florida, and the District of Columbia.",0,Human,27,short,human_vs_ai_sentences,0,0.027423104676793878
To be indebend students.,0,Human,4,very_short,human_vs_ai_sentences,0,0.012544440039568177
Students will then not only participate in something more healthy but they will also become part of a community.,0,Human,19,short,human_vs_ai_sentences,0,0.09154542330140018
There's many students that have big dreams of becoming famous or something like that but some students need to have school and have a B or higher to do many things.,0,Human,31,medium,human_vs_ai_sentences,0,0.0915291124562945
"These things would be somewhat ""okay"" condtions for humans, with NASA's sollution in place.",0,Human,14,short,human_vs_ai_sentences,0,0.037163679599119766
These services make it easy for people to get around without having to own a car.,1,AI,16,short,human_vs_ai_sentences,0,0.36354702405992223
"In conclusion, while E-dictionaries can be useful tools for learning English, I believe that their overuse can have a negative impact on our spelling ability.",1,AI,25,short,human_vs_ai_sentences,1,0.9665690051057606
These projects have been debated on being either student-designed or teacher-designed.,0,Human,11,short,human_vs_ai_sentences,0,0.3946194451518493
"My excellent physical and mental health provides me with the strength and clarity of mind to devote to this job, and I am eager to use my skills and knowledge to drive the business forward.",1,AI,35,medium,human_vs_ai_sentences,1,0.7662133345941129
In conclusion changing the way people vote is easier for everybody.,0,Human,11,short,human_vs_ai_sentences,0,0.11465662645683503
"""Are Americans Addicted to Smartphones?",0,Human,5,very_short,human_vs_ai_sentences,0,0.19473543391605083
That could turnout to becume disaster.,0,Human,6,very_short,human_vs_ai_sentences,0,0.08742583976175843
This can be beneficial for people who want to pursue a career in that particular field.,1,AI,16,short,human_vs_ai_sentences,1,0.8817168092292493
"I think the environment are not important for students study, as long as you are a hard working student and always pay attention when teacher is talking, you will be the next success person in this world.",0,Human,37,medium,human_vs_ai_sentences,0,0.43113616640049074
The most detrimental outcome is death.,0,Human,6,very_short,human_vs_ai_sentences,0,0.04823064371202048
Teachers get calls in the middle of class and are allowed to answer.,0,Human,13,short,human_vs_ai_sentences,0,0.03283532405193736
That was a great opportunity that I got.,0,Human,8,very_short,human_vs_ai_sentences,0,0.3353098557489484
"For example, a car commercial may claim that their vehicle has the best fuel efficiency in it's class, but they may fail to mention that this is only true for certain models or under certain conditions.",1,AI,36,medium,human_vs_ai_sentences,1,0.7572708862047006
"Paris has more smog than most other European capitals, because they have more people driving cars (source 2).",0,Human,18,short,human_vs_ai_sentences,0,0.03744861630419837
Another example is young people who participate in political campaigns.,1,AI,10,very_short,human_vs_ai_sentences,0,0.3673905183493831
What would you do if you saw a picture of a human face on the ground of another planet?,0,Human,19,short,human_vs_ai_sentences,0,0.014115759167745965
"Many cities are investing in public transportation, and there are many new high-speed rail lines being built around the world.**

**Finally, you can limit car usage by carpooling or taking ride-sharing services.",1,AI,32,medium,human_vs_ai_sentences,1,0.8352187078167606
"Hello I am a scientist at NASA disscusing the fase on Mars with you because you think it was created by aliens, but in the text it says ""There must have been a degree of surprise among mission controllers back at jet propulsion lab when the face appeared on their monitors.",0,Human,51,medium,human_vs_ai_sentences,0,0.03746210021792847
People get different opinions so that they can get a good understanding of the the topic and have different perspectives.,0,Human,20,short,human_vs_ai_sentences,0,0.07775875854025444
"The Electoral College, as established by our founding fathers, has proven to be an effective means of selecting our nation's leader, striking a balance between a popular vote and congressional appointment.",1,AI,31,medium,human_vs_ai_sentences,1,0.9146725476171231
When discussing the development of character traits it is important to consider some examples of people who have achieved extraordinary results and how their character traits have helped them along the way.,1,AI,32,medium,human_vs_ai_sentences,1,0.993615016376585
"Third, electing the president by popular vote would make our elections more democratic.",1,AI,13,short,human_vs_ai_sentences,1,0.6562182845423697
"For example, I met one of my best friends Generic_Name playing basketball at my old school and we still are friends till this day.",0,Human,24,short,human_vs_ai_sentences,0,0.16073148670304688
"When we take action against something that goes against our morals or values, we often feel empowered knowing that our voice has been heard and acknowledged regardless of whether our message was accepted by society or not.",1,AI,37,medium,human_vs_ai_sentences,1,0.9586103682203316
"Not everyone can there their schedual to do that, but the more people that contribute to it the better.",0,Human,19,short,human_vs_ai_sentences,0,0.06365955047011318
"In this essay, I will discuss the pros and cons of online classes and how they could impact student life.",1,AI,20,short,human_vs_ai_sentences,1,0.7473586118110537
"In fact, some of them can be very dangerous.",1,AI,9,very_short,human_vs_ai_sentences,0,0.110964785759243
A popular vote would make the voting unfair to those who did not want that president.,0,Human,16,short,human_vs_ai_sentences,0,0.04117145177798768
At some schools there are some computers sofware that can recognize emotions but not all of them.,0,Human,17,short,human_vs_ai_sentences,0,0.016636358160924118
This can have more advantages than disadvantages.,0,Human,7,very_short,human_vs_ai_sentences,1,0.8185906290964444
"In Paris, the French government enforced a partial driving ban due to near-record pollution levels caused primarily by car emissions, and the air cleared remarkably after five days of the ban (Duffer, “Paris bans driving due to smog”).",1,AI,38,medium,human_vs_ai_sentences,0,0.28180157348311796
"Therefore, I encourage your attention to this matter to ensure that our democracy accurately represents the will of the American people.",1,AI,21,short,human_vs_ai_sentences,1,0.9550163082551113
There are many reasons why young people should give back to their communities.,1,AI,13,short,human_vs_ai_sentences,1,0.800063604281543
Last way is join any club.,0,Human,6,very_short,human_vs_ai_sentences,0,0.1774369428921315
"Sincerely,
[Your Name]",1,AI,3,very_short,human_vs_ai_sentences,1,0.9664565597621871
"In the past decade or so, technology has revolutionized the way students learn and interact with teachers, creating opportunities for improved collaboration, increased access to information, and new ways to engage with course materials.",1,AI,34,medium,human_vs_ai_sentences,1,0.9578347351672719
"I acknowledge the arguments of some critics of the Electoral College, like Bradford Plumer, who suggest it is an outdated and unfair system because it discourages candidates from campaigning in states they either secure or have no chance of winning, reducing the attention paid to numerous Americans' political concerns.",1,AI,49,medium,human_vs_ai_sentences,0,0.46972125111387164
"In Vauban, Germany, they have almost completely cut out automobile use in their community.",0,Human,14,short,human_vs_ai_sentences,0,0.04979934486235104
"There for, I helped her solve her problem and helped her make a better choice.",0,Human,15,short,human_vs_ai_sentences,0,0.09118136591564924
Ultimately its best weigh both pros & cons first then decide whether its really worth investing in one - afterall its going cost money either way regardless of how enjoyable/convenient receiving,1,AI,31,medium,human_vs_ai_sentences,0,0.16298025882724942
"However, social group identification can also have negative consequences.",1,AI,9,very_short,human_vs_ai_sentences,1,0.8532660375403812
I don't think so.,1,AI,4,very_short,human_vs_ai_sentences,0,0.03149285100320019
"They are taking public transportation, walking, carpooling, and so on.",0,Human,10,very_short,human_vs_ai_sentences,0,0.4335330633445381
"I mean, like I said, what can't NASA do.",0,Human,9,very_short,human_vs_ai_sentences,0,0.13783964215447483
"😃

So, the prompt is like, research and compare the advantages and disadvantages of working independently and in a group.",1,AI,20,short,human_vs_ai_sentences,1,0.9881800289134831
AI implementation does pose some ethical concerns as well; for instance there is debate about using algorithms for data-driven decision making such as credit scoring or personnel selection because they may introduce bias into these decisions.,1,AI,36,medium,human_vs_ai_sentences,0,0.22060977759311914
Without the Electoral College We the People wouldnt have a president to help run our country as a whole.,0,Human,19,short,human_vs_ai_sentences,0,0.06277806816177021
I think that people work hard enough to get into sports already.,0,Human,12,short,human_vs_ai_sentences,0,0.14218718540344746
