sample_id,record_id,label,source,word_count,sentence_count,avg_sentence_length,vocabulary_diversity,perplexity,burstiness
0,7594,1,reddit_eli5,94,5,18.8,0.5,19.75467814240687,22.163884706375264
1,22613,0,finance,34,5,6.8,0.7941176470588235,38.343818649924046,
2,19829,1,finance,151,6,25.166666666666668,0.5165562913907285,14.785143034115396,10.19155550267408
3,15641,0,reddit_eli5,195,11,17.727272727272727,0.5025641025641026,27.25693825496255,181.110500325042
4,23826,1,medicine,167,9,18.555555555555557,0.5389221556886228,11.91138277002942,36.54148067810492
5,22939,1,finance,329,16,20.5625,0.44984802431610943,11.730234421130465,28.348794221828804
6,15712,0,reddit_eli5,9,22,0.4090909090909091,1.0,31.862274162785358,1641.6091684062278
7,6180,1,reddit_eli5,75,4,18.75,0.72,36.31864228581079,71.19290502225486
8,9642,0,reddit_eli5,61,3,20.333333333333332,0.8524590163934426,176.96904776294105,98.97280736655328
9,18277,1,open_qa,40,2,20.0,0.85,17.94728791670386,8.229712730378209
10,14952,0,reddit_eli5,113,4,28.25,0.7345132743362832,64.59780718438358,98.74231056594662
11,17725,1,open_qa,171,9,19.0,0.4853801169590643,11.966812617695506,17.528951364097807
12,17012,1,reddit_eli5,289,15,19.266666666666666,0.32525951557093424,12.192559418537048,309.4096253366747
13,10868,0,reddit_eli5,22,2,11.0,0.9090909090909091,151.78003389167958,4127.111954272607
14,2468,0,reddit_eli5,81,7,11.571428571428571,0.7654320987654321,36.67581472301657,1232.0146793514207
15,3227,0,reddit_eli5,50,1,50.0,0.84,149.84195256037168,50.02637665769035
16,5037,0,reddit_eli5,34,2,17.0,0.9411764705882353,113.79806803909558,58.063536797960694
17,17353,0,open_qa,17,3,5.666666666666667,0.9411764705882353,81.27729684214474,27.736269661227535
18,2377,1,reddit_eli5,190,9,21.11111111111111,0.38421052631578945,10.491782952111278,13.874981628211925
19,18137,1,open_qa,86,4,21.5,0.5930232558139535,16.141214131455147,17.889652168393685
20,8252,0,reddit_eli5,10,3,3.3333333333333335,1.0,909.9774499036271,218.6572232183429
21,11610,1,reddit_eli5,220,11,20.0,0.3409090909090909,14.70134415329597,14.334894515557952
22,9800,1,reddit_eli5,138,7,19.714285714285715,0.5652173913043478,21.147179070546617,12.581914642128057
23,12195,1,reddit_eli5,175,6,29.166666666666668,0.48,12.638801116895065,7.233033676454769
24,22098,1,finance,227,9,25.22222222222222,0.3920704845814978,10.338297933216575,16.825248082782817
25,23671,0,medicine,88,7,12.571428571428571,0.7045454545454546,53.71409693867885,43.31986471234915
26,11228,1,reddit_eli5,72,3,24.0,0.625,15.324507208784278,6.2023199861798854
27,391,0,reddit_eli5,82,12,6.833333333333333,0.8048780487804879,95.0047551665564,22760.085113885652
28,429,0,reddit_eli5,140,7,20.0,0.65,39.06848395017779,133.27174476858224
29,4835,0,reddit_eli5,60,6,10.0,0.75,74.62475909089369,34661.00412880782
30,6464,0,reddit_eli5,241,24,10.041666666666666,0.5892116182572614,59.38488235155166,1605.9685610066272
31,6685,0,reddit_eli5,102,6,17.0,0.6862745098039216,114.55543180879265,519.4206331664881
32,5362,0,reddit_eli5,58,3,19.333333333333332,0.6896551724137931,41.93298625691197,54.32922689477953
33,374,0,reddit_eli5,10,1,10.0,1.0,866.4883314213498,
34,7818,1,reddit_eli5,128,7,18.285714285714285,0.5703125,16.782578404957015,23.32699445244509
35,12391,0,reddit_eli5,20,2,10.0,0.85,289.54456174009994,1261.5457743030756
36,24281,1,medicine,171,8,21.375,0.5380116959064327,10.581253428490713,4.246695424458728
37,7922,1,reddit_eli5,173,10,17.3,0.5202312138728323,13.84275292008605,21.142469305777546
38,19941,1,finance,187,7,26.714285714285715,0.47593582887700536,10.633446604751459,7.797983967545336
39,22278,0,finance,50,4,12.5,0.9,137.0552227265627,113.51171319275873
40,11369,0,reddit_eli5,89,4,22.25,0.6966292134831461,56.52644037395453,130.73216549896244
41,18006,1,open_qa,198,12,16.5,0.5252525252525253,10.929847761380104,61.041037984463344
42,17256,0,open_qa,80,2,40.0,0.8125,83.11959352357987,
43,7392,0,reddit_eli5,35,4,8.75,0.9428571428571428,79.69100048057305,695.953175807801
44,18216,1,open_qa,155,7,22.142857142857142,0.5419354838709678,18.664144389292627,20.955778417902355
45,11207,0,reddit_eli5,81,2,40.5,0.7283950617283951,56.352371070992874,34.82419341500634
46,17031,0,reddit_eli5,9,1,9.0,1.0,657.9077299486809,71.57827361873768
47,1434,0,reddit_eli5,26,2,13.0,0.9615384615384616,513.5235112104665,4.578943894970394
48,3158,0,reddit_eli5,269,11,24.454545454545453,0.6059479553903345,50.51552872013279,140.42021333523945
49,17137,1,open_qa,107,5,21.4,0.6355140186915887,16.350143270125248,31.436901557798567
50,17432,1,open_qa,90,7,12.857142857142858,0.6777777777777778,13.249616907513726,87.64955152457554
51,11257,0,reddit_eli5,110,8,13.75,0.7454545454545455,56.45376549073658,121.13877351512735
52,22202,1,finance,195,7,27.857142857142858,0.5282051282051282,8.678021308731756,2.5976791686069456
53,4848,0,reddit_eli5,79,4,19.75,0.7088607594936709,68.82672940925514,137.0748411269396
54,10475,0,reddit_eli5,14,2,7.0,0.9285714285714286,478.1026956606546,804.5887152775392
55,13061,1,reddit_eli5,86,5,17.2,0.5930232558139535,21.05953165110648,25.065808811300577
56,12745,1,reddit_eli5,188,9,20.88888888888889,0.48404255319148937,9.094859032856922,8.321097594418069
57,20056,1,finance,138,5,27.6,0.5869565217391305,14.760358034953077,12.617084676785316
58,17818,1,open_qa,134,7,19.142857142857142,0.6194029850746269,14.08562416604028,13.311198640582722
59,1409,0,reddit_eli5,18,1,18.0,0.9444444444444444,189.00133055779466,
60,14894,1,reddit_eli5,403,16,25.1875,0.43672456575682383,11.978830243024966,97.5393166133153
61,15423,0,reddit_eli5,152,9,16.88888888888889,0.6118421052631579,80.73420953908712,30493.954278436788
62,7068,1,reddit_eli5,209,7,29.857142857142858,0.41626794258373206,8.36896179988104,6.787527435869734
63,3717,1,reddit_eli5,227,9,25.22222222222222,0.44933920704845814,9.140805653941161,8.962684990357893
64,17349,1,open_qa,36,2,18.0,0.75,13.14712192190996,24.604246764704975
65,20650,1,finance,147,5,29.4,0.564625850340136,11.913470275720925,3.983905940350143
66,18028,0,open_qa,31,1,31.0,0.9032258064516129,42.89531437915572,
67,5737,1,reddit_eli5,298,9,33.111111111111114,0.3691275167785235,13.22689509680013,12.95499173091628
68,1677,0,reddit_eli5,290,19,15.263157894736842,0.49310344827586206,51.778425286298365,4655.297398899443
69,4100,1,reddit_eli5,73,4,18.25,0.7123287671232876,18.466009201789586,24.113766212329683
70,17517,1,open_qa,225,10,22.5,0.49333333333333335,10.9956087113126,6.230329558069489
71,5861,0,reddit_eli5,142,5,28.4,0.6197183098591549,110.5217786152575,70.61292346471264
72,14731,1,reddit_eli5,176,6,29.333333333333332,0.4147727272727273,11.03088843383205,11.240866546187023
73,13216,1,reddit_eli5,233,12,19.416666666666668,0.4592274678111588,12.452395967765705,52.402357849316225
74,15458,0,reddit_eli5,43,4,10.75,0.7441860465116279,32.45660402742317,151.2031232313015
75,2738,0,reddit_eli5,92,6,15.333333333333334,0.6956521739130435,56.805100630097115,1445.2276419092725
76,5690,1,reddit_eli5,216,8,27.0,0.5833333333333334,14.195544019781078,11.628852613137227
77,7276,0,reddit_eli5,22,1,22.0,0.9090909090909091,82.84514265858414,8595.478847945886
78,20223,0,finance,78,6,13.0,0.8076923076923077,83.05600447000589,114.31052647931048
79,5758,1,reddit_eli5,180,9,20.0,0.5611111111111111,16.39110978241242,87.57764436296819
80,18903,0,wiki_csai,221,10,22.1,0.5113122171945701,25.305032385063765,62.24479136732171
81,7791,0,reddit_eli5,100,3,33.333333333333336,0.75,94.89224687081817,163.161084825912
82,5012,1,reddit_eli5,207,6,34.5,0.463768115942029,12.526272223620635,9.219526208801208
83,19049,1,wiki_csai,214,11,19.454545454545453,0.5607476635514018,17.424545569660072,68.86632007993262
84,2978,1,reddit_eli5,203,10,20.3,0.5221674876847291,11.953105571883912,26.58281213866487
85,14431,1,reddit_eli5,124,5,24.8,0.6209677419354839,15.855994947211396,10.350801808979924
86,18235,1,open_qa,85,4,21.25,0.6,9.043966884057395,6.983081279629527
87,19449,0,finance,28,2,14.0,0.8571428571428571,65.75476628280943,98.85879199892173
88,15665,0,reddit_eli5,42,4,10.5,0.8809523809523809,123.22871390690817,119.73594614677492
89,17455,1,open_qa,73,4,18.25,0.547945205479452,11.029552490612875,9.095910430288967
90,12604,1,reddit_eli5,215,8,26.875,0.4186046511627907,11.52333745437551,14.949033919919652
91,988,1,reddit_eli5,281,19,14.789473684210526,0.49466192170818507,11.11425100244477,118.23939852506383
92,17076,0,reddit_eli5,56,2,28.0,0.8392857142857143,103.57983959681965,38.07707205397603
93,20338,0,finance,162,9,18.0,0.6111111111111112,36.161561630212915,42.898856783583064
94,22445,1,finance,261,10,26.1,0.5287356321839081,15.868459923268475,6.975527065632066
95,14977,1,reddit_eli5,122,6,20.333333333333332,0.6639344262295082,15.535616301317036,58.14219515082002
96,4983,0,reddit_eli5,106,5,21.2,0.6226415094339622,32.919204959145674,129.75870816853333
97,13229,1,reddit_eli5,187,6,31.166666666666668,0.5133689839572193,14.828186537063473,10.962298187261016
98,4995,1,reddit_eli5,135,5,27.0,0.5555555555555556,17.720577481401083,11.822710241789457
99,13831,1,reddit_eli5,246,14,17.571428571428573,0.3983739837398374,11.363029801392095,192.16855989812197
100,6276,0,reddit_eli5,68,7,9.714285714285714,0.8088235294117647,176.9130247149783,362.4561482823521
101,15460,0,reddit_eli5,36,3,12.0,0.6666666666666666,69.91809368222196,789.4891461381559
102,23717,0,medicine,57,2,28.5,0.7368421052631579,127.32660835886614,52.207842806999935
103,14745,1,reddit_eli5,183,9,20.333333333333332,0.5519125683060109,12.522674012808151,14.330908112891402
104,3356,0,reddit_eli5,34,2,17.0,0.9117647058823529,207.81553772942124,156.4444773703194
105,988,0,reddit_eli5,18,1,18.0,0.9444444444444444,269.59272224489774,109.47743943588624
106,5930,0,reddit_eli5,52,3,17.333333333333332,0.7307692307692307,58.597529630314796,82.75514179205221
107,19598,0,finance,204,11,18.545454545454547,0.6029411764705882,39.94411704218381,84.42375007779
108,9887,0,reddit_eli5,35,2,17.5,0.8285714285714286,143.05541038336668,1471.9050407326056
109,3772,0,reddit_eli5,21,1,21.0,0.8095238095238095,103.83733659312301,
110,871,0,reddit_eli5,44,4,11.0,0.75,107.71970484546998,73.16594661212912
111,9169,1,reddit_eli5,173,7,24.714285714285715,0.5202312138728323,23.035424440323382,16.621763121234608
112,11104,1,reddit_eli5,111,6,18.5,0.5405405405405406,10.865524043644633,10.388673585996855
113,7463,1,reddit_eli5,285,12,23.75,0.3649122807017544,10.721806347494203,7.317873087754183
114,676,0,reddit_eli5,12,2,6.0,1.0,450.60469974561187,8612.640391313635
115,12826,0,reddit_eli5,25,1,25.0,0.88,194.97512203758316,
116,18997,1,wiki_csai,166,6,27.666666666666668,0.6325301204819277,14.85677941572958,12.056531989796072
117,4695,0,reddit_eli5,47,2,23.5,0.7872340425531915,37.79224489174253,41.13590777010482
118,14303,0,reddit_eli5,7,2,3.5,1.0,253.38165012033335,4002.9680204938377
119,3982,1,reddit_eli5,121,5,24.2,0.6198347107438017,13.765023844091186,22.363285345226952
120,14790,1,reddit_eli5,184,7,26.285714285714285,0.42391304347826086,10.700339794259913,24.523702826159333
121,20742,1,finance,393,17,23.11764705882353,0.31806615776081426,10.568039861744987,22.337531463489782
122,5344,1,reddit_eli5,134,8,16.75,0.48507462686567165,15.182432860890271,32.71868631519024
123,11392,0,reddit_eli5,360,10,36.0,0.5583333333333333,54.16189904788447,147.09650990906835
124,16553,0,reddit_eli5,13,1,13.0,1.0,1014.783930161716,
125,23494,1,medicine,197,9,21.88888888888889,0.5583756345177665,14.057727774321526,21.51941840494896
126,625,0,reddit_eli5,32,2,16.0,0.9375,91.79111572733665,4.63227799706705
127,13869,0,reddit_eli5,299,17,17.58823529411765,0.49498327759197325,36.67677659714929,2505.1687351627247
128,22322,1,finance,168,8,21.0,0.6309523809523809,17.64245407467417,8.616517016126853
129,11237,0,reddit_eli5,103,5,20.6,0.6990291262135923,62.463835966588384,145.1888218604289
130,18237,1,open_qa,102,7,14.571428571428571,0.696078431372549,12.107411748132408,28.63235364827064
131,20450,1,finance,130,4,32.5,0.5769230769230769,11.810552663770396,30.088961520639483
132,22469,0,finance,539,22,24.5,0.43042671614100186,34.70951990008179,77.46929073097249
133,12950,0,reddit_eli5,209,14,14.928571428571429,0.5933014354066986,70.86127324168086,20716.50786985234
134,13895,0,reddit_eli5,54,6,9.0,0.7962962962962963,57.92752484081976,593.1662376452811
135,6005,1,reddit_eli5,125,6,20.833333333333332,0.648,12.492745968113802,7.852970866755855
136,10707,1,reddit_eli5,106,6,17.666666666666668,0.6509433962264151,14.729232401621909,55.0673946274283
137,5083,1,reddit_eli5,176,6,29.333333333333332,0.5284090909090909,10.800942800538852,18.643367225394044
138,9847,1,reddit_eli5,170,9,18.88888888888889,0.48823529411764705,23.797577682579966,35.410900379566215
139,12563,1,reddit_eli5,145,8,18.125,0.5379310344827586,22.148124263115974,270.25491672929087
140,9777,1,reddit_eli5,122,6,20.333333333333332,0.5491803278688525,29.04102036253938,16.53430456769921
141,5842,0,reddit_eli5,79,5,15.8,0.6835443037974683,62.22443667037364,94.14910624706606
142,3750,1,reddit_eli5,211,10,21.1,0.6018957345971564,14.64999009155754,14.151432381108693
143,985,0,reddit_eli5,14,1,14.0,1.0,205.09532766086406,113.62301574204973
144,13000,1,reddit_eli5,167,9,18.555555555555557,0.47305389221556887,13.188034488361733,31.799617922157783
145,5083,0,reddit_eli5,97,4,24.25,0.6907216494845361,71.3090044958508,92.31728856117537
146,12768,0,reddit_eli5,58,3,19.333333333333332,0.6724137931034483,108.14533005651944,293.15613391938507
147,17262,1,open_qa,94,4,23.5,0.6595744680851063,14.767190273417876,38.23027652203819
148,17885,0,open_qa,27,1,27.0,0.7407407407407407,36.026438537702376,
149,14111,0,reddit_eli5,148,7,21.142857142857142,0.6148648648648649,49.07456254111922,517.5758782470044
150,170,1,reddit_eli5,157,7,22.428571428571427,0.5477707006369427,16.899984552933407,35.30766270638076
151,1773,0,reddit_eli5,47,3,15.666666666666666,0.6170212765957447,120.94285081113068,4666.114976957881
152,14491,0,reddit_eli5,149,6,24.833333333333332,0.6577181208053692,68.56513413709747,21.262831682739524
153,7288,1,reddit_eli5,201,8,25.125,0.47761194029850745,15.778415712199354,32.367453553053544
154,10944,0,reddit_eli5,205,12,17.083333333333332,0.43902439024390244,55.64657649961239,657.2604089638235
155,19928,0,finance,337,11,30.636363636363637,0.42136498516320475,28.72706824671657,295.51851649820236
156,7345,0,reddit_eli5,54,4,13.5,0.7037037037037037,66.91387427667699,77.40066807759594
157,15990,1,reddit_eli5,201,9,22.333333333333332,0.5174129353233831,9.549026470020427,13.214402024627015
158,11986,0,reddit_eli5,9,1,9.0,0.8888888888888888,367.29299380149985,
159,22243,1,finance,209,9,23.22222222222222,0.5023923444976076,13.4336669531437,8.88301183785046
160,8383,0,reddit_eli5,196,11,17.818181818181817,0.5612244897959183,54.48110772740046,1555.6253100729782
161,16330,0,reddit_eli5,48,2,24.0,0.8958333333333334,89.25253825407422,375.77715574920364
162,8387,0,reddit_eli5,70,3,23.333333333333332,0.8142857142857143,93.65671552745047,128.230792007266
163,8155,1,reddit_eli5,177,7,25.285714285714285,0.6045197740112994,19.208346831827438,9.723852600324319
164,17873,1,open_qa,101,4,25.25,0.6534653465346535,9.621635340830187,47.82030633422688
165,5866,1,reddit_eli5,191,8,23.875,0.5130890052356021,12.705795518931298,3.7909790659823526
166,11076,1,reddit_eli5,78,6,13.0,0.5384615384615384,16.38724918736347,72.29104456344497
167,18371,1,wiki_csai,183,7,26.142857142857142,0.5573770491803278,16.24765141430178,16.86091729481516
168,2841,0,reddit_eli5,151,4,37.75,0.6887417218543046,141.49782360619918,92.7916134918682
169,14891,1,reddit_eli5,196,8,24.5,0.4387755102040816,10.594559294514385,12.12962901049108
170,1600,1,reddit_eli5,196,11,17.818181818181817,0.5051020408163265,11.764479633842019,7.2744524895942115
171,761,0,reddit_eli5,32,1,32.0,0.875,91.36731492577142,
172,19899,1,finance,277,10,27.7,0.4151624548736462,11.113646854449044,7.453780340887389
173,22520,1,finance,236,10,23.6,0.4194915254237288,11.568557122207332,14.865190148647567
174,7380,0,reddit_eli5,48,4,12.0,0.8541666666666666,266.9708847237473,810.0422774172329
175,2890,1,reddit_eli5,236,7,33.714285714285715,0.4661016949152542,10.144534244922331,5.882041761059899
176,17550,0,open_qa,25,1,25.0,0.84,50.08302971001156,
177,1558,1,reddit_eli5,108,5,21.6,0.5925925925925926,19.95946773100641,14.994631437326163
178,7027,0,reddit_eli5,73,3,24.333333333333332,0.7808219178082192,92.94480170545995,91.19960060516927
179,19712,1,finance,164,7,23.428571428571427,0.5365853658536586,14.603079810494057,8.564565814567448
180,20472,1,finance,198,8,24.75,0.51010101010101,15.281513054623503,3.4341659460970675
181,442,0,reddit_eli5,37,2,18.5,0.7567567567567568,99.59456525122893,1.1632236444526853
182,20451,1,finance,226,8,28.25,0.4911504424778761,11.072731498287238,5.898423124324597
183,19129,1,wiki_csai,117,5,23.4,0.5897435897435898,15.52440469868842,14.656296364306954
184,12826,0,reddit_eli5,52,2,26.0,0.7692307692307693,117.43196293726245,33.14812219675786
185,3862,0,reddit_eli5,255,15,17.0,0.5450980392156862,37.56329383029533,562.8876215316699
186,1520,1,reddit_eli5,174,10,17.4,0.5057471264367817,13.172887799966384,27.13805335311178
187,22180,1,finance,228,9,25.333333333333332,0.3991228070175439,10.960481020417433,2.820389428579137
188,1890,1,reddit_eli5,188,9,20.88888888888889,0.43617021276595747,11.695687346324595,34.631331229891366
189,15940,1,reddit_eli5,204,9,22.666666666666668,0.4852941176470588,9.267535057589756,12.003643306691222
190,11261,0,reddit_eli5,145,9,16.11111111111111,0.7034482758620689,63.04945812005545,1796.7006814741778
191,16899,0,reddit_eli5,62,3,20.666666666666668,0.8225806451612904,90.68871585343732,49.456975457911746
192,5755,1,reddit_eli5,225,11,20.454545454545453,0.5022222222222222,10.935172868509163,64.85848638396405
193,22786,0,finance,60,5,12.0,0.7166666666666667,33.14921383636038,963.5114725440667
194,6777,0,reddit_eli5,210,20,10.5,0.5666666666666667,30.804255186597143,229.94276816371357
195,18790,0,wiki_csai,68,5,13.6,0.6323529411764706,21.81525844159606,36.526657882942615
196,10681,1,reddit_eli5,102,4,25.5,0.5588235294117647,28.747211561998327,3.265812939440627
197,9341,0,reddit_eli5,20,2,10.0,0.95,108.28238066678675,4.949986632189152
198,4423,0,reddit_eli5,49,3,16.333333333333332,0.7551020408163265,63.40183096695263,69.81704879460528
199,13208,1,reddit_eli5,148,10,14.8,0.6418918918918919,13.018506443564634,11.705123967824727
200,20113,1,finance,162,12,13.5,0.36419753086419754,5.06393447520352,13.120902874058006
201,6949,0,reddit_eli5,45,3,15.0,0.8666666666666667,132.0017109422117,57.63820028868965
202,7071,0,reddit_eli5,20,2,10.0,0.85,68.1764572880764,235.60329553510655
203,13064,0,reddit_eli5,22,2,11.0,0.9545454545454546,477.26242728007037,24.354085096198332
204,11267,0,reddit_eli5,52,3,17.333333333333332,0.6923076923076923,73.97644267456126,128.64000794193814
205,18143,0,open_qa,26,1,26.0,0.9615384615384616,91.02868519814554,
206,22623,1,finance,183,7,26.142857142857142,0.48633879781420764,29.002154740754584,31.320815898325776
207,13131,1,reddit_eli5,214,7,30.571428571428573,0.5,14.538738415789245,17.669683285406794
208,4339,1,reddit_eli5,93,5,18.6,0.6021505376344086,13.493616484053428,11.058402010172204
209,22851,0,finance,59,3,19.666666666666668,0.8135593220338984,49.62075382716401,38.216419229127936
210,522,1,reddit_eli5,151,7,21.571428571428573,0.4370860927152318,11.26195364681799,6.970551749429344
211,19440,0,finance,79,4,19.75,0.6708860759493671,37.28915044879379,61.69686463440432
212,16478,0,reddit_eli5,26,2,13.0,0.8461538461538461,79.58645613302755,52.15561451606338
213,9757,0,reddit_eli5,25,2,12.5,0.88,111.22174564427613,281.77906354432065
214,9255,0,reddit_eli5,21,2,10.5,1.0,139.2872321613614,136.8124584746911
215,7129,1,reddit_eli5,121,8,15.125,0.5289256198347108,13.84584241063347,21.174394509550652
216,468,1,reddit_eli5,177,7,25.285714285714285,0.5310734463276836,12.915708213482297,21.630547051212947
217,11600,0,reddit_eli5,57,5,11.4,0.7368421052631579,89.48790099253861,252.6445386190359
218,3674,0,reddit_eli5,13,1,13.0,1.0,625.8488251540713,
219,507,1,reddit_eli5,185,7,26.428571428571427,0.5675675675675675,15.594528394609561,9.082542369671208
220,22923,0,finance,118,4,29.5,0.635593220338983,38.942251231336755,20.26484116992054
221,24229,0,medicine,138,15,9.2,0.7246376811594203,133.27555958029646,117.13921797522171
222,13678,0,reddit_eli5,32,4,8.0,0.96875,332.69913357445785,873.7977998116771
223,20463,1,finance,162,7,23.142857142857142,0.5432098765432098,18.85695442041578,35.45846169260247
224,21237,1,finance,140,8,17.5,0.5642857142857143,22.12745010451975,52.41344423721097
225,20712,1,finance,115,5,23.0,0.5826086956521739,13.663466468191109,23.425354489357794
226,17162,0,open_qa,61,2,30.5,0.6885245901639344,44.102960795154644,
227,9177,0,reddit_eli5,56,2,28.0,0.8214285714285714,88.82372651373112,203.75185274099042
228,6263,1,reddit_eli5,189,10,18.9,0.5978835978835979,15.596729620929178,37.865229667695495
229,15156,0,reddit_eli5,42,2,21.0,0.8095238095238095,97.87177644921304,38.56363630158476
230,19942,1,finance,218,10,21.8,0.463302752293578,13.43294313175668,8.588254486268232
231,3454,0,reddit_eli5,54,4,13.5,0.7592592592592593,73.64430303315972,276.1569748139495
232,24206,1,medicine,156,8,19.5,0.5448717948717948,15.545323759373384,43.980996514322065
233,4276,1,reddit_eli5,233,12,19.416666666666668,0.45064377682403434,12.741846742008025,30.097462086346383
234,12181,1,reddit_eli5,161,6,26.833333333333332,0.6024844720496895,19.824044333084736,19.849301672431046
235,7860,0,reddit_eli5,11,1,11.0,1.0,843.0419148794115,
236,6739,1,reddit_eli5,145,6,24.166666666666668,0.5379310344827586,13.921299292649426,11.665573815877428
237,12463,0,reddit_eli5,77,5,15.4,0.7792207792207793,64.85938770729194,106.46738631819568
238,11225,1,reddit_eli5,82,4,20.5,0.6829268292682927,17.65072136866117,28.546759426295797
239,122,0,reddit_eli5,99,5,19.8,0.7777777777777778,92.19168953477788,76.09969685393347
240,3198,0,reddit_eli5,94,6,15.666666666666666,0.7021276595744681,66.25124555994867,47.97425112483827
241,22602,1,finance,202,9,22.444444444444443,0.4207920792079208,9.257617267755668,10.129964556695572
242,2295,0,reddit_eli5,292,16,18.25,0.5513698630136986,55.73944454764758,612.7089868101646
243,4597,0,reddit_eli5,48,3,16.0,0.7916666666666666,30.50934055999593,300.6975629775731
244,4611,1,reddit_eli5,196,8,24.5,0.3877551020408163,10.441218593240452,10.480069587440061
245,10983,0,reddit_eli5,61,1,61.0,0.7868852459016393,243.25739489685378,
246,9455,0,reddit_eli5,36,7,5.142857142857143,0.5833333333333334,61.946656275455936,3941.7778946837284
247,15664,1,reddit_eli5,119,6,19.833333333333332,0.6134453781512605,22.070415417870066,27.05950136724146
248,5794,0,reddit_eli5,28,1,28.0,0.9285714285714286,159.42076560089444,
249,18210,1,open_qa,87,7,12.428571428571429,0.5747126436781609,13.545673272264303,37.45771332126031
250,17168,1,open_qa,91,5,18.2,0.6593406593406593,14.682397429811461,13.381629434278427
251,22092,0,finance,81,2,40.5,0.6296296296296297,58.82981928865644,3.0576751941567295
252,22442,1,finance,320,12,26.666666666666668,0.5,13.1904149174086,25.490748517476895
253,20149,0,finance,65,6,10.833333333333334,0.7692307692307693,61.23867874437756,184.90420005774942
254,17430,1,open_qa,54,3,18.0,0.7962962962962963,29.340895846377364,11.466058216277013
255,20193,1,finance,286,12,23.833333333333332,0.4090909090909091,12.69085170033749,24.550346900089103
256,6411,0,reddit_eli5,70,4,17.5,0.7285714285714285,93.03499136969538,349.6672087054313
257,12244,0,reddit_eli5,4,1,4.0,1.0,2174.5945062157293,
258,3851,1,reddit_eli5,248,11,22.545454545454547,0.4838709677419355,9.290033472044247,23.318985577476973
259,12134,1,reddit_eli5,185,9,20.555555555555557,0.44324324324324327,9.563152232766836,15.127860090000702
260,3379,0,reddit_eli5,35,2,17.5,0.7714285714285715,135.4471779520149,42.61535052702564
261,3825,1,reddit_eli5,243,10,24.3,0.42386831275720166,12.061100823172696,65.11267501576478
262,16357,0,reddit_eli5,13,1,13.0,1.0,150.60497636752893,
263,14999,1,reddit_eli5,188,13,14.461538461538462,0.4627659574468085,12.40404386053773,46.55593218390552
264,8434,1,reddit_eli5,120,5,24.0,0.55,21.213078074265383,28.686335963415917
265,13637,1,reddit_eli5,212,12,17.666666666666668,0.44339622641509435,11.304023667297063,52.297839261150685
266,12475,0,reddit_eli5,110,3,36.666666666666664,0.7181818181818181,159.74081707230906,75.64748627362899
267,5429,0,reddit_eli5,118,9,13.11111111111111,0.6694915254237288,39.68518958466022,163.09185972105718
268,15052,0,reddit_eli5,9,1,9.0,1.0,655.9058302378189,523.6155759788901
269,23357,1,medicine,194,12,16.166666666666668,0.5515463917525774,11.463436010594833,15.49148290195178
270,17707,1,open_qa,39,2,19.5,0.7692307692307693,14.254984541744923,7.3063650439229795
271,6314,1,reddit_eli5,200,10,20.0,0.57,12.141788285171295,5.483077456173567
272,15100,0,reddit_eli5,519,55,9.436363636363636,0.4046242774566474,23.743918875508008,882.2788776487541
273,21956,1,finance,130,5,26.0,0.5538461538461539,12.009436784978114,15.65329861499448
274,24003,1,medicine,183,8,22.875,0.48633879781420764,14.298713975527027,53.772409135356504
275,19792,1,finance,241,9,26.77777777777778,0.4605809128630705,10.711509495358358,13.559524797949337
276,4712,0,reddit_eli5,163,8,20.375,0.656441717791411,60.077472477383324,289.00579320418035
277,5167,0,reddit_eli5,106,9,11.777777777777779,0.6886792452830188,105.10914181175717,181.7365367542737
278,5993,1,reddit_eli5,98,4,24.5,0.5816326530612245,19.34183293540357,14.941388012951291
279,1927,0,reddit_eli5,93,4,23.25,0.7419354838709677,177.50968542247853,131.90203121023686
280,17995,1,open_qa,167,5,33.4,0.48502994011976047,14.096001696895916,33.00833696532864
281,3195,1,reddit_eli5,177,7,25.285714285714285,0.4180790960451977,14.20808906345585,18.508791941718453
282,9263,0,reddit_eli5,24,1,24.0,0.875,156.920290446348,
283,4142,1,reddit_eli5,190,8,23.75,0.3526315789473684,12.638346113009879,11.664860835822818
284,7390,1,reddit_eli5,163,6,27.166666666666668,0.4785276073619632,12.251161122417205,4.624458108484467
285,15574,0,reddit_eli5,148,8,18.5,0.5202702702702703,24.87097563870132,53.66798886479617
286,20299,0,finance,103,9,11.444444444444445,0.6796116504854369,83.72726079737164,1339.511362865019
287,18049,1,open_qa,146,6,24.333333333333332,0.6301369863013698,18.72444846150679,5.0719231283202175
288,16266,0,reddit_eli5,210,9,23.333333333333332,0.5571428571428572,41.838854663186815,283.34345379159674
289,6917,0,reddit_eli5,340,12,28.333333333333332,0.5176470588235295,51.353659534642034,173.47128838589472
290,11599,1,reddit_eli5,241,12,20.083333333333332,0.45643153526970953,22.7082728642409,80.46970834977648
291,3251,1,reddit_eli5,188,7,26.857142857142858,0.39893617021276595,9.602742370884222,16.2420212338072
292,17747,1,open_qa,167,9,18.555555555555557,0.6347305389221557,13.928503595308323,60.3398991567657
293,17064,1,reddit_eli5,131,6,21.833333333333332,0.5343511450381679,12.126784984868733,7.4446995666371185
294,14520,0,reddit_eli5,121,9,13.444444444444445,0.6776859504132231,59.579766979454945,175.8217696970533
295,6401,0,reddit_eli5,18,1,18.0,0.9444444444444444,195.38583672955028,
296,9454,0,reddit_eli5,80,4,20.0,0.65,51.64463117140153,452.61975884067147
297,20366,1,finance,217,9,24.11111111111111,0.391705069124424,8.311289290357207,9.18629458903584
298,11958,1,reddit_eli5,155,8,19.375,0.44516129032258067,9.6226057418754,418.19875084053035
299,10959,0,reddit_eli5,180,7,25.714285714285715,0.5555555555555556,65.91948835676669,88.4351248595463
300,20521,0,finance,359,12,29.916666666666668,0.3955431754874652,20.049992674198027,21.281906122766912
301,12929,0,reddit_eli5,80,4,20.0,0.75,81.95867779233828,68.96395081053649
302,3239,1,reddit_eli5,270,11,24.545454545454547,0.37037037037037035,8.86784820710953,7.285291206090084
303,20856,1,finance,210,10,21.0,0.5476190476190477,18.41869751115275,10.774276689555109
304,13513,0,reddit_eli5,112,9,12.444444444444445,0.7410714285714286,44.311818331981364,89.28700958443207
305,2793,1,reddit_eli5,144,8,18.0,0.4583333333333333,8.741139108824505,13.938150393741243
306,12785,1,reddit_eli5,86,5,17.2,0.5465116279069767,13.981884767115943,28.010018925131302
307,9694,1,reddit_eli5,156,6,26.0,0.5,17.76511749163456,13.39395696317528
308,13221,0,reddit_eli5,39,3,13.0,0.8974358974358975,148.24659186278961,1397.3441158030564
309,7110,0,reddit_eli5,364,19,19.157894736842106,0.4945054945054945,50.496009426669815,682.6209051275885
310,17478,1,open_qa,73,3,24.333333333333332,0.6438356164383562,21.002275015243292,25.01843175419896
311,2014,1,reddit_eli5,303,11,27.545454545454547,0.5016501650165016,9.963213404873711,6.575749960968633
312,11772,1,reddit_eli5,258,11,23.454545454545453,0.39147286821705424,20.554930783548016,364.7120751687911
313,4027,0,reddit_eli5,745,40,18.625,0.4120805369127517,37.73094303169191,2000.5685640694937
314,16750,1,reddit_eli5,212,11,19.272727272727273,0.4339622641509434,9.6300372555341,36.0087315249513
315,9156,0,reddit_eli5,77,5,15.4,0.7532467532467533,188.36056421572957,750.6755534968237
316,22807,1,finance,259,10,25.9,0.4092664092664093,9.405468585778577,7.200439262148183
317,14700,1,reddit_eli5,260,10,26.0,0.4846153846153846,11.795646493364536,8.53135687663714
318,22018,1,finance,148,5,29.6,0.5472972972972973,15.618461079144558,1.303606823592879
319,9506,1,reddit_eli5,159,6,26.5,0.5157232704402516,20.62838073738797,5.084781913145519
320,4452,0,reddit_eli5,127,6,21.166666666666668,0.5826771653543307,122.70984187209775,117.19882255564147
321,22868,1,finance,304,10,30.4,0.40131578947368424,8.734601805802106,4.582965291282297
322,4254,0,reddit_eli5,81,3,27.0,0.7160493827160493,92.74394132468151,62.05935684235427
323,2484,0,reddit_eli5,130,9,14.444444444444445,0.7230769230769231,90.7898761184263,335.1308727005953
324,5164,0,reddit_eli5,61,7,8.714285714285714,0.8360655737704918,71.14574030269065,26263.46212100353
325,23308,0,medicine,72,4,18.0,0.7777777777777778,55.53741523451451,44.944650784536584
326,23734,1,medicine,246,11,22.363636363636363,0.4349593495934959,12.108500057270765,28.219082583013602
327,1976,0,reddit_eli5,60,9,6.666666666666667,0.8166666666666667,61.971178055744716,161.29975464536068
328,17422,1,open_qa,85,5,17.0,0.7058823529411765,15.416771724629175,39.73785342102712
329,16540,0,reddit_eli5,28,3,9.333333333333334,0.9285714285714286,183.65753063610032,22799.195512014914
330,7489,0,reddit_eli5,114,5,22.8,0.5,36.18989464108932,166.2749136222637
331,20434,0,finance,137,5,27.4,0.7007299270072993,64.90718809337366,86.17532122450106
332,14845,1,reddit_eli5,172,8,21.5,0.5406976744186046,14.028665764401742,14.653947307582518
333,9145,0,reddit_eli5,140,9,15.555555555555555,0.65,88.69552747835704,351.73503226151973
334,7635,0,reddit_eli5,44,2,22.0,0.75,100.99016502793933,3.6940604724956785
335,7308,1,reddit_eli5,243,11,22.09090909090909,0.43209876543209874,8.962997773432386,7.4778407068358295
336,16907,0,reddit_eli5,39,2,19.5,0.9230769230769231,88.55636485172964,980.4658784064956
337,12047,0,reddit_eli5,34,3,11.333333333333334,0.8529411764705882,186.08329233205433,152.07360400165956
338,301,1,reddit_eli5,174,6,29.0,0.4885057471264368,16.984835704228246,13.913234800773962
339,15529,1,reddit_eli5,162,7,23.142857142857142,0.48148148148148145,14.95301424009224,16.275602550062008
340,145,1,reddit_eli5,178,9,19.77777777777778,0.5674157303370787,13.52016457634304,36.52592127857668
341,23158,0,medicine,40,2,20.0,0.9,114.90452019726723,
342,5089,1,reddit_eli5,218,7,31.142857142857142,0.38990825688073394,10.787652932388825,5.412689735314041
343,12015,0,reddit_eli5,160,10,16.0,0.70625,57.106315939359085,201.16979423898923
344,4348,0,reddit_eli5,190,12,15.833333333333334,0.6105263157894737,77.43129163476576,1832.139356598535
345,20973,1,finance,107,5,21.4,0.5420560747663551,12.535853578898285,13.695846354627925
346,7652,0,reddit_eli5,38,3,12.666666666666666,0.7368421052631579,157.08237114005982,948.1194351614813
347,4346,1,reddit_eli5,171,8,21.375,0.4619883040935672,13.594630934585016,12.37337866977204
348,15194,1,reddit_eli5,288,17,16.941176470588236,0.4479166666666667,10.040944088662837,54.40301372850053
349,12679,0,reddit_eli5,141,8,17.625,0.5815602836879432,42.37367068642952,78.03363023592343
350,1742,0,reddit_eli5,210,18,11.666666666666666,0.46190476190476193,32.65084833777973,380.53211221248154
351,10314,0,reddit_eli5,134,8,16.75,0.5895522388059702,31.95707562839326,69.40752766157581
352,22211,1,finance,266,11,24.181818181818183,0.46616541353383456,12.032832440340576,6.183657715985605
353,11813,1,reddit_eli5,165,9,18.333333333333332,0.5151515151515151,33.924145128244525,16.37675606597355
354,18366,0,wiki_csai,309,15,20.6,0.49838187702265374,29.23825718330615,97.8039979505262
355,17688,0,open_qa,19,1,19.0,0.8947368421052632,201.61294679197954,
356,23666,1,medicine,187,9,20.77777777777778,0.5561497326203209,19.66550059878715,44.513087394489176
357,12596,1,reddit_eli5,191,6,31.833333333333332,0.5706806282722513,9.78364046870904,4.671932820920839
358,7136,1,reddit_eli5,111,5,22.2,0.6756756756756757,23.413162822420105,14.859494327628646
359,354,1,reddit_eli5,227,13,17.46153846153846,0.5110132158590308,13.489479890513016,39.52896768786925
360,21452,0,finance,127,7,18.142857142857142,0.6929133858267716,41.97955093373653,55.59695385745713
361,1811,0,reddit_eli5,137,9,15.222222222222221,0.7007299270072993,47.39043295842905,183.01416335184763
362,1645,0,reddit_eli5,401,19,21.105263157894736,0.43640897755610975,39.01649623661362,1920.573940416237
363,16900,0,reddit_eli5,16,1,16.0,0.9375,168.6013029650358,3221.952631184652
364,15387,0,reddit_eli5,23,2,11.5,0.8695652173913043,273.69315810658924,933.5637800529322
365,21484,0,finance,335,17,19.705882352941178,0.48059701492537316,35.377559588269975,71.60997557814287
366,18204,1,open_qa,47,3,15.666666666666666,0.7446808510638298,20.187907758900288,13.6292115641975
367,7761,0,reddit_eli5,83,4,20.75,0.6626506024096386,65.4945088502153,61.967317815859445
368,17252,1,open_qa,74,4,18.5,0.6756756756756757,32.15466210614582,21.83202968596949
369,21802,0,finance,58,4,14.5,0.7586206896551724,44.01963490595114,446.9881767225597
370,17610,1,open_qa,13,1,13.0,1.0,41.06374275548025,
371,11920,1,reddit_eli5,106,6,17.666666666666668,0.5849056603773585,16.510527898449396,470.0242556661235
372,21006,0,finance,85,5,17.0,0.7411764705882353,42.58730303662007,120.93093386084256
373,18877,1,wiki_csai,149,8,18.625,0.5503355704697986,8.939718259546197,12.89950590248326
374,18229,1,open_qa,8,1,8.0,1.0,52.22144382333634,
375,1626,1,reddit_eli5,187,9,20.77777777777778,0.5614973262032086,9.315968626199592,10.375955761167639
376,22447,0,finance,172,12,14.333333333333334,0.4941860465116279,30.92828516094318,242.7282749821707
377,8316,1,reddit_eli5,266,12,22.166666666666668,0.5150375939849624,20.17368503406231,136.34247343771855
378,16000,1,reddit_eli5,216,10,21.6,0.46296296296296297,12.144845608299997,6.512779376566183
379,17814,1,open_qa,99,7,14.142857142857142,0.5858585858585859,8.776120925832874,14.656074776187827
380,22458,1,finance,186,6,31.0,0.46774193548387094,10.179701699440987,1.1666745378000345
381,13647,0,reddit_eli5,195,9,21.666666666666668,0.6,42.44863812247669,43.29697748672934
382,2610,0,reddit_eli5,154,5,30.8,0.5844155844155844,76.8495645645192,71.94651575767222
383,6506,1,reddit_eli5,286,12,23.833333333333332,0.45104895104895104,7.881360728921053,6.945608654741034
384,7400,1,reddit_eli5,210,10,21.0,0.44761904761904764,17.183507081648255,35.92320310964628
385,6861,0,reddit_eli5,49,4,12.25,0.7551020408163265,136.19481743561198,326.73969347319576
386,1794,0,reddit_eli5,84,5,16.8,0.7023809523809523,81.76475345446076,79.74600560188577
387,17092,1,reddit_eli5,177,11,16.09090909090909,0.519774011299435,13.579664776493992,373.90890153967064
388,19677,0,finance,128,7,18.285714285714285,0.6171875,24.44795456542232,283.8562774248459
389,7386,1,reddit_eli5,199,7,28.428571428571427,0.4271356783919598,6.136900006979352,2.329317963737379
390,11749,1,reddit_eli5,146,8,18.25,0.5273972602739726,26.435033348492198,10.83045221464607
391,16818,1,reddit_eli5,155,9,17.22222222222222,0.5419354838709678,14.1731395291389,19.18610423845669
392,15650,0,reddit_eli5,234,4,58.5,0.5769230769230769,56.22560259048441,94.58441683508369
393,2952,0,reddit_eli5,145,7,20.714285714285715,0.5862068965517241,53.549671122961506,429.72642399605417
394,12383,0,reddit_eli5,56,3,18.666666666666668,0.6964285714285714,97.69152068029518,15.384239455149833
395,5639,0,reddit_eli5,160,6,26.666666666666668,0.6,49.02103953394769,289.76493525464434
396,17735,1,open_qa,127,5,25.4,0.5826771653543307,16.16526892766175,21.65614177421664
397,17488,1,open_qa,107,5,21.4,0.6448598130841121,19.642595969761537,69.63582902617735
398,16368,0,reddit_eli5,60,4,15.0,0.8,41.960348622168524,70.32795467592949
399,4897,0,reddit_eli5,68,3,22.666666666666668,0.7058823529411765,75.17207905842892,50.07990961430461
400,11012,0,reddit_eli5,349,16,21.8125,0.44412607449856734,32.26315377034228,192.7540819796937
401,2488,0,reddit_eli5,396,25,15.84,0.45202020202020204,48.235708474337464,368.0106862094457
402,14027,0,reddit_eli5,15,1,15.0,1.0,333.3230273849686,
403,3924,0,reddit_eli5,28,2,14.0,0.9285714285714286,135.514170452456,15.907184722416744
404,3346,0,reddit_eli5,50,3,16.666666666666668,0.8,189.8084771375409,967.0688197685845
405,18085,1,open_qa,171,7,24.428571428571427,0.543859649122807,11.139445082490512,10.983431847667985
406,2205,1,reddit_eli5,230,14,16.428571428571427,0.43478260869565216,8.65983111755625,29.03696204755062
407,24077,0,medicine,106,8,13.25,0.7735849056603774,43.6586851512805,295.62003039251465
408,10678,1,reddit_eli5,169,9,18.77777777777778,0.5739644970414202,23.84373891697552,13.597570235938335
409,17159,1,open_qa,142,7,20.285714285714285,0.5633802816901409,11.118531324402147,6.807690196459632
410,15154,0,reddit_eli5,82,4,20.5,0.7804878048780488,110.42269268284774,95.5329560918455
411,4299,0,reddit_eli5,78,5,15.6,0.5769230769230769,42.77247975371119,1554.2518221579571
412,10800,1,reddit_eli5,175,10,17.5,0.5942857142857143,34.61888219801907,76.32876899954603
413,4797,0,reddit_eli5,66,6,11.0,0.7121212121212122,78.21222940488431,414.77770147590394
414,4000,0,reddit_eli5,94,5,18.8,0.6063829787234043,39.97516592777903,64.36468889069717
415,1424,1,reddit_eli5,202,11,18.363636363636363,0.5594059405940595,12.780830779976077,20.15917132852814
416,17077,0,reddit_eli5,137,11,12.454545454545455,0.6642335766423357,59.068662737133906,1321.1062089947445
417,6130,0,reddit_eli5,54,5,10.8,0.8333333333333334,85.72808270241153,982.294225932665
418,3907,0,reddit_eli5,48,1,48.0,0.8958333333333334,59.531092395637316,
419,3888,1,reddit_eli5,220,8,27.5,0.42727272727272725,9.699915148647229,11.411648249785992
420,14293,0,reddit_eli5,26,2,13.0,0.7307692307692307,94.07467111485639,51.27201097550071
421,9521,0,reddit_eli5,52,2,26.0,0.8461538461538461,47.73334211544995,16.898871629509046
422,17978,1,open_qa,114,5,22.8,0.6578947368421053,9.635271215319188,2.6017619206315397
423,4995,0,reddit_eli5,42,1,42.0,0.8095238095238095,309.1817084372118,
424,17255,1,open_qa,60,3,20.0,0.7333333333333333,9.314280743122692,14.609151362443614
425,18910,1,wiki_csai,230,8,28.75,0.3782608695652174,12.56206864515882,18.600099763949306
426,7619,1,reddit_eli5,225,13,17.307692307692307,0.4888888888888889,15.986421749724222,399.60009011443464
427,14162,1,reddit_eli5,163,15,10.866666666666667,0.4171779141104294,11.738593955420708,37.63513097028291
428,21580,1,finance,209,11,19.0,0.4258373205741627,10.634536801463078,12.719401082498033
429,17878,1,open_qa,182,9,20.22222222222222,0.5659340659340659,10.776665902034898,9.350409108568735
430,5159,0,reddit_eli5,44,3,14.666666666666666,0.7272727272727273,61.48184876000594,68.5105389375207
431,14038,1,reddit_eli5,197,8,24.625,0.48223350253807107,10.564069691215666,9.250165267555577
432,11922,1,reddit_eli5,153,7,21.857142857142858,0.5490196078431373,17.36650667530753,18.889530349728517
433,21773,0,finance,109,7,15.571428571428571,0.5779816513761468,38.08579272108411,66.5619787004534
434,5531,1,reddit_eli5,190,8,23.75,0.4631578947368421,16.427537077074287,7.011670505349264
435,1428,1,reddit_eli5,157,6,26.166666666666668,0.5668789808917197,17.742564893359916,9.748457894221515
436,8120,1,reddit_eli5,178,7,25.428571428571427,0.398876404494382,9.417805596476347,17.043523614406368
437,9248,0,reddit_eli5,38,2,19.0,0.7894736842105263,56.74932925378489,31.264737844275256
438,2321,0,reddit_eli5,9,1,9.0,1.0,980.5727735202111,
439,17959,1,open_qa,218,8,27.25,0.38990825688073394,8.16852725054892,5.268025423087928
440,436,0,reddit_eli5,20,1,20.0,0.85,80.64625318178663,
441,7155,0,reddit_eli5,186,12,15.5,0.5806451612903226,57.112334177820706,224.77939417562877
442,12444,1,reddit_eli5,161,7,23.0,0.4720496894409938,14.135704257270975,13.782241232704346
443,3944,0,reddit_eli5,80,8,10.0,0.65,46.20426849637896,7850.274939416568
444,9392,1,reddit_eli5,129,5,25.8,0.5503875968992248,10.427700058569151,8.253197588297096
445,12962,0,reddit_eli5,11,1,11.0,1.0,123.78949905337558,
446,21307,0,finance,152,8,19.0,0.6118421052631579,47.985309352395674,106.12536908729523
447,9688,1,reddit_eli5,137,6,22.833333333333332,0.5547445255474452,18.08603209027433,12.473812174204536
448,765,0,reddit_eli5,174,11,15.818181818181818,0.6379310344827587,68.64822823276027,251.23025457551876
449,5381,1,reddit_eli5,144,8,18.0,0.5625,15.664401156789326,32.593718539186014
450,13042,0,reddit_eli5,98,5,19.6,0.7244897959183674,68.19733130474111,28.31456016407373
451,20869,1,finance,270,12,22.5,0.45925925925925926,10.446507376434456,7.008006505550154
452,677,0,reddit_eli5,54,3,18.0,0.8333333333333334,84.23631939060026,47.04808073085525
453,10981,1,reddit_eli5,91,4,22.75,0.6593406593406593,22.866299353185976,16.87305891029001
454,16732,1,reddit_eli5,192,8,24.0,0.515625,10.416523316521408,6.307286919777214
455,22734,1,finance,219,8,27.375,0.4155251141552511,11.589853137754835,6.908139849467944
456,9814,0,reddit_eli5,15,2,7.5,0.7333333333333333,62.83246731075192,106.39000298423056
457,23508,1,medicine,135,5,27.0,0.6148148148148148,11.515298684982158,3.9618388800467326
458,4886,1,reddit_eli5,127,7,18.142857142857142,0.6377952755905512,15.354554994360077,29.302880737997196
459,10403,0,reddit_eli5,94,5,18.8,0.6276595744680851,65.07512388359788,321.1628570629693
460,14912,0,reddit_eli5,163,8,20.375,0.6503067484662577,56.65599431941095,113.81243855382884
461,9354,0,reddit_eli5,22,1,22.0,0.9545454545454546,133.60407626958244,
462,14861,0,reddit_eli5,369,32,11.53125,0.46612466124661245,34.121664288231415,516.0008589301844
463,17597,1,open_qa,174,7,24.857142857142858,0.5172413793103449,17.967337509365514,9.926186411447361
464,15205,0,reddit_eli5,162,6,27.0,0.5617283950617284,80.30518723587687,85.52886739600223
465,3255,0,reddit_eli5,89,4,22.25,0.6966292134831461,47.592443464009115,62.960381942050404
466,3605,0,reddit_eli5,53,1,53.0,0.8490566037735849,104.7113926093074,
467,6154,0,reddit_eli5,99,6,16.5,0.7272727272727273,90.02206763986987,62.21118451854545
468,9138,0,reddit_eli5,19,2,9.5,0.7894736842105263,104.57118247003578,30.862480528296715
469,7392,0,reddit_eli5,90,7,12.857142857142858,0.6333333333333333,49.49273567902765,585.4268451957008
470,8185,0,reddit_eli5,166,4,41.5,0.4939759036144578,28.03121499089895,71.94335154892265
471,7021,0,reddit_eli5,126,4,31.5,0.6984126984126984,74.00604408274087,150.76375012058796
472,4132,0,reddit_eli5,92,5,18.4,0.4782608695652174,53.05108421351564,155.62503830181254
473,10861,1,reddit_eli5,210,10,21.0,0.5047619047619047,22.05447206610733,7.676259616831197
474,16194,1,reddit_eli5,181,9,20.11111111111111,0.5303867403314917,13.186465589740717,20.28686696136489
475,7813,0,reddit_eli5,87,7,12.428571428571429,0.6551724137931034,34.19822944088386,301.2972413621974
476,4613,0,reddit_eli5,35,1,35.0,0.9428571428571428,120.50960390675962,
477,12091,0,reddit_eli5,47,3,15.666666666666666,0.723404255319149,92.17889793911175,71.67698731675988
478,4229,0,reddit_eli5,300,12,25.0,0.47333333333333333,37.1105176130519,81.07004442546238
479,19023,1,wiki_csai,184,6,30.666666666666668,0.592391304347826,13.871909343206935,16.887855537130612
480,8007,1,reddit_eli5,168,7,24.0,0.5476190476190477,11.07950238636682,13.25084616317184
481,11864,1,reddit_eli5,241,9,26.77777777777778,0.5145228215767634,10.675785035203486,5.6519214533344595
482,11001,0,reddit_eli5,30,2,15.0,0.9333333333333333,206.42476823096285,583.2419476355126
483,11770,0,reddit_eli5,175,7,25.0,0.56,39.91454825042912,36.45433037376731
484,19600,1,finance,220,9,24.444444444444443,0.5409090909090909,14.013676167886034,27.281785624102667
485,14316,1,reddit_eli5,125,5,25.0,0.632,14.281845582827904,8.312490109051849
486,617,0,reddit_eli5,144,5,28.8,0.6458333333333334,52.60270798448136,155.74883886906892
487,4687,0,reddit_eli5,67,5,13.4,0.7611940298507462,115.48517537037303,5726.400502000969
488,14925,0,reddit_eli5,257,14,18.357142857142858,0.6186770428015564,57.929486035757336,1340.304135490027
489,8194,0,reddit_eli5,72,2,36.0,0.7638888888888888,164.34890762376992,213.65566167906653
490,13735,1,reddit_eli5,156,7,22.285714285714285,0.5961538461538461,13.540500536821826,22.009711527351026
491,10973,0,reddit_eli5,68,5,13.6,0.7205882352941176,108.60681155617654,1304.1714958002162
492,23637,1,medicine,139,7,19.857142857142858,0.60431654676259,13.953478556333495,21.243964427043643
493,9654,0,reddit_eli5,28,1,28.0,0.8928571428571429,315.3824681920484,
494,13003,0,reddit_eli5,30,2,15.0,0.8333333333333334,183.28134507283133,404.0060051377624
495,19904,0,finance,151,6,25.166666666666668,0.6026490066225165,47.279034037725346,43.44729304622338
496,3121,1,reddit_eli5,261,11,23.727272727272727,0.3793103448275862,7.620840382886158,363.78501753950536
497,5074,0,reddit_eli5,165,11,15.0,0.6484848484848484,77.29034067043608,1067.5601499099298
498,6747,1,reddit_eli5,202,9,22.444444444444443,0.504950495049505,13.239117544873142,10.206962949823062
499,9164,0,reddit_eli5,57,3,19.0,0.8771929824561403,109.80705132203528,403.26538839608423
500,9683,1,reddit_eli5,158,6,26.333333333333332,0.4430379746835443,11.86693634822185,11.663993097893169
501,2949,0,reddit_eli5,595,27,22.037037037037038,0.43529411764705883,47.73205613450989,107.60715662507505
502,991,0,reddit_eli5,45,2,22.5,0.8,149.5904447803564,40.62989615884233
503,6410,1,reddit_eli5,224,11,20.363636363636363,0.4375,10.055243734667572,5.754575344223173
504,17884,1,open_qa,197,11,17.90909090909091,0.4720812182741117,9.410120553194277,32.41705817166717
505,20600,1,finance,260,11,23.636363636363637,0.5461538461538461,17.80844044679373,9.070068642379526
506,6982,1,reddit_eli5,159,7,22.714285714285715,0.4716981132075472,10.76087849883269,5.96766161393385
507,1426,0,reddit_eli5,10,1,10.0,1.0,441.569896192124,
508,12180,1,reddit_eli5,219,12,18.25,0.4931506849315068,10.889645417326447,88.60137693008673
509,18281,1,open_qa,97,5,19.4,0.6185567010309279,11.603821418271778,26.108569429302168
510,5084,0,reddit_eli5,322,15,21.466666666666665,0.5559006211180124,69.59803537484738,179.66855618981182
511,5338,0,reddit_eli5,50,3,16.666666666666668,0.78,79.71441169091729,132.5680307332737
512,9043,0,reddit_eli5,21,2,10.5,0.9523809523809523,153.7206047325752,42.439826549426726
513,18887,1,wiki_csai,178,7,25.428571428571427,0.5674157303370787,13.56900416261276,22.162678230964097
514,7790,1,reddit_eli5,114,5,22.8,0.6140350877192983,16.41990142358773,13.361869587339193
515,17675,1,open_qa,207,7,29.571428571428573,0.5797101449275363,18.19832861969557,9.552448783200703
516,23120,0,medicine,53,5,10.6,0.7924528301886793,58.460804081554144,765.7477519316184
517,663,0,reddit_eli5,468,20,23.4,0.5170940170940171,67.77527756002802,196.1886858334633
518,22415,1,finance,23,2,11.5,0.9130434782608695,62.373354925191144,
519,16472,1,reddit_eli5,189,12,15.75,0.43915343915343913,12.486933283456349,112.50384940297408
520,1881,1,reddit_eli5,141,6,23.5,0.624113475177305,19.634828143948827,25.76017552034234
521,6939,0,reddit_eli5,20,3,6.666666666666667,0.9,287.0288159994369,1500.8285777302176
522,2239,1,reddit_eli5,253,11,23.0,0.38735177865612647,10.229641013862228,33.1902866133032
523,21099,0,finance,231,10,23.1,0.5411255411255411,31.34688346078012,2038.9424950248383
524,12689,0,reddit_eli5,70,6,11.666666666666666,0.7428571428571429,39.055492170649664,32.2321555163083
525,1326,0,reddit_eli5,88,5,17.6,0.6818181818181818,59.509891353957755,104.5461768238659
526,13369,0,reddit_eli5,50,5,10.0,0.82,62.79191340584145,578.1862724160666
527,5315,0,reddit_eli5,116,4,29.0,0.6120689655172413,43.960377518428615,44.79549527630255
528,1431,0,reddit_eli5,124,4,31.0,0.6612903225806451,64.56987523521433,25.003549401777285
529,21488,1,finance,124,5,24.8,0.5806451612903226,10.155801710812248,7.0907067300819735
530,14194,1,reddit_eli5,208,11,18.90909090909091,0.5144230769230769,14.480631313646091,29.558407350232798
531,20245,1,finance,192,7,27.428571428571427,0.4635416666666667,9.20780530445755,7.694699628535594
532,1051,0,reddit_eli5,31,1,31.0,0.8387096774193549,127.11586232304812,
533,13626,0,reddit_eli5,206,16,12.875,0.6116504854368932,66.96561555299101,7776.729990665062
534,18233,0,open_qa,16,1,16.0,0.9375,60.95500884380205,
535,18576,1,wiki_csai,146,6,24.333333333333332,0.541095890410959,13.680905877949801,10.208862350963125
536,9751,1,reddit_eli5,297,13,22.846153846153847,0.4612794612794613,32.1851576429698,25.526091237201367
537,857,0,reddit_eli5,24,1,24.0,1.0,309.83226036905063,
538,21257,0,finance,91,4,22.75,0.7802197802197802,67.16539024114165,46.23019592252067
539,9292,1,reddit_eli5,184,8,23.0,0.483695652173913,20.763798067928438,12.379532686369053
540,566,0,reddit_eli5,142,7,20.285714285714285,0.6690140845070423,44.14849305251628,35.96535642373421
541,4466,1,reddit_eli5,167,8,20.875,0.39520958083832336,11.144805878652653,17.14959706611287
542,1436,1,reddit_eli5,162,12,13.5,0.5740740740740741,16.854993276239163,29.30571811248645
543,4298,1,reddit_eli5,111,5,22.2,0.6126126126126126,15.580320859766081,21.935293076576222
544,4385,1,reddit_eli5,104,4,26.0,0.5480769230769231,15.435517874256542,8.903571875602555
545,5640,0,reddit_eli5,80,5,16.0,0.775,52.98881494509663,34.04626847450297
546,16674,0,reddit_eli5,84,6,14.0,0.7142857142857143,41.88978888437327,152.03194509328185
547,17695,1,open_qa,120,8,15.0,0.5916666666666667,16.225589950222847,79.22458752911238
548,17909,1,open_qa,98,4,24.5,0.673469387755102,9.316095229760013,10.165903195189019
549,20104,1,finance,216,7,30.857142857142858,0.4166666666666667,10.099326789958354,1.987568081439032
550,15448,0,reddit_eli5,192,9,21.333333333333332,0.5833333333333334,47.27645277436501,426.4113164092341
551,7480,0,reddit_eli5,38,3,12.666666666666666,0.7105263157894737,122.43362261787071,431.018697155847
552,3962,0,reddit_eli5,255,12,21.25,0.5137254901960784,88.550833292036,358.9540868217148
553,17554,1,open_qa,15,1,15.0,1.0,40.198743355423645,
554,20497,0,finance,9,1,9.0,1.0,55.40864888909753,
555,2473,1,reddit_eli5,135,5,27.0,0.6074074074074074,14.918448057586048,14.187176569339313
556,10951,1,reddit_eli5,154,5,30.8,0.538961038961039,19.497897415362022,11.332465588707471
557,23188,1,medicine,194,8,24.25,0.5360824742268041,13.774232476930079,10.936929302017102
558,9217,0,reddit_eli5,23,6,3.8333333333333335,0.9130434782608695,121.74306320084224,1264.3943758718165
559,17717,1,open_qa,58,3,19.333333333333332,0.7241379310344828,17.787906562736556,8.323983616984181
560,17569,0,open_qa,35,1,35.0,0.7428571428571429,47.335631787492716,
561,18167,1,open_qa,68,3,22.666666666666668,0.6764705882352942,17.72384364158529,9.542357340276302
562,5603,0,reddit_eli5,319,21,15.19047619047619,0.5579937304075235,33.95975164584721,1450.6193048164603
563,11567,0,reddit_eli5,239,14,17.071428571428573,0.5899581589958159,37.46001464274006,433.81943629327833
564,9344,0,reddit_eli5,44,2,22.0,0.7045454545454546,68.10039602011221,49.675843617283164
565,3329,1,reddit_eli5,158,5,31.6,0.6139240506329114,11.174991810621435,4.817000650556731
566,5580,1,reddit_eli5,132,6,22.0,0.5984848484848485,22.2940230699988,31.61552638965759
567,5924,0,reddit_eli5,64,6,10.666666666666666,0.78125,91.80788094405192,198.1698103088959
568,17884,1,open_qa,140,6,23.333333333333332,0.5428571428571428,9.333182487672806,7.8597790581149924
569,2433,0,reddit_eli5,291,10,29.1,0.4536082474226804,39.7384567497586,218.50829699338792
570,15168,1,reddit_eli5,107,4,26.75,0.5607476635514018,9.176225140247446,7.968243186858228
571,9704,1,reddit_eli5,267,9,29.666666666666668,0.45692883895131087,17.702225510724894,16.34937501154296
572,19523,1,finance,135,5,27.0,0.5407407407407407,10.003536692544731,3.52145854028557
573,7852,1,reddit_eli5,164,8,20.5,0.47560975609756095,14.56269643882502,41.853700301518025
574,8343,0,reddit_eli5,48,3,16.0,0.9166666666666666,296.51721968892764,338.8763654057528
575,22428,1,finance,9,2,4.5,1.0,104.03488508416349,617.4917553291632
576,2632,0,reddit_eli5,215,9,23.88888888888889,0.5534883720930233,32.25803121495407,32.58276293255443
577,1627,1,reddit_eli5,259,11,23.545454545454547,0.5057915057915058,8.914195075858508,4.905943734480381
578,121,1,reddit_eli5,189,7,27.0,0.47619047619047616,11.629091047004273,11.874865210642588
579,1653,1,reddit_eli5,234,13,18.0,0.5042735042735043,11.103429012269444,32.211311116301154
580,11095,1,reddit_eli5,113,4,28.25,0.6106194690265486,13.373728680353008,10.60194200084404
581,3865,1,reddit_eli5,183,7,26.142857142857142,0.5355191256830601,12.175014181102256,5.622475015650251
582,9384,1,reddit_eli5,208,9,23.11111111111111,0.3605769230769231,14.995570393456378,16.10837844507328
583,9248,0,reddit_eli5,147,6,24.5,0.6190476190476191,89.9412316220212,447.3182481314736
584,21801,0,finance,75,3,25.0,0.7733333333333333,40.70675125274489,5.909544568323616
585,10502,0,reddit_eli5,7,1,7.0,1.0,613.4649754314585,
586,7475,1,reddit_eli5,93,6,15.5,0.7096774193548387,23.994536681244835,24.072194929927132
587,11389,1,reddit_eli5,102,5,20.4,0.5882352941176471,14.825524683691702,32.393417724893496
588,9916,0,reddit_eli5,52,2,26.0,0.75,121.60387699834558,285.4552144652835
589,24084,0,medicine,68,7,9.714285714285714,0.8529411764705882,51.83059657280314,415.28316151393847
590,19900,1,finance,189,10,18.9,0.5238095238095238,13.012169916684641,7.449401272018023
591,14883,0,reddit_eli5,81,5,16.2,0.7037037037037037,122.03640254147665,534.595513925859
592,18006,1,open_qa,246,12,20.5,0.47560975609756095,9.683966433378968,16.388152710212534
593,17954,1,open_qa,82,3,27.333333333333332,0.6463414634146342,8.031891370134506,2.571888599051137
594,22749,1,finance,167,8,20.875,0.49101796407185627,11.893017143018486,17.039623541806666
595,2416,0,reddit_eli5,65,4,16.25,0.7230769230769231,55.53341655068227,154.0203520005285
596,22786,1,finance,206,10,20.6,0.48058252427184467,9.834851007113507,18.960766306270337
597,12864,1,reddit_eli5,105,6,17.5,0.45714285714285713,16.486670784713475,23.174999507261607
598,13990,0,reddit_eli5,46,5,9.2,0.8695652173913043,94.09607095701884,2023.0549298817048
599,20722,0,finance,59,3,19.666666666666668,0.8135593220338984,117.68376620462494,82.3282182856319
600,11717,0,reddit_eli5,62,4,15.5,0.8225806451612904,45.80027232921319,78.30507506546081
601,154,0,reddit_eli5,53,6,8.833333333333334,0.7547169811320755,89.6435298572517,955.0538856254738
602,786,0,reddit_eli5,17,2,8.5,1.0,241.92976601069216,968.0466514015787
603,19784,1,finance,210,10,21.0,0.5285714285714286,14.671280373212623,9.745131642391968
604,3401,1,reddit_eli5,122,4,30.5,0.5327868852459017,11.99246385563544,13.874782418927222
605,5066,1,reddit_eli5,241,11,21.90909090909091,0.4024896265560166,12.711355496387531,33.15146086729289
606,3082,1,reddit_eli5,180,8,22.5,0.5888888888888889,15.018898972030566,14.086826826109693
607,13545,1,reddit_eli5,202,9,22.444444444444443,0.5693069306930693,7.4587563054232024,14.342409845175894
608,11716,0,reddit_eli5,68,3,22.666666666666668,0.7058823529411765,96.71382526428442,141.60101901797333
609,1984,1,reddit_eli5,251,17,14.764705882352942,0.46215139442231074,13.905075053597463,292.2242594194842
610,11484,1,reddit_eli5,108,6,18.0,0.7222222222222222,23.705579662244137,53.3370657033551
611,6103,0,reddit_eli5,177,13,13.615384615384615,0.5423728813559322,45.23373494568308,5022.077473385526
612,6658,0,reddit_eli5,47,2,23.5,0.8936170212765957,55.00742761015664,77.59920736808037
613,2869,1,reddit_eli5,267,9,29.666666666666668,0.5243445692883895,12.443489537853251,12.367436088806688
614,21558,1,finance,166,9,18.444444444444443,0.4879518072289157,11.789477917865677,13.790070213653195
615,18038,1,open_qa,91,4,22.75,0.7142857142857143,10.623363782644608,3.627177393926161
616,21412,1,finance,222,8,27.75,0.45045045045045046,10.611180372738565,18.058553275261627
617,3161,1,reddit_eli5,193,7,27.571428571428573,0.43523316062176165,14.70013845742695,5.971594468340811
618,5935,0,reddit_eli5,26,3,8.666666666666666,0.9615384615384616,247.9362540047527,128.0827197351227
619,19244,0,finance,286,14,20.428571428571427,0.44405594405594406,28.9911832629702,90.87091819198935
620,12697,1,reddit_eli5,158,7,22.571428571428573,0.5569620253164557,15.929093707967318,14.553241981385689
621,6422,1,reddit_eli5,273,10,27.3,0.45787545787545786,19.309611917179513,11.231110177698076
622,2866,0,reddit_eli5,100,6,16.666666666666668,0.7,82.81555971353347,1250.7579713313607
623,22633,0,finance,53,2,26.5,0.8301886792452831,70.91657408455318,17.59319461304245
624,2928,1,reddit_eli5,280,15,18.666666666666668,0.3821428571428571,10.256678146571751,312.7337247049807
625,15029,1,reddit_eli5,198,17,11.647058823529411,0.5303030303030303,12.229125214647413,294.8740663464558
626,14130,1,reddit_eli5,175,9,19.444444444444443,0.5314285714285715,16.024425179469844,42.92286951552814
627,11254,1,reddit_eli5,241,11,21.90909090909091,0.7385892116182573,631.8435253612633,17813.05767459284
628,2,0,reddit_eli5,38,3,12.666666666666666,0.7631578947368421,118.55345099422424,729.1289247781384
629,16628,1,reddit_eli5,176,8,22.0,0.5340909090909091,15.418113393361455,8.011016211747853
630,20898,0,finance,20,1,20.0,1.0,66.67569846336954,
631,3900,1,reddit_eli5,195,8,24.375,0.5384615384615384,18.0588564528996,13.488132409578036
632,24154,0,medicine,22,4,5.5,0.8181818181818182,34.243094904696974,642.7723852325436
633,4952,1,reddit_eli5,97,8,12.125,0.6804123711340206,16.878180132418642,28.015448300657884
634,8264,0,reddit_eli5,55,2,27.5,0.7272727272727273,73.0378613162337,3.79344267466886
635,9629,0,reddit_eli5,142,8,17.75,0.6267605633802817,84.51126846316961,448.3977817823922
636,19483,1,finance,255,12,21.25,0.5058823529411764,14.982430060684809,14.055308314231038
637,17905,1,open_qa,40,3,13.333333333333334,0.675,17.09968951881054,8.107906096971547
638,22393,0,finance,297,13,22.846153846153847,0.5252525252525253,52.504950440610415,281.79733939652203
639,15350,1,reddit_eli5,263,10,26.3,0.4448669201520912,9.528054126767563,11.49783274374159
640,3191,1,reddit_eli5,94,5,18.8,0.6808510638297872,17.00795382279487,10.30007089783172
641,21130,0,finance,231,21,11.0,0.5714285714285714,41.90920870329843,845.4963416513417
642,13131,0,reddit_eli5,81,5,16.2,0.49382716049382713,37.69441096471208,284.23480883532176
643,13190,1,reddit_eli5,168,10,16.8,0.5119047619047619,13.276814955211295,80.04935693406898
644,15244,1,reddit_eli5,180,8,22.5,0.5222222222222223,11.831941532997574,9.156414382522403
645,24010,1,medicine,139,6,23.166666666666668,0.5467625899280576,12.593874135051953,9.28215503400662
646,9715,0,reddit_eli5,66,3,22.0,0.7575757575757576,67.23704070022028,28.45514501448382
647,3841,0,reddit_eli5,66,2,33.0,0.8181818181818182,208.3734919243784,187.54306213813052
648,13158,1,reddit_eli5,180,8,22.5,0.55,10.142461677525565,13.64637374714135
649,21531,1,finance,318,13,24.46153846153846,0.4371069182389937,11.363363032640757,13.085451500862217
650,7957,1,reddit_eli5,97,5,19.4,0.5670103092783505,15.508349336404772,8.508733855186694
651,5609,1,reddit_eli5,218,10,21.8,0.47706422018348627,11.254725103799613,10.23476714387946
652,7086,1,reddit_eli5,174,7,24.857142857142858,0.5517241379310345,11.85464093415706,11.963052046188137
653,3370,1,reddit_eli5,264,13,20.307692307692307,0.5681818181818182,10.140505581775006,15.738567417521544
654,20609,1,finance,251,9,27.88888888888889,0.3944223107569721,11.225768976131963,9.119254170830418
655,16213,0,reddit_eli5,266,10,26.6,0.5150375939849624,55.014588753083984,506.38884203347743
656,10197,1,reddit_eli5,121,6,20.166666666666668,0.6198347107438017,8.244776114582077,4.9672494888985455
657,9614,1,reddit_eli5,179,7,25.571428571428573,0.49162011173184356,43.35890818216209,55.2129370794015
658,1226,0,reddit_eli5,17,1,17.0,0.9411764705882353,165.52903127644026,
659,20548,0,finance,527,18,29.27777777777778,0.4364326375711575,30.967339733416747,28.934234829359486
660,555,0,reddit_eli5,33,2,16.5,0.7575757575757576,33.26220312234315,39.80854683648168
661,23094,0,medicine,154,7,22.0,0.6493506493506493,40.77083685735183,33.545124168968464
662,11168,1,reddit_eli5,85,5,17.0,0.6235294117647059,13.1368697779928,11.921754429030619
663,15814,0,reddit_eli5,7,1,7.0,1.0,1355.1798731265633,
664,22654,1,finance,109,6,18.166666666666668,0.5596330275229358,13.336283904982938,19.720490007349255
665,22164,1,finance,210,7,30.0,0.4666666666666667,12.373425774735528,9.218016382201915
666,5697,0,reddit_eli5,77,4,19.25,0.6883116883116883,103.623905486614,33.852660471087276
667,17738,1,open_qa,73,3,24.333333333333332,0.7123287671232876,24.53356081449366,37.05650231837562
668,3224,0,reddit_eli5,144,9,16.0,0.6111111111111112,41.890148428858275,425.40124241506294
669,21654,0,finance,168,7,24.0,0.7023809523809523,47.643145809560565,79.32492789664083
670,21768,0,finance,112,8,14.0,0.7321428571428571,64.5559599641028,141.81020346708777
671,3591,1,reddit_eli5,276,16,17.25,0.43478260869565216,12.436703444125765,26.607560417863464
672,16574,0,reddit_eli5,67,4,16.75,0.8059701492537313,56.37255473397363,122.99789177686068
673,193,0,reddit_eli5,27,2,13.5,1.0,89.47774583356613,120.9962587137244
674,9045,0,reddit_eli5,30,2,15.0,0.6666666666666666,51.78630195616461,648.2539537333912
675,1177,0,reddit_eli5,414,17,24.352941176470587,0.47342995169082125,55.82296398194217,185.20178133859798
676,7077,1,reddit_eli5,102,7,14.571428571428571,0.6078431372549019,18.268444168485182,26.274685710616673
677,16528,0,reddit_eli5,68,4,17.0,0.6911764705882353,85.66809430443845,116.49391245281174
678,9856,0,reddit_eli5,616,37,16.64864864864865,0.44805194805194803,62.75273218870799,686.9739608166432
679,17618,1,open_qa,87,5,17.4,0.7241379310344828,15.8544261738518,16.210320415148583
680,16022,1,reddit_eli5,150,6,25.0,0.62,12.063680503707028,4.668357788381946
681,22104,1,finance,249,8,31.125,0.42168674698795183,13.19125147137048,3.1344180291741885
682,15955,0,reddit_eli5,21,1,21.0,1.0,208.15819026609014,
683,6229,1,reddit_eli5,89,3,29.666666666666668,0.651685393258427,14.297309503931254,3.6752518378185455
684,19361,1,finance,87,4,21.75,0.6666666666666666,16.505781262467153,10.241977807085696
685,11131,1,reddit_eli5,107,4,26.75,0.5514018691588785,18.930104015130702,15.374978171410952
686,4588,1,reddit_eli5,206,9,22.88888888888889,0.5533980582524272,11.994236706902504,24.93059828641306
687,19991,1,finance,131,6,21.833333333333332,0.5801526717557252,21.15264517520035,30.62293786815009
688,17967,1,open_qa,45,4,11.25,0.7333333333333333,36.79845554457428,16.070386865452924
689,17695,1,open_qa,120,6,20.0,0.6,16.925839992208083,58.30557184553541
690,17565,0,open_qa,26,1,26.0,0.9615384615384616,38.2127475200021,
691,22115,0,finance,223,19,11.736842105263158,0.4484304932735426,33.15719721987803,334.7267122466955
692,11340,0,reddit_eli5,90,9,10.0,0.8,70.61709425860747,550.496154977294
693,1295,1,reddit_eli5,114,4,28.5,0.6228070175438597,15.680561997017879,5.4940558065885625
694,14036,1,reddit_eli5,141,8,17.625,0.5390070921985816,14.926897933278696,13.807303254381848
695,22082,1,finance,270,14,19.285714285714285,0.35555555555555557,8.045907630556504,11.368280722781424
696,4899,0,reddit_eli5,81,2,40.5,0.8518518518518519,99.41004626729054,30.62444464027149
697,13320,1,reddit_eli5,122,4,30.5,0.6229508196721312,16.83636155818247,5.512961275131789
698,22105,0,finance,203,10,20.3,0.5665024630541872,27.508796204405794,487.4674354894098
699,11218,0,reddit_eli5,73,4,18.25,0.7397260273972602,76.16128915429506,126.80986000201912
700,17988,1,open_qa,270,10,27.0,0.44814814814814813,12.308788394927166,10.43826415760149
701,3815,1,reddit_eli5,230,8,28.75,0.5,11.129280470647736,25.732249789492826
702,3644,0,reddit_eli5,89,4,22.25,0.6966292134831461,54.783203224851114,86.86816021512789
703,17747,1,open_qa,96,5,19.2,0.7083333333333334,17.17420970892433,23.63528403831041
704,2926,0,reddit_eli5,231,12,19.25,0.5670995670995671,31.418383360441407,343.30800537420464
705,16121,1,reddit_eli5,251,13,19.307692307692307,0.42231075697211157,11.21666477220967,35.634540509984205
706,14704,0,reddit_eli5,528,37,14.27027027027027,0.42992424242424243,31.0530440399092,372.9290958526565
707,7087,0,reddit_eli5,17,2,8.5,0.9411764705882353,170.26284783026117,526.543004538171
708,14436,0,reddit_eli5,17,2,8.5,0.9411764705882353,203.33388399718694,106.15631881798183
709,16897,0,reddit_eli5,83,3,27.666666666666668,0.8072289156626506,71.24256003010252,124.26494018232664
710,14446,0,reddit_eli5,108,9,12.0,0.7870370370370371,105.07145837020327,1278.549458876486
711,10960,1,reddit_eli5,127,5,25.4,0.5984251968503937,10.987974765836203,5.009491617150367
712,809,0,reddit_eli5,46,1,46.0,0.7391304347826086,75.84841295239855,
713,14655,0,reddit_eli5,17,1,17.0,0.9411764705882353,266.106001056573,
714,10203,0,reddit_eli5,128,11,11.636363636363637,0.6953125,75.96662751718954,516.0454853103441
715,14695,0,reddit_eli5,159,6,26.5,0.5974842767295597,44.138010579476145,28.195731786722856
716,17391,1,open_qa,146,8,18.25,0.6232876712328768,19.394909660500577,31.73850938989008
717,4617,0,reddit_eli5,47,3,15.666666666666666,0.6595744680851063,104.4614408313227,111.60681317534916
718,15647,0,reddit_eli5,16,2,8.0,0.9375,156.1195385219436,1509.5383593009205
719,14720,1,reddit_eli5,188,12,15.666666666666666,0.4734042553191489,14.53633646461376,69.4816194306838
720,18002,0,open_qa,14,1,14.0,1.0,211.80239963347972,
721,11621,1,reddit_eli5,155,9,17.22222222222222,0.4967741935483871,13.255914200521623,16.166011435100266
722,14076,0,reddit_eli5,27,2,13.5,0.8518518518518519,206.1616331615721,34.29849130926286
723,84,1,reddit_eli5,185,9,20.555555555555557,0.4756756756756757,23.079358933055932,78.59391459528184
724,3540,1,reddit_eli5,132,10,13.2,0.5833333333333334,14.691151429279984,405.6403728025529
725,6197,0,reddit_eli5,128,8,16.0,0.625,63.41815853738004,1407.7115195759584
726,10890,0,reddit_eli5,52,4,13.0,0.8846153846153846,66.13912910430076,272.04249826552046
727,1881,0,reddit_eli5,29,3,9.666666666666666,0.7931034482758621,68.39820388185906,113.10251067770615
728,14954,0,reddit_eli5,60,4,15.0,0.85,157.24117019883818,125.33461999334659
729,19685,0,finance,223,13,17.153846153846153,0.5560538116591929,35.62652886881022,207.9546168636385
730,7631,0,reddit_eli5,45,3,15.0,0.7555555555555555,137.72600849643175,5073.097847534126
731,9604,0,reddit_eli5,212,12,17.666666666666668,0.5566037735849056,45.67913748892293,263.3080076378094
732,23214,0,medicine,122,12,10.166666666666666,0.6967213114754098,106.9418340832967,
733,1593,0,reddit_eli5,90,5,18.0,0.6777777777777778,49.665576198916945,708.7752296299698
734,603,1,reddit_eli5,214,9,23.77777777777778,0.4532710280373832,11.273564452878853,17.865624469167148
735,16718,0,reddit_eli5,79,5,15.8,0.7088607594936709,73.36698600053927,195.90684403799335
736,16823,1,reddit_eli5,173,8,21.625,0.5491329479768786,10.294946236086178,13.098135967613455
737,16526,1,reddit_eli5,160,6,26.666666666666668,0.48125,13.830009462109967,10.666320304972855
738,14449,0,reddit_eli5,135,9,15.0,0.5407407407407407,47.61623255759752,183.42385099408196
739,10866,0,reddit_eli5,9,2,4.5,1.0,950.3085562432288,10710.290580430565
740,1447,0,reddit_eli5,61,2,30.5,0.7868852459016393,121.80600741916167,153.9540403682831
741,7291,1,reddit_eli5,202,11,18.363636363636363,0.48514851485148514,18.45498828211449,32.427866389472605
742,10342,0,reddit_eli5,485,24,20.208333333333332,0.44536082474226807,59.795645828268626,334.7786060344561
743,22319,0,finance,185,20,9.25,0.572972972972973,36.79029715408454,889.4320471142355
744,22979,0,finance,330,21,15.714285714285714,0.49696969696969695,37.053572430955185,90.627854180669
745,21796,0,finance,277,21,13.19047619047619,0.5631768953068592,52.347845256665316,318.1727736699885
746,13891,0,reddit_eli5,31,3,10.333333333333334,0.9032258064516129,172.60746880514546,697.4391929063632
747,9844,0,reddit_eli5,117,7,16.714285714285715,0.5555555555555556,45.69262223367622,114.70457338148194
748,15576,1,reddit_eli5,153,6,25.5,0.5032679738562091,10.50170082764315,6.277802488929338
749,11594,1,reddit_eli5,155,8,19.375,0.5483870967741935,24.882066654940004,33.93235187717033
750,3720,1,reddit_eli5,230,20,11.5,0.39565217391304347,12.645570857249714,282.0873592217151
751,23333,1,medicine,163,7,23.285714285714285,0.5521472392638037,12.819964655844313,17.081583169399053
752,4592,1,reddit_eli5,269,8,33.625,0.44981412639405205,10.700658693988071,3.1507415739298903
753,12229,0,reddit_eli5,33,3,11.0,0.8484848484848485,110.45091864239332,58.81775903886884
754,18915,1,wiki_csai,208,8,26.0,0.4326923076923077,14.656725815443288,21.695542450360907
755,17093,0,reddit_eli5,20,2,10.0,0.85,241.63427610684033,68.3824823874547
756,22183,1,finance,124,5,24.8,0.6129032258064516,14.821393217922575,17.10907562957336
757,5246,1,reddit_eli5,268,15,17.866666666666667,0.43283582089552236,12.207006705950771,58.92190314421949
758,1472,0,reddit_eli5,57,3,19.0,0.8245614035087719,123.05314660463591,139.11306887828826
759,13382,1,reddit_eli5,94,6,15.666666666666666,0.5638297872340425,15.593063561442767,8.725034870587645
760,15620,1,reddit_eli5,162,7,23.142857142857142,0.6111111111111112,16.320470011564723,14.520686846560835
761,3837,0,reddit_eli5,57,2,28.5,0.7368421052631579,77.41131934566228,109.03996408164065
762,2058,0,reddit_eli5,184,9,20.444444444444443,0.6304347826086957,65.87194758863534,370.1269909652236
763,18252,1,open_qa,199,10,19.9,0.49748743718592964,13.889445912078779,11.113947659110226
764,16040,1,reddit_eli5,107,5,21.4,0.5700934579439252,13.437834488817757,3.854592012892983
765,11108,1,reddit_eli5,172,9,19.11111111111111,0.37790697674418605,14.914788523097423,86.05211111338318
766,16172,1,reddit_eli5,154,6,25.666666666666668,0.5909090909090909,17.689699163091422,26.08388873550675
767,16808,1,reddit_eli5,109,6,18.166666666666668,0.5871559633027523,10.241488906225891,11.968105015519606
768,15794,0,reddit_eli5,31,1,31.0,0.8064516129032258,104.03190866480426,23.151818145756465
769,4659,1,reddit_eli5,155,7,22.142857142857142,0.5548387096774193,16.490405399829758,19.656568189935694
770,1447,0,reddit_eli5,59,4,14.75,0.711864406779661,86.17157035106239,2811.6236000686513
771,17582,1,open_qa,130,4,32.5,0.5153846153846153,12.81038299861346,13.477892254726012
772,18693,1,wiki_csai,189,8,23.625,0.5396825396825397,14.41167105474333,7.972485461898311
773,7442,1,reddit_eli5,225,12,18.75,0.5022222222222222,12.848593354332012,17.12367255147088
774,370,0,reddit_eli5,33,2,16.5,0.8181818181818182,40.656295859332495,1.3594722575325449
775,23195,0,medicine,50,6,8.333333333333334,0.9,47.60602766882267,116.81933260402286
776,16970,1,reddit_eli5,249,8,31.125,0.46184738955823296,11.564359965846982,9.991187091895487
777,15375,1,reddit_eli5,135,4,33.75,0.5555555555555556,12.500268951756231,2.3617822740247463
778,120,0,reddit_eli5,161,10,16.1,0.6149068322981367,76.29359612181291,1094.6618972807446
779,7997,0,reddit_eli5,45,2,22.5,0.8666666666666667,111.43557454413688,7.261270188761273
780,6105,0,reddit_eli5,500,19,26.31578947368421,0.436,34.01184483081798,108.06587091318478
781,11039,0,reddit_eli5,142,8,17.75,0.647887323943662,47.889224645913735,128.658017085984
782,7102,0,reddit_eli5,114,5,22.8,0.7456140350877193,76.492378230024,139.7805773681508
783,21277,0,finance,97,6,16.166666666666668,0.6597938144329897,52.32392522362554,43.519546999096235
784,2655,0,reddit_eli5,138,8,17.25,0.644927536231884,44.41318676866343,1061.3290074867643
785,15178,1,reddit_eli5,173,9,19.22222222222222,0.4797687861271676,16.489108016590272,438.0076659249232
786,13945,0,reddit_eli5,27,2,13.5,0.8148148148148148,136.60457191703307,975.2892924515387
787,1051,0,reddit_eli5,39,3,13.0,0.6666666666666666,103.1080997782655,22.30877651557897
788,17524,1,open_qa,119,4,29.75,0.7058823529411765,16.163893072355716,19.574602385396393
789,20201,0,finance,32,3,10.666666666666666,0.9375,154.24640104719117,87.56261192498253
790,20026,1,finance,168,8,21.0,0.5238095238095238,15.043149698638278,18.55153808511426
791,9051,1,reddit_eli5,157,8,19.625,0.5732484076433121,38.7318394777045,59.185913264704894
792,4711,0,reddit_eli5,129,8,16.125,0.7054263565891473,39.679465677147775,58.923491447373664
793,9226,1,reddit_eli5,196,9,21.77777777777778,0.5561224489795918,19.926460103540755,34.48977066793604
794,14388,0,reddit_eli5,83,6,13.833333333333334,0.5301204819277109,41.67331604750136,4227.4213170741905
795,14122,0,reddit_eli5,85,4,21.25,0.7411764705882353,64.6979625073422,66.94808004462391
796,16099,0,reddit_eli5,176,11,16.0,0.5625,62.70263145139229,659.6362647272516
797,19960,1,finance,250,9,27.77777777777778,0.392,10.96905038022926,8.832636801028121
798,8212,1,reddit_eli5,89,5,17.8,0.550561797752809,16.92599333942214,40.35037136379874
799,9327,0,reddit_eli5,9,1,9.0,0.8888888888888888,374.85755362323533,
800,2316,0,reddit_eli5,211,9,23.444444444444443,0.5545023696682464,49.74864052650013,148.86419497875312
801,22536,1,finance,123,6,20.5,0.5772357723577236,18.606239130449218,23.344957650941907
802,15758,0,reddit_eli5,91,5,18.2,0.7802197802197802,77.94338894742977,5198.192685844047
803,28,0,reddit_eli5,55,4,13.75,0.7636363636363637,102.76421909517694,107.30164861639695
804,19076,1,wiki_csai,209,9,23.22222222222222,0.49282296650717705,14.152173972110608,32.63689224659845
805,1977,0,reddit_eli5,185,8,23.125,0.5297297297297298,34.723268052252166,175.73201612032565
806,6513,0,reddit_eli5,108,6,18.0,0.7314814814814815,39.00754849096871,68.23752773551833
807,19923,1,finance,173,7,24.714285714285715,0.5895953757225434,10.676607200536367,6.869905932506918
808,7906,0,reddit_eli5,93,6,15.5,0.6881720430107527,106.94326192035572,657.9697196846807
809,456,0,reddit_eli5,57,3,19.0,0.8596491228070176,112.36598045475928,125.22855485968213
810,4278,1,reddit_eli5,169,6,28.166666666666668,0.47337278106508873,17.526495093162765,17.7363260884822
811,394,0,reddit_eli5,735,41,17.926829268292682,0.48707482993197276,79.50524711549541,2246.8694114217938
812,16535,1,reddit_eli5,220,7,31.428571428571427,0.4863636363636364,11.019482899959844,5.071579825246206
813,2108,0,reddit_eli5,236,10,23.6,0.5677966101694916,33.52419279419038,170.35287790083228
814,17045,1,reddit_eli5,131,5,26.2,0.5114503816793893,17.245760862853988,31.073090104296973
815,7227,1,reddit_eli5,212,9,23.555555555555557,0.5424528301886793,12.283239526005925,1.318319470956014
816,11255,1,reddit_eli5,73,3,24.333333333333332,0.5616438356164384,11.490942039929507,5.944192637854198
817,20530,1,finance,162,6,27.0,0.4444444444444444,15.021667173568273,19.788974787772418
818,11117,1,reddit_eli5,147,7,21.0,0.48299319727891155,14.316397567292691,16.59086446326932
819,24094,1,medicine,180,7,25.714285714285715,0.5222222222222223,13.98373833881987,11.629950244020455
820,8110,1,reddit_eli5,261,10,26.1,0.5708812260536399,22.643218671298047,7.546612728859078
821,16389,0,reddit_eli5,66,2,33.0,0.8181818181818182,129.6272011416178,262.82675181214574
822,13554,1,reddit_eli5,144,8,18.0,0.4166666666666667,9.058021447855772,149.78112936031394
823,19936,0,finance,359,13,27.615384615384617,0.4568245125348189,29.904260311519355,36.77629642800784
824,18899,0,wiki_csai,253,13,19.46153846153846,0.5770750988142292,40.86843090240869,128.20249629107178
825,4748,0,reddit_eli5,110,7,15.714285714285714,0.7090909090909091,77.15174321834297,57.396766374824004
826,4430,1,reddit_eli5,146,7,20.857142857142858,0.541095890410959,22.043910880074428,11.799298699490917
827,16287,1,reddit_eli5,94,5,18.8,0.723404255319149,20.540253596681232,6.469298915667503
828,12044,0,reddit_eli5,21,3,7.0,0.9047619047619048,89.23798428789198,194.78770325464416
829,8050,0,reddit_eli5,17,2,8.5,0.7647058823529411,50.56580062117312,99.28697715458225
830,18624,1,wiki_csai,165,7,23.571428571428573,0.5515151515151515,12.938185410974146,16.660650909062568
831,7701,0,reddit_eli5,47,4,11.75,0.8297872340425532,156.25389254943036,188.7357493547298
832,5578,0,reddit_eli5,193,11,17.545454545454547,0.538860103626943,42.30581492532505,361.83969569447083
833,4412,0,reddit_eli5,186,8,23.25,0.510752688172043,70.39610907804747,290.6175407901544
834,3021,0,reddit_eli5,49,3,16.333333333333332,0.8979591836734694,157.76584293566356,18.149439590112607
835,18231,0,open_qa,37,1,37.0,0.8648648648648649,47.658107976132726,
836,15387,0,reddit_eli5,35,2,17.5,0.8571428571428571,114.38414897606006,28.43423808522131
837,22941,1,finance,167,7,23.857142857142858,0.5149700598802395,9.120023176374756,8.521263467358853
838,20230,0,finance,54,2,27.0,0.6666666666666666,83.90039148400639,143.65535617941754
839,14897,1,reddit_eli5,176,8,22.0,0.3693181818181818,6.903490142793847,13.983228838349982
840,14378,0,reddit_eli5,20,1,20.0,0.85,123.23617665664973,
841,11326,0,reddit_eli5,34,1,34.0,0.9117647058823529,94.31433977496793,
842,19332,1,finance,228,11,20.727272727272727,0.4473684210526316,13.560501742581973,4.358111853209956
843,23781,0,medicine,55,5,11.0,0.7272727272727273,176.31677213376219,174.8891418908312
844,16284,0,reddit_eli5,13,1,13.0,1.0,707.217281719528,
845,16191,0,reddit_eli5,83,6,13.833333333333334,0.7469879518072289,71.04644353289196,155.0618155137918
846,3791,0,reddit_eli5,98,4,24.5,0.5918367346938775,31.951064676093242,49.10311206454058
847,2017,1,reddit_eli5,169,10,16.9,0.514792899408284,15.81565316737299,48.86570011619145
848,16378,1,reddit_eli5,224,9,24.88888888888889,0.375,8.522404560061297,13.210631173488848
849,7866,0,reddit_eli5,148,6,24.666666666666668,0.5540540540540541,64.21370512371803,114.86845232101345
850,18847,1,wiki_csai,231,12,19.25,0.44155844155844154,14.743430111182493,49.94953130135198
851,7,0,reddit_eli5,63,3,21.0,0.746031746031746,102.67590682114731,93.24238069767786
852,7736,0,reddit_eli5,72,5,14.4,0.7361111111111112,101.49866664836723,618.965662729763
853,11440,0,reddit_eli5,23,2,11.5,1.0,73.91124846755852,150.655692443
854,4429,0,reddit_eli5,55,2,27.5,0.7818181818181819,56.81821214589079,36.41959226179708
855,10713,1,reddit_eli5,123,6,20.5,0.5934959349593496,43.18130134257527,30.674392463497064
856,7452,1,reddit_eli5,237,9,26.333333333333332,0.4978902953586498,12.313296833334103,12.544008355896418
857,16207,0,reddit_eli5,95,3,31.666666666666668,0.6947368421052632,29.55241246076357,26.495863974395842
858,1555,0,reddit_eli5,214,21,10.19047619047619,0.46261682242990654,42.17090176555842,992.1458300146394
859,20393,1,finance,224,8,28.0,0.3705357142857143,7.435883309487225,9.438152448637496
860,9856,0,reddit_eli5,132,5,26.4,0.7424242424242424,80.24248861420489,14569.256993921152
861,6335,0,reddit_eli5,64,4,16.0,0.6875,61.56463654294413,279.33336379660545
862,671,0,reddit_eli5,8,1,8.0,1.0,4307.411992316993,
863,23610,1,medicine,226,10,22.6,0.5132743362831859,13.965470053093629,19.092361637824308
864,4524,1,reddit_eli5,256,10,25.6,0.37890625,8.110561218820857,5.558328578683836
865,37,0,reddit_eli5,88,4,22.0,0.8409090909090909,100.63616713355326,2128.3826517016555
866,8323,0,reddit_eli5,354,14,25.285714285714285,0.4887005649717514,44.58347529322323,312.0351657281774
867,9029,1,reddit_eli5,136,5,27.2,0.6397058823529411,12.404283408566286,7.561104775675268
868,1708,0,reddit_eli5,207,8,25.875,0.3864734299516908,23.275739265098007,50.86132429791039
869,21757,1,finance,249,8,31.125,0.4859437751004016,11.298039458590493,10.530349650901304
870,17924,0,open_qa,23,1,23.0,0.8260869565217391,156.16517911703394,
871,13237,1,reddit_eli5,244,10,24.4,0.5245901639344263,15.111737270161921,12.122269134868834
872,5495,1,reddit_eli5,128,5,25.6,0.65625,17.11646188477429,14.307492905124848
873,13877,1,reddit_eli5,187,9,20.77777777777778,0.5347593582887701,9.086887214598999,13.669162105371997
874,2417,0,reddit_eli5,271,13,20.846153846153847,0.5092250922509225,47.57254512240727,165.3262008803648
875,2210,0,reddit_eli5,71,3,23.666666666666668,0.8028169014084507,101.3159340260875,310.25146504689883
876,20977,0,finance,84,2,42.0,0.7380952380952381,57.80148488105679,5.114266584216786
877,449,0,reddit_eli5,122,11,11.090909090909092,0.8114754098360656,105.91589544408363,2627.357358656768
878,20089,0,finance,166,3,55.333333333333336,0.40963855421686746,34.531280252232605,25.739042885678987
879,20227,1,finance,196,10,19.6,0.6020408163265306,19.2386374433927,19.25375167802315
880,17368,1,open_qa,122,4,30.5,0.4672131147540984,13.272922035639333,11.09894004832971
881,5950,1,reddit_eli5,109,4,27.25,0.6513761467889908,19.602352710067233,19.79712632116593
882,16400,1,reddit_eli5,185,9,20.555555555555557,0.44324324324324327,10.637130904794121,11.85537562912143
883,14122,1,reddit_eli5,248,12,20.666666666666668,0.4637096774193548,11.078126219488023,38.449248080976936
884,21005,0,finance,91,2,45.5,0.8021978021978022,133.71962770436636,89.12309045186579
885,4380,1,reddit_eli5,199,7,28.428571428571427,0.34673366834170855,12.418564091227536,4.410695837410248
886,12181,0,reddit_eli5,19,2,9.5,0.9473684210526315,256.70801241486953,2906.172021069755
887,17141,1,open_qa,206,9,22.88888888888889,0.33980582524271846,9.408538985079133,23.891662341387445
888,6791,0,reddit_eli5,38,2,19.0,0.6842105263157895,31.128096270256275,9.010889288539083
889,13934,0,reddit_eli5,1185,57,20.789473684210527,0.45147679324894513,78.13883100187729,14349.893615237666
890,6103,1,reddit_eli5,210,8,26.25,0.5095238095238095,11.406266018555808,0.8930503644284505
891,4177,1,reddit_eli5,247,9,27.444444444444443,0.41700404858299595,11.724625570621942,4.767064926841892
892,15231,0,reddit_eli5,28,2,14.0,0.8928571428571429,279.680777485839,476.83385648433756
893,6040,0,reddit_eli5,157,9,17.444444444444443,0.6496815286624203,119.14737539179704,170.89879756252444
894,9862,0,reddit_eli5,579,20,28.95,0.46113989637305697,56.680124461752165,62.40134227188991
895,7002,1,reddit_eli5,125,4,31.25,0.584,11.78227595976864,8.436740159562666
896,9763,0,reddit_eli5,91,5,18.2,0.6263736263736264,56.45136972804676,10393.991872178563
897,17643,1,open_qa,235,9,26.11111111111111,0.4425531914893617,12.490914323214952,19.464363826690644
898,16821,0,reddit_eli5,91,6,15.166666666666666,0.7362637362637363,70.71825255296996,1237.3368845947753
899,7642,0,reddit_eli5,59,2,29.5,0.8305084745762712,115.76415396581531,307.9431833496762
900,18487,0,wiki_csai,43,2,21.5,0.7209302325581395,46.43034948245448,53.58413046830292
901,13163,1,reddit_eli5,113,3,37.666666666666664,0.5929203539823009,18.830263493364317,3.8172281779199575
902,9413,1,reddit_eli5,192,9,21.333333333333332,0.5,26.619146616511912,24.49470672970183
903,15732,0,reddit_eli5,82,7,11.714285714285714,0.7195121951219512,67.02615345987675,233.85770124144702
904,13132,0,reddit_eli5,27,2,13.5,0.8148148148148148,266.3458027947091,75.40449744229602
905,11516,1,reddit_eli5,92,5,18.4,0.5760869565217391,29.303326560972298,87.05321701114724
906,17969,1,open_qa,184,10,18.4,0.5217391304347826,16.825924117043794,30.687257166831067
907,12682,0,reddit_eli5,20,1,20.0,0.95,663.3033567059849,263.508653958806
908,4559,1,reddit_eli5,216,9,24.0,0.5833333333333334,12.360870816172802,10.60832090846829
909,7875,1,reddit_eli5,233,13,17.923076923076923,0.4678111587982833,9.595629327038703,11.136130300034432
910,2021,1,reddit_eli5,127,5,25.4,0.6771653543307087,17.36861431659476,11.389146219640566
911,639,1,reddit_eli5,203,8,25.375,0.4827586206896552,11.791929216930727,39.00530013397326
912,14776,1,reddit_eli5,250,11,22.727272727272727,0.492,10.896701832813822,11.106849070890775
913,18231,1,open_qa,114,5,22.8,0.6403508771929824,8.721887046925717,9.470879434090623
914,16211,0,reddit_eli5,4,1,4.0,1.0,960.7703262741817,127.37142182761681
915,16685,0,reddit_eli5,25,4,6.25,0.92,234.83772169159877,1201.827003143464
916,9794,0,reddit_eli5,30,8,3.75,0.8333333333333334,114.24002917764554,6087.914047238059
917,11938,1,reddit_eli5,205,9,22.77777777777778,0.6341463414634146,10.854097990216774,7.676564940275297
918,7124,1,reddit_eli5,125,6,20.833333333333332,0.64,25.16583277345389,23.831086223003624
919,3637,1,reddit_eli5,238,11,21.636363636363637,0.46638655462184875,11.997674497423915,13.97529498091801
920,7943,1,reddit_eli5,74,4,18.5,0.7297297297297297,19.044671617509426,5.714425049249889
921,2296,1,reddit_eli5,178,8,22.25,0.47191011235955055,12.130425616057751,417.85312171190895
922,19938,0,finance,120,7,17.142857142857142,0.5083333333333333,20.082185067274498,287.33076190627486
923,21196,0,finance,87,5,17.4,0.8045977011494253,30.463788481675802,42.45461655552105
924,8089,0,reddit_eli5,85,5,17.0,0.6235294117647059,52.52848984839265,76.97116997729397
925,10787,1,reddit_eli5,169,8,21.125,0.591715976331361,37.89279000395972,16.185031646673536
926,11804,0,reddit_eli5,88,6,14.666666666666666,0.7386363636363636,95.34626352618105,324.1259047553207
927,2288,0,reddit_eli5,166,10,16.6,0.6024096385542169,62.845471667451356,221.6957498816303
928,15348,0,reddit_eli5,12,1,12.0,1.0,283.53566380594856,
929,3471,1,reddit_eli5,88,4,22.0,0.625,27.815514716803552,16.731039570856964
930,6996,1,reddit_eli5,166,8,20.75,0.5783132530120482,10.960948790032543,2.5051019925729086
931,10676,1,reddit_eli5,185,10,18.5,0.41621621621621624,16.82758099475222,16.28839795784328
932,11026,1,reddit_eli5,84,5,16.8,0.6309523809523809,13.09502003563602,27.3003592716177
933,18590,1,wiki_csai,201,8,25.125,0.5422885572139303,11.998801574951624,234.44082861129564
934,13980,0,reddit_eli5,164,7,23.428571428571427,0.6341463414634146,56.01430525357605,178.9324220744547
935,6090,0,reddit_eli5,96,6,16.0,0.8020833333333334,237.92166268308472,987.1146017966186
936,9942,0,reddit_eli5,42,2,21.0,0.8809523809523809,173.30187549729376,134.98499012093896
937,9860,1,reddit_eli5,296,12,24.666666666666668,0.4155405405405405,16.437170894101662,15.818344014239372
938,14838,0,reddit_eli5,39,3,13.0,0.717948717948718,67.01867510593488,210.09033579553656
939,11342,1,reddit_eli5,98,4,24.5,0.6836734693877551,18.64641115229514,28.261661413408984
940,22635,1,finance,276,11,25.09090909090909,0.4311594202898551,11.650409610711286,56.214586750798894
941,12741,1,reddit_eli5,81,5,16.2,0.5925925925925926,18.6571816280646,36.072774048939735
942,19930,0,finance,95,4,23.75,0.7473684210526316,79.07483691069783,150.04873171075573
943,5153,1,reddit_eli5,151,7,21.571428571428573,0.6357615894039735,23.703087327148364,38.5201995886154
944,23729,1,medicine,216,9,24.0,0.5,10.762990189338854,20.445653568894674
945,2984,1,reddit_eli5,147,6,24.5,0.47619047619047616,10.803608404937604,12.386841121204851
946,13558,1,reddit_eli5,105,5,21.0,0.6857142857142857,19.32123993674906,10.421521380067215
947,3423,1,reddit_eli5,186,9,20.666666666666668,0.42473118279569894,11.687467040947666,47.485531759887365
948,4931,0,reddit_eli5,244,12,20.333333333333332,0.5368852459016393,41.82529064438639,1147.1526699582141
949,3237,1,reddit_eli5,181,9,20.11111111111111,0.430939226519337,11.63783631421848,14.013020109465502
950,21597,1,finance,115,4,28.75,0.5652173913043478,16.667311112824773,49.473751202223866
951,11505,0,reddit_eli5,40,5,8.0,0.875,153.4272464262631,1937.2917723702524
952,17706,1,open_qa,70,4,17.5,0.6142857142857143,10.53397171902763,84.99076333841926
953,991,0,reddit_eli5,95,6,15.833333333333334,0.7263157894736842,90.94881007529236,69.77459667116793
954,22686,1,finance,263,13,20.23076923076923,0.5171102661596958,13.625759471206688,33.273030828244096
955,14151,1,reddit_eli5,143,6,23.833333333333332,0.6293706293706294,12.948050968370318,16.38439570379846
956,18081,1,open_qa,8,1,8.0,1.0,59.107319315577755,
957,13691,0,reddit_eli5,85,5,17.0,0.6823529411764706,107.86331362168228,1320.818343890967
958,454,0,reddit_eli5,27,1,27.0,0.8148148148148148,110.78110726340107,
959,3216,1,reddit_eli5,232,12,19.333333333333332,0.43103448275862066,13.699758909921423,357.57374021330685
960,10277,0,reddit_eli5,21,1,21.0,0.9523809523809523,96.68311638813763,
961,17110,0,reddit_eli5,58,3,19.333333333333332,0.6379310344827587,132.70603075928696,95.15580032573173
962,17854,1,open_qa,64,3,21.333333333333332,0.703125,21.92867232606051,16.12937395153145
963,11294,0,reddit_eli5,63,5,12.6,0.7777777777777778,81.8774297293201,111.2387447868127
964,1972,1,reddit_eli5,220,9,24.444444444444443,0.5227272727272727,10.453523377705809,17.380727385359066
965,9557,1,reddit_eli5,274,13,21.076923076923077,0.45985401459854014,28.974302074020283,16.514511879662805
966,13897,0,reddit_eli5,297,12,24.75,0.5151515151515151,34.162136678722305,46.230709712605666
967,5755,0,reddit_eli5,65,5,13.0,0.8153846153846154,154.50404243450146,1223.4366299086357
968,1764,0,reddit_eli5,326,17,19.176470588235293,0.4233128834355828,53.62012874371458,356.18165155783885
969,12668,0,reddit_eli5,96,6,16.0,0.6458333333333334,68.62446744287351,463.29193694606073
970,2803,0,reddit_eli5,122,7,17.428571428571427,0.7131147540983607,79.01724340101667,156.55180570830026
971,6639,1,reddit_eli5,191,8,23.875,0.45549738219895286,22.838637560385813,19.443347078940953
972,9989,0,reddit_eli5,14,1,14.0,0.9285714285714286,392.8276746853743,
973,4281,0,reddit_eli5,36,3,12.0,0.8333333333333334,149.04455397576615,1342.8221674070967
974,2757,1,reddit_eli5,397,22,18.045454545454547,0.28211586901763225,6.946561069610222,271.7707762122969
975,10190,0,reddit_eli5,65,4,16.25,0.8461538461538461,80.95660489245869,51.65148880786256
976,6199,0,reddit_eli5,369,15,24.6,0.47696476964769646,39.446604675710745,207.14990522435758
977,5969,1,reddit_eli5,230,7,32.857142857142854,0.43043478260869567,10.970052057292694,3.4278909419815338
978,11136,1,reddit_eli5,148,5,29.6,0.581081081081081,11.931537497410469,4.961327448153702
979,9004,1,reddit_eli5,218,14,15.571428571428571,0.4724770642201835,44.30218431760162,319.97291364611385
980,1180,0,reddit_eli5,72,4,18.0,0.6388888888888888,53.46966760531623,963.7386293420013
981,19910,0,finance,131,6,21.833333333333332,0.6870229007633588,46.268337612578826,187.38134009959973
982,9331,1,reddit_eli5,160,10,16.0,0.6375,32.61624870535421,450.04038994105275
983,6576,0,reddit_eli5,27,1,27.0,1.0,187.81365374741722,11.24415693996761
984,15724,0,reddit_eli5,46,2,23.0,0.717391304347826,45.84094418164316,107.65831107038728
985,13434,0,reddit_eli5,82,5,16.4,0.8292682926829268,113.37754786046743,3284.5075961961193
986,14162,0,reddit_eli5,61,3,20.333333333333332,0.7704918032786885,71.29360289861357,68.40070072748354
987,15766,1,reddit_eli5,181,8,22.625,0.4861878453038674,12.385603688798096,61.16679751594364
988,9310,1,reddit_eli5,240,10,24.0,0.4875,13.760649849892715,9.198137921035284
989,9615,0,reddit_eli5,58,3,19.333333333333332,0.7241379310344828,62.13717638424381,138.4097817606223
990,2786,0,reddit_eli5,62,2,31.0,0.7903225806451613,221.83040889695388,89.25698296673188
991,22645,1,finance,210,11,19.09090909090909,0.46190476190476193,11.29181881134073,9.342524949114324
992,7264,0,reddit_eli5,25,2,12.5,0.68,60.16135260269419,15.356451668638655
993,7275,1,reddit_eli5,268,13,20.615384615384617,0.503731343283582,11.963087035489906,5.058722922183704
994,23290,1,medicine,182,9,20.22222222222222,0.5164835164835165,14.980558402605858,12.914549111149803
995,10542,0,reddit_eli5,128,10,12.8,0.6796875,103.94840522066582,1160.0650122595273
996,21408,1,finance,221,6,36.833333333333336,0.4298642533936652,10.839825211601319,5.716436687863874
997,955,0,reddit_eli5,260,19,13.68421052631579,0.5307692307692308,54.750141908664254,2613.5463593182544
998,17346,1,open_qa,71,3,23.666666666666668,0.7605633802816901,16.290648636978755,2.7164576421768944
999,17041,0,reddit_eli5,311,11,28.272727272727273,0.5916398713826366,72.4726554046602,284.46999978121755
1000,11136,0,reddit_eli5,25,1,25.0,1.0,208.92228432826613,
1001,13464,0,reddit_eli5,16,1,16.0,0.9375,374.8019677356327,
1002,15634,0,reddit_eli5,20,2,10.0,0.8,91.28992856982983,97.50112337971287
1003,15529,0,reddit_eli5,52,2,26.0,0.7307692307692307,57.84154619216532,23.77685589539953
1004,13744,0,reddit_eli5,50,3,16.666666666666668,0.8,94.55155314832902,64.95022228561825
1005,15066,0,reddit_eli5,109,7,15.571428571428571,0.6972477064220184,80.23671116956643,158.3814152118389
1006,11316,1,reddit_eli5,123,5,24.6,0.5365853658536586,23.739396174171866,18.840482489408718
1007,386,1,reddit_eli5,196,12,16.333333333333332,0.413265306122449,10.055107086251438,356.90177691087075
1008,16877,1,reddit_eli5,160,5,32.0,0.51875,16.167477478074606,13.892750619044921
1009,15692,0,reddit_eli5,118,6,19.666666666666668,0.6016949152542372,47.35622137010731,82.2386063592597
1010,12970,0,reddit_eli5,20,2,10.0,0.95,87.95046329345784,26.96702889961713
1011,16598,1,reddit_eli5,130,6,21.666666666666668,0.5923076923076923,17.112752764501366,31.722678029830103
1012,5021,1,reddit_eli5,190,9,21.11111111111111,0.5631578947368421,16.544183087602935,22.021808326513334
1013,5780,0,reddit_eli5,61,4,15.25,0.8360655737704918,86.07177994617216,591.5311171212178
1014,20248,0,finance,11,1,11.0,0.8181818181818182,204.5737556139422,
1015,10149,0,reddit_eli5,14,2,7.0,1.0,348.682656966768,657.9722770599083
1016,17114,0,open_qa,100,2,50.0,0.63,41.69835157478169,
1017,3729,1,reddit_eli5,254,11,23.09090909090909,0.4015748031496063,10.696248516275315,13.260080083110985
1018,1613,0,reddit_eli5,14,1,14.0,0.9285714285714286,504.3295306647902,
1019,213,0,reddit_eli5,19,2,9.5,0.7368421052631579,127.34561327725645,153.7105381774764
1020,8992,0,reddit_eli5,42,2,21.0,0.8333333333333334,124.13197687993463,721.2282323528055
1021,125,0,reddit_eli5,25,2,12.5,0.88,109.82438387706705,83.99383767018823
1022,202,0,reddit_eli5,61,5,12.2,0.6721311475409836,34.73864495034285,109.12136717665118
1023,8172,0,reddit_eli5,21,3,7.0,0.6666666666666666,119.04765194696117,414.97214060920567
1024,17342,1,open_qa,30,2,15.0,0.8666666666666667,44.07507341301035,
1025,12663,1,reddit_eli5,138,7,19.714285714285715,0.5144927536231884,10.418716471412516,32.499587214870296
1026,12679,1,reddit_eli5,199,9,22.11111111111111,0.5577889447236181,15.95890765586219,9.203092944949129
1027,1831,0,reddit_eli5,9,1,9.0,1.0,632.387279994267,
1028,17214,1,open_qa,184,8,23.0,0.45652173913043476,14.576052466630264,14.00249080099364
1029,5300,1,reddit_eli5,82,3,27.333333333333332,0.6707317073170732,23.06134512217057,33.972978509072014
1030,232,1,reddit_eli5,115,4,28.75,0.5565217391304348,15.806006772491264,11.506984595150016
1031,1421,0,reddit_eli5,70,3,23.333333333333332,0.8,61.34769493712206,86.97431820763121
1032,5926,1,reddit_eli5,206,7,29.428571428571427,0.3640776699029126,9.933856227599806,7.990691812229942
1033,612,0,reddit_eli5,11,1,11.0,0.8181818181818182,73.54172947069019,
1034,15419,0,reddit_eli5,412,22,18.727272727272727,0.5169902912621359,56.89973933646215,162.07693521990316
1035,23886,1,medicine,172,9,19.11111111111111,0.563953488372093,14.187416822744279,25.534524972461547
1036,1388,0,reddit_eli5,41,3,13.666666666666666,0.8048780487804879,57.98580893284696,83.6453316146314
1037,9229,0,reddit_eli5,27,1,27.0,1.0,458.33317607637673,402.2942933727087
1038,23371,1,medicine,218,9,24.22222222222222,0.5,12.133995015753586,14.952812632332721
1039,11325,0,reddit_eli5,106,5,21.2,0.7358490566037735,82.58120561841918,34.73184387280453
1040,21840,1,finance,148,7,21.142857142857142,0.5135135135135135,18.33544600070989,28.850028056645506
1041,15327,1,reddit_eli5,210,12,17.5,0.4857142857142857,11.029021314056804,360.2688659677351
1042,13233,0,reddit_eli5,105,12,8.75,0.7238095238095238,77.89107635423129,913.3651933404946
1043,4943,1,reddit_eli5,188,7,26.857142857142858,0.46808510638297873,14.76942613321516,6.8228048273901525
1044,9171,1,reddit_eli5,181,9,20.11111111111111,0.5303867403314917,27.859843363229682,34.300994192460365
1045,18208,1,open_qa,149,7,21.285714285714285,0.5503355704697986,13.263156783571636,9.282632945872997
1046,4898,0,reddit_eli5,39,2,19.5,0.7692307692307693,26.736599430499233,17.870036645208284
1047,14687,0,reddit_eli5,115,10,11.5,0.5652173913043478,35.20831922561402,298.9258558717427
1048,9683,0,reddit_eli5,12,2,6.0,0.8333333333333334,255.41376210473143,1303.2159207033294
1049,2125,0,reddit_eli5,489,22,22.227272727272727,0.35991820040899797,26.91033116547417,270.4422452644302
1050,2094,0,reddit_eli5,39,2,19.5,0.9487179487179487,59.27559478118156,23.341904958351087
1051,21474,1,finance,221,8,27.625,0.5339366515837104,15.761552754114684,9.400204219541683
1052,16895,0,reddit_eli5,124,9,13.777777777777779,0.6209677419354839,61.417766272490184,160.4048316329157
1053,18194,1,open_qa,72,4,18.0,0.7222222222222222,33.324061610877536,14.966352411375121
1054,15347,1,reddit_eli5,173,8,21.625,0.4624277456647399,18.003567366873387,30.76947230146879
1055,9690,1,reddit_eli5,142,6,23.666666666666668,0.6056338028169014,16.570177629311253,19.010150750622795
1056,17850,1,open_qa,103,6,17.166666666666668,0.5145631067961165,9.01839118118581,7.414542729380786
1057,22169,1,finance,243,13,18.692307692307693,0.46502057613168724,11.042126751287052,12.451902220197164
1058,6988,1,reddit_eli5,111,4,27.75,0.5675675675675675,12.385925565406056,3.0344856531309694
1059,2838,0,reddit_eli5,93,4,23.25,0.5806451612903226,41.05652789464596,836.0356246306488
1060,17189,1,open_qa,90,5,18.0,0.5555555555555556,14.013532500429799,23.79845887319332
1061,17612,1,open_qa,89,5,17.8,0.5955056179775281,15.539380000382263,14.518637168662648
1062,10685,1,reddit_eli5,159,6,26.5,0.5471698113207547,21.963802590063843,10.228627884980904
1063,17970,1,open_qa,131,8,16.375,0.6030534351145038,14.03369374113942,10.026635692586472
1064,22203,1,finance,231,10,23.1,0.47186147186147187,13.419722642649582,12.658360897023266
1065,3731,1,reddit_eli5,133,5,26.6,0.5488721804511278,10.067537698339844,6.267177130762685
1066,15204,1,reddit_eli5,166,8,20.75,0.5,14.058183602505046,21.710458332485207
1067,15698,0,reddit_eli5,13,1,13.0,1.0,729.2434573996915,
1068,21025,0,finance,66,13,5.076923076923077,0.6818181818181818,51.89619393416294,33.91978798241491
1069,11378,0,reddit_eli5,112,6,18.666666666666668,0.6071428571428571,55.553094971034554,169.41507224173913
1070,9151,0,reddit_eli5,80,3,26.666666666666668,0.6875,47.761881596460164,25.201812167046576
1071,19672,1,finance,187,8,23.375,0.5614973262032086,11.056410199823848,5.0546083723556565
1072,1785,0,reddit_eli5,161,9,17.88888888888889,0.5217391304347826,46.29685109658705,32.72501750750774
1073,18152,1,open_qa,143,5,28.6,0.5874125874125874,7.9683892318601055,12.58912111139759
1074,7025,0,reddit_eli5,133,9,14.777777777777779,0.6015037593984962,80.58605492654208,112.90286484068507
1075,595,0,reddit_eli5,235,15,15.666666666666666,0.502127659574468,53.49402213992828,8438.65172031516
1076,5692,0,reddit_eli5,109,6,18.166666666666668,0.6513761467889908,42.01537735871731,91.2907066560277
1077,16376,0,reddit_eli5,59,2,29.5,0.711864406779661,55.14130869773888,28.054509948540215
1078,13627,0,reddit_eli5,33,1,33.0,0.8484848484848485,114.47805533847945,
1079,1073,0,reddit_eli5,69,3,23.0,0.8695652173913043,60.73755089025603,130.39037213888162
1080,9476,0,reddit_eli5,26,5,5.2,0.5,68.44512005486678,4787.010987568982
1081,19662,1,finance,314,12,26.166666666666668,0.43312101910828027,13.038373836817183,3.3114278847337766
1082,12298,0,reddit_eli5,51,4,12.75,0.7843137254901961,67.29362030723618,177.14980633385863
1083,5977,0,reddit_eli5,189,4,47.25,0.5396825396825397,55.434732457520255,31.27506863051021
1084,7034,1,reddit_eli5,136,7,19.428571428571427,0.5808823529411765,14.374877202612497,15.260473886319183
1085,1958,0,reddit_eli5,23,2,11.5,0.8260869565217391,167.08164576159461,152.68506762592156
1086,11412,0,reddit_eli5,33,2,16.5,0.8787878787878788,62.21369672301252,287.4830089328245
1087,13252,1,reddit_eli5,156,5,31.2,0.6282051282051282,19.993678816028748,9.421664877286904
1088,12596,0,reddit_eli5,95,8,11.875,0.7684210526315789,113.87954617810296,36770.067937910426
1089,11501,0,reddit_eli5,17,1,17.0,1.0,246.93407989675188,
1090,4945,1,reddit_eli5,204,10,20.4,0.5392156862745098,13.556748661317727,17.598250477778137
1091,17442,1,open_qa,210,9,23.333333333333332,0.4714285714285714,11.755269241473469,8.149528331652476
1092,5248,0,reddit_eli5,143,4,35.75,0.6853146853146853,78.80712730896258,149.5551273198506
1093,6884,1,reddit_eli5,138,5,27.6,0.5797101449275363,16.92127653083814,7.427772284464257
1094,4619,1,reddit_eli5,209,8,26.125,0.5023923444976076,10.05305278916743,9.532623925058624
1095,11987,1,reddit_eli5,169,8,21.125,0.38461538461538464,9.357172038343421,14.81255556532438
1096,16201,0,reddit_eli5,74,4,18.5,0.6621621621621622,88.08875777905261,344.9829552005363
1097,3762,0,reddit_eli5,100,3,33.333333333333336,0.62,99.61156826188922,350.7826354995263
1098,14981,0,reddit_eli5,329,21,15.666666666666666,0.5045592705167173,49.9517823671888,1669.3839869240658
1099,16491,1,reddit_eli5,220,9,24.444444444444443,0.4818181818181818,11.087088899063042,28.294163392974475
1100,6461,0,reddit_eli5,149,13,11.461538461538462,0.5771812080536913,57.14668567444391,989.8156940513185
1101,4979,1,reddit_eli5,194,8,24.25,0.5103092783505154,17.091003886333848,8.55406604779094
1102,4711,0,reddit_eli5,134,6,22.333333333333332,0.6716417910447762,70.04860630242962,256.23123107437704
1103,7961,1,reddit_eli5,136,8,17.0,0.5808823529411765,16.977985331387725,5.575577760897398
1104,18111,1,open_qa,138,6,23.0,0.5942028985507246,19.017338654702453,7.1895404482610745
1105,19629,1,finance,307,13,23.615384615384617,0.3517915309446254,7.385976428978148,8.91035948887209
1106,4611,0,reddit_eli5,532,37,14.378378378378379,0.3684210526315789,33.79950177811954,12223.544265522638
1107,17385,1,open_qa,107,4,26.75,0.5233644859813084,11.324676113736507,8.883326831023156
1108,3766,0,reddit_eli5,108,8,13.5,0.6851851851851852,85.54498006586613,489.23458843623496
1109,9297,0,reddit_eli5,52,1,52.0,0.7115384615384616,110.2028721999851,
1110,15602,0,reddit_eli5,36,1,36.0,0.7777777777777778,80.53200707861832,
1111,9728,1,reddit_eli5,154,9,17.11111111111111,0.4025974025974026,24.64134130711236,73.04669260946777
1112,13623,0,reddit_eli5,15,1,15.0,0.9333333333333333,117.42653145829662,
1113,23634,1,medicine,184,7,26.285714285714285,0.5869565217391305,21.156740636708623,30.54842158734231
1114,18934,1,wiki_csai,63,3,21.0,0.6825396825396826,24.601869766620016,30.631282948571506
1115,2737,0,reddit_eli5,166,9,18.444444444444443,0.536144578313253,30.545251562488065,127.11515831284059
1116,12136,1,reddit_eli5,139,6,23.166666666666668,0.5827338129496403,20.410288931110564,20.27025434452964
1117,7460,0,reddit_eli5,223,8,27.875,0.6636771300448431,64.95387771787522,196.9906037118842
1118,16803,0,reddit_eli5,86,4,21.5,0.7209302325581395,51.8050725182743,63.11186931676852
1119,7450,0,reddit_eli5,22,2,11.0,1.0,118.74099842426952,163.53369661021713
1120,2553,0,reddit_eli5,145,15,9.666666666666666,0.6896551724137931,71.68798293677845,1795.4914031786352
1121,3235,0,reddit_eli5,894,33,27.09090909090909,0.38926174496644295,46.67874390709839,177.03768819819723
1122,662,0,reddit_eli5,69,4,17.25,0.7971014492753623,86.04129097580726,1966.3181111564318
1123,4557,0,reddit_eli5,251,14,17.928571428571427,0.46215139442231074,29.399569012576897,232.08267286406488
1124,4070,1,reddit_eli5,196,10,19.6,0.5612244897959183,14.236042848874416,49.56994119260434
1125,17437,1,open_qa,92,4,23.0,0.5869565217391305,19.939533946745815,20.26330573197311
1126,3411,0,reddit_eli5,43,4,10.75,0.7674418604651163,109.12691454649273,44.536794495620256
1127,16176,0,reddit_eli5,34,2,17.0,1.0,238.3635059685484,76.17880179100155
1128,5675,0,reddit_eli5,55,3,18.333333333333332,0.7454545454545455,77.25349454953218,70.20325615370703
1129,14074,0,reddit_eli5,16,1,16.0,0.875,540.0095777178286,255.83630902789713
1130,4931,0,reddit_eli5,32,2,16.0,0.84375,86.24437113379612,77.22819497697431
1131,687,0,reddit_eli5,196,5,39.2,0.46938775510204084,54.02739454349586,147.53564566546996
1132,21920,1,finance,208,13,16.0,0.4326923076923077,11.389059352939936,16.634035913964716
1133,20588,1,finance,208,6,34.666666666666664,0.38461538461538464,10.967755920039199,13.124076429296634
1134,7069,0,reddit_eli5,37,2,18.5,0.8378378378378378,129.42196561242963,404.34127239855815
1135,1109,1,reddit_eli5,210,14,15.0,0.49523809523809526,12.906987375195245,53.29798107992217
1136,23306,0,medicine,70,5,14.0,0.8571428571428571,80.52025733591407,333.2730558807392
1137,4584,0,reddit_eli5,128,8,16.0,0.578125,62.7283199054741,489.60202627409814
1138,12899,0,reddit_eli5,35,2,17.5,0.7714285714285715,169.878776945006,2517.1139691098483
1139,12516,0,reddit_eli5,71,3,23.666666666666668,0.7464788732394366,72.67215436835124,50.687259016293154
1140,17947,1,open_qa,41,2,20.5,0.7317073170731707,11.459063890763103,4.436212193700261
1141,24078,0,medicine,71,6,11.833333333333334,0.7746478873239436,87.32068060687158,294.7240654081582
1142,4854,1,reddit_eli5,172,10,17.2,0.48255813953488375,17.794061270980382,23.881906915395824
1143,7172,0,reddit_eli5,109,4,27.25,0.6605504587155964,55.42664444547532,189.8824253574315
1144,17011,1,reddit_eli5,261,11,23.727272727272727,0.45977011494252873,13.85200034242422,15.831345173880443
1145,11026,0,reddit_eli5,25,2,12.5,0.84,135.5168198242233,238.16154974348564
1146,14227,1,reddit_eli5,89,4,22.25,0.6853932584269663,21.494235571348252,2.3772995073423715
1147,16250,0,reddit_eli5,78,3,26.0,0.8205128205128205,110.46561374137617,149.8117976735238
1148,8397,0,reddit_eli5,12,1,12.0,1.0,112.89197294023248,
1149,4640,0,reddit_eli5,64,8,8.0,0.5,39.25291957350823,15.40437301365057
1150,20169,1,finance,350,16,21.875,0.44571428571428573,12.029757425249217,6.465510414746555
1151,1145,1,reddit_eli5,256,12,21.333333333333332,0.453125,18.297038843508947,27.35981193963192
1152,7714,0,reddit_eli5,120,4,30.0,0.55,23.208124268330522,890.5198874372455
1153,17106,1,reddit_eli5,216,11,19.636363636363637,0.35648148148148145,11.469961767790725,46.58440068293176
1154,17719,1,open_qa,102,5,20.4,0.5784313725490197,14.448962132002132,15.38377409780712
1155,15540,1,reddit_eli5,123,6,20.5,0.4715447154471545,9.271504263697883,9.724142341772502
1156,5131,0,reddit_eli5,204,8,25.5,0.6225490196078431,120.50489199540044,388.405689619437
1157,6193,0,reddit_eli5,159,6,26.5,0.6226415094339622,76.40441609756789,86.49379278512673
1158,12509,0,reddit_eli5,44,1,44.0,0.8181818181818182,69.6659689653262,
1159,3239,0,reddit_eli5,112,6,18.666666666666668,0.6517857142857143,70.13664186092069,70.39141120573927
1160,20970,1,finance,386,13,29.692307692307693,0.27979274611398963,6.4159124091383495,6.181856324005878
1161,5510,0,reddit_eli5,61,1,61.0,0.7213114754098361,79.22391525270451,
1162,15920,1,reddit_eli5,231,14,16.5,0.47186147186147187,12.274541877302045,44.87179386796071
1163,4523,0,reddit_eli5,66,4,16.5,0.6060606060606061,47.52549835991048,45.402810575247564
1164,23158,1,medicine,148,8,18.5,0.6554054054054054,13.384392236629568,29.60135201532669
1165,8133,0,reddit_eli5,120,6,20.0,0.6666666666666666,54.61484065129774,812.968261024141
1166,11724,0,reddit_eli5,96,9,10.666666666666666,0.6979166666666666,76.87166451256657,14540.849052993588
1167,6380,1,reddit_eli5,171,8,21.375,0.543859649122807,15.634198043009686,13.086046594378235
1168,22858,1,finance,330,14,23.571428571428573,0.47878787878787876,10.828266118661844,11.575979215482306
1169,7354,0,reddit_eli5,225,11,20.454545454545453,0.49777777777777776,59.02898998417539,156.5586993088439
1170,7527,0,reddit_eli5,107,6,17.833333333333332,0.6542056074766355,79.98909372445765,613.5917909514097
1171,21804,1,finance,265,9,29.444444444444443,0.3849056603773585,7.9770627913357375,3.3417643269786286
1172,17928,1,open_qa,125,10,12.5,0.584,12.890322440745267,80.5032039845236
1173,5988,0,reddit_eli5,18,2,9.0,0.7222222222222222,108.89570473265671,57.33416156362361
1174,16773,0,reddit_eli5,29,1,29.0,0.896551724137931,130.00157403971994,
1175,3586,1,reddit_eli5,214,10,21.4,0.5046728971962616,12.65794720459228,26.586241640845543
1176,11907,1,reddit_eli5,163,9,18.11111111111111,0.50920245398773,10.889450697033338,29.76867270526848
1177,4459,0,reddit_eli5,34,2,17.0,0.7647058823529411,58.656180186564264,267.1408238687293
1178,16284,1,reddit_eli5,98,4,24.5,0.6530612244897959,11.77011035603197,5.35977675968825
1179,1803,1,reddit_eli5,236,13,18.153846153846153,0.5338983050847458,15.539661573577668,32.899757703635565
1180,18944,1,wiki_csai,230,9,25.555555555555557,0.47391304347826085,14.614246233187233,15.603563905656902
1181,11753,1,reddit_eli5,183,10,18.3,0.5300546448087432,25.631598646767866,20.605333271460914
1182,10501,0,reddit_eli5,100,5,20.0,0.81,138.62378056508354,204.7302136492289
1183,912,1,reddit_eli5,115,5,23.0,0.6173913043478261,14.481743045716435,4.272303663472795
1184,443,0,reddit_eli5,22,2,11.0,0.9090909090909091,109.32420415942457,125.60279327826792
1185,21143,1,finance,330,10,33.0,0.45454545454545453,13.474388548885859,1.862643935306666
1186,19409,1,finance,301,12,25.083333333333332,0.33222591362126247,6.859412165944137,3.641595451471315
1187,8399,0,reddit_eli5,77,5,15.4,0.7532467532467533,185.40387689201503,272.3782505007661
1188,7878,1,reddit_eli5,184,11,16.727272727272727,0.44565217391304346,8.975845739793343,11.816013616724451
1189,1607,1,reddit_eli5,240,7,34.285714285714285,0.42916666666666664,9.354502003735016,19.618485006744766
1190,11387,1,reddit_eli5,116,4,29.0,0.6982758620689655,15.291389849914088,22.30798378086116
1191,5555,1,reddit_eli5,159,11,14.454545454545455,0.4276729559748428,8.632009127734529,14.359777733335202
1192,1988,0,reddit_eli5,84,4,21.0,0.6904761904761905,63.97092408619118,39.56853186405758
1193,12210,1,reddit_eli5,260,16,16.25,0.5269230769230769,8.375710682961394,31.091272210029384
1194,15988,1,reddit_eli5,176,7,25.142857142857142,0.5965909090909091,12.410548788171084,8.613960243309403
1195,17001,1,reddit_eli5,191,8,23.875,0.518324607329843,12.592784233487585,7.5343637923211135
1196,1188,0,reddit_eli5,120,10,12.0,0.6833333333333333,106.71332020907892,11049.863817018902
1197,2791,0,reddit_eli5,217,13,16.692307692307693,0.543778801843318,44.588992360018224,962.6235928935727
1198,1024,1,reddit_eli5,261,10,26.1,0.44061302681992337,16.42529300134615,60.50394782546863
1199,4506,0,reddit_eli5,137,6,22.833333333333332,0.6423357664233577,96.58727155334172,227.66759940223707
1200,13463,0,reddit_eli5,85,1,85.0,0.7647058823529411,58.62810558332523,16.624639843200647
1201,637,0,reddit_eli5,43,2,21.5,0.813953488372093,101.87449624755264,46.378167458149846
1202,22402,1,finance,177,6,29.5,0.4180790960451977,12.242597104411855,14.539886660108232
1203,12507,0,reddit_eli5,75,5,15.0,0.7466666666666667,37.63245131270596,29.408795807671744
1204,5854,0,reddit_eli5,55,5,11.0,0.7454545454545455,65.46041433229665,169.12265744376825
1205,12599,1,reddit_eli5,103,4,25.75,0.5631067961165048,11.707555511648751,5.6606163924818045
1206,4474,0,reddit_eli5,73,7,10.428571428571429,0.6438356164383562,43.37902975944959,329.7746781993788
1207,21270,1,finance,258,13,19.846153846153847,0.43023255813953487,11.305147575387707,8.644696622179326
1208,23879,1,medicine,222,14,15.857142857142858,0.5630630630630631,11.834285978583516,13.821869249531446
1209,19627,1,finance,112,6,18.666666666666668,0.5,13.295970171885005,44.36774430742061
1210,871,1,reddit_eli5,204,9,22.666666666666668,0.4117647058823529,10.088054635535377,9.805232350909277
1211,22696,1,finance,363,17,21.352941176470587,0.4214876033057851,10.829611246970735,35.17865779646214
1212,13435,1,reddit_eli5,155,17,9.117647058823529,0.47096774193548385,11.061219407235553,69.76522522768569
1213,11210,0,reddit_eli5,157,10,15.7,0.6624203821656051,73.62846726657027,367.9502971605324
1214,9996,0,reddit_eli5,27,2,13.5,0.7777777777777778,131.9816964836983,445.39382470843
1215,14291,0,reddit_eli5,17,2,8.5,0.8823529411764706,198.7128028296048,959.3873941316054
1216,5819,0,reddit_eli5,22,2,11.0,0.8181818181818182,66.99186855003722,341.44440346411466
1217,9543,0,reddit_eli5,106,6,17.666666666666668,0.6698113207547169,48.33947202687362,478.3838918042269
1218,19961,0,finance,198,8,24.75,0.5757575757575758,71.8354310409822,578.2347242852657
1219,13113,0,reddit_eli5,58,4,14.5,0.7241379310344828,50.25963321153522,147.6976978149111
1220,11538,0,reddit_eli5,90,4,22.5,0.8333333333333334,115.28567269087962,4031.463079977947
1221,17648,1,open_qa,84,4,21.0,0.7023809523809523,21.756932692912248,210.5120177888542
1222,18257,1,open_qa,114,6,19.0,0.5175438596491229,9.980169277769575,16.90593244497803
1223,3149,0,reddit_eli5,8,1,8.0,0.875,931.2798030822333,
1224,9174,1,reddit_eli5,206,12,17.166666666666668,0.4174757281553398,24.04438173251186,403.321951296334
1225,11788,1,reddit_eli5,86,3,28.666666666666668,0.5697674418604651,15.761165700624918,21.384510379626064
1226,22077,1,finance,317,13,24.384615384615383,0.38485804416403785,8.883778646472066,13.70846215725957
1227,10373,0,reddit_eli5,122,9,13.555555555555555,0.6065573770491803,38.56103010339945,548.9264421010384
1228,14856,0,reddit_eli5,11,1,11.0,1.0,491.46351029356714,
1229,9660,0,reddit_eli5,20,1,20.0,0.95,263.247675681554,
1230,16735,1,reddit_eli5,169,10,16.9,0.48520710059171596,9.751140779181826,10.145555213839497
1231,4553,0,reddit_eli5,16,1,16.0,0.875,308.26635055704725,
1232,10387,0,reddit_eli5,149,5,29.8,0.5637583892617449,72.27839119488361,46.78463083214697
1233,5221,0,reddit_eli5,208,7,29.714285714285715,0.5721153846153846,58.864333669108646,78.50388694385096
1234,17379,1,open_qa,74,3,24.666666666666668,0.6081081081081081,14.639993531954548,16.630222835713834
1235,15822,0,reddit_eli5,379,17,22.294117647058822,0.40897097625329815,34.1316232734865,146.418298165661
1236,11789,1,reddit_eli5,65,4,16.25,0.6615384615384615,25.397884182835693,83.14597169329076
1237,24211,1,medicine,200,9,22.22222222222222,0.59,14.166700351878063,20.993464207778715
1238,21523,1,finance,287,11,26.09090909090909,0.42160278745644597,10.44907056088528,8.926387519213298
1239,18234,1,open_qa,104,5,20.8,0.6538461538461539,19.34906504439302,11.546603240158925
1240,5941,0,reddit_eli5,129,6,21.5,0.5891472868217055,51.99299159584017,71.72243003798665
1241,1570,0,reddit_eli5,26,2,13.0,0.8846153846153846,118.15969172607055,124.59223372365847
1242,14225,1,reddit_eli5,185,6,30.833333333333332,0.5405405405405406,14.676398702028532,14.784932562279671
1243,15960,0,reddit_eli5,221,11,20.09090909090909,0.5701357466063348,47.38610573104009,1202.9686563042999
1244,16055,0,reddit_eli5,416,34,12.235294117647058,0.4951923076923077,41.98665771569591,2008.673806232221
1245,12642,0,reddit_eli5,109,8,13.625,0.6238532110091743,61.57455977413221,86.09363027573835
1246,5670,0,reddit_eli5,45,2,22.5,0.8666666666666667,138.6875165474323,66.11847756275765
1247,16831,1,reddit_eli5,200,10,20.0,0.37,10.378266001188434,40.19137107516835
1248,10423,0,reddit_eli5,45,3,15.0,0.7333333333333333,85.42444600130578,164.0230691817033
1249,22120,1,finance,282,14,20.142857142857142,0.48936170212765956,12.014299606537502,7.094894570580416
1250,11326,1,reddit_eli5,205,9,22.77777777777778,0.47317073170731705,31.024538377150442,75.94153514641911
1251,23297,1,medicine,140,6,23.333333333333332,0.5642857142857143,20.123648507090152,20.515500010237613
1252,1294,1,reddit_eli5,219,8,27.375,0.4292237442922374,8.486121173556285,15.37779060886594
1253,143,1,reddit_eli5,160,7,22.857142857142858,0.55625,11.502624380032845,6.692553782358837
1254,17910,1,open_qa,162,9,18.0,0.49382716049382713,11.516682480540783,53.490094237364985
1255,18354,1,wiki_csai,166,6,27.666666666666668,0.6325301204819277,14.82539390108896,7.884824223172252
1256,23525,1,medicine,133,5,26.6,0.5939849624060151,17.707573741958488,26.418576946305773
1257,20259,1,finance,296,12,24.666666666666668,0.4391891891891892,10.597722243157133,21.34318817016704
1258,2779,0,reddit_eli5,1241,67,18.52238805970149,0.3424657534246575,32.89345609323695,330.3191246924483
1259,16825,0,reddit_eli5,37,4,9.25,0.972972972972973,116.08337704680967,1048.3896717689108
1260,15622,1,reddit_eli5,160,8,20.0,0.53125,14.014050378407376,15.420337624906841
1261,9946,0,reddit_eli5,21,1,21.0,0.8571428571428571,213.08090400282367,154.5733135236384
1262,19096,1,wiki_csai,231,11,21.0,0.5021645021645021,10.567903803300261,15.748988779541865
1263,395,0,reddit_eli5,110,5,22.0,0.7727272727272727,97.3465787987673,899.243555513191
1264,23869,1,medicine,240,8,30.0,0.43333333333333335,10.530014347119243,16.06745606666233
1265,3124,0,reddit_eli5,260,19,13.68421052631579,0.48846153846153845,32.13599249728918,423.14935170497546
1266,13636,0,reddit_eli5,287,16,17.9375,0.5400696864111498,34.28870592711585,138.36382512351025
1267,5122,1,reddit_eli5,136,8,17.0,0.6102941176470589,17.271877640485513,45.24940304439463
1268,6975,0,reddit_eli5,243,12,20.25,0.5596707818930041,65.44502765965565,9534.269303359328
1269,21157,1,finance,253,11,23.0,0.3715415019762846,11.586026687256018,36.466426432167445
1270,21994,0,finance,229,6,38.166666666666664,0.5414847161572053,25.441089319473946,11.800542398586384
1271,462,1,reddit_eli5,241,9,26.77777777777778,0.47717842323651455,7.762181977400828,7.629168780518018
1272,10532,0,reddit_eli5,425,25,17.0,0.4752941176470588,48.98998392953186,1182.1187628905022
1273,9199,1,reddit_eli5,245,10,24.5,0.49387755102040815,22.21528325799934,14.590241134258234
1274,20902,0,finance,312,15,20.8,0.4358974358974359,28.383176278635215,89.80206121167855
1275,8333,0,reddit_eli5,74,4,18.5,0.7027027027027027,72.63259166238939,73.5401892253352
1276,4076,1,reddit_eli5,187,6,31.166666666666668,0.5133689839572193,12.05893569786805,15.223695621051958
1277,13550,0,reddit_eli5,10,1,10.0,0.9,196.30690931594768,
1278,7928,0,reddit_eli5,162,9,18.0,0.5493827160493827,42.656108613771444,396.46241630898146
1279,7716,1,reddit_eli5,198,8,24.75,0.5454545454545454,12.059441721564138,6.412091521318469
1280,4948,0,reddit_eli5,31,3,10.333333333333334,0.8387096774193549,130.37056277901485,103176.01083441795
1281,5650,1,reddit_eli5,153,6,25.5,0.5947712418300654,17.101634302908852,15.831163368248845
1282,20114,1,finance,156,7,22.285714285714285,0.48717948717948717,12.52825242698796,7.382051870284188
1283,14538,1,reddit_eli5,196,8,24.5,0.5510204081632653,10.485321232181372,6.295151950970761
1284,12431,0,reddit_eli5,205,18,11.38888888888889,0.47804878048780486,31.036079572410163,18541.374211110746
1285,3444,0,reddit_eli5,74,4,18.5,0.7702702702702703,78.09308973153094,126.26550582259806
1286,17104,1,reddit_eli5,108,4,27.0,0.5555555555555556,16.293359889894525,16.561182248410233
1287,16561,0,reddit_eli5,67,3,22.333333333333332,0.7014925373134329,37.940286195252945,69.01966532149194
1288,11756,0,reddit_eli5,129,8,16.125,0.5891472868217055,44.97763907258863,192.99059446376694
1289,530,0,reddit_eli5,153,6,25.5,0.6862745098039216,91.87094206092256,229.61098981425832
1290,22586,1,finance,204,7,29.142857142857142,0.44607843137254904,10.773097655514395,22.298973996040182
1291,8371,1,reddit_eli5,276,14,19.714285714285715,0.4782608695652174,19.669955292931565,46.497218528520314
1292,16082,0,reddit_eli5,15,1,15.0,0.9333333333333333,272.31625996731225,
1293,4948,1,reddit_eli5,151,6,25.166666666666668,0.48344370860927155,17.27346723712817,16.641145976417747
1294,16887,1,reddit_eli5,159,9,17.666666666666668,0.5220125786163522,9.389043627792589,909.2579589421156
1295,22903,1,finance,203,7,29.0,0.4729064039408867,11.925607771422415,7.500518425333394
1296,8472,1,reddit_eli5,335,12,27.916666666666668,0.46865671641791046,22.258173586684354,136.50370269147425
1297,13120,1,reddit_eli5,246,11,22.363636363636363,0.491869918699187,9.912353002618204,10.709468157389118
1298,9880,1,reddit_eli5,124,6,20.666666666666668,0.6370967741935484,10.898115223505343,6.3235563797909835
1299,5803,0,reddit_eli5,41,2,20.5,0.7317073170731707,94.81259832537161,110.37301848885234
1300,16264,0,reddit_eli5,412,14,29.428571428571427,0.4733009708737864,44.36119381799109,237.79299988058418
1301,14403,1,reddit_eli5,154,8,19.25,0.564935064935065,14.303937638593135,21.710727384780064
1302,15898,0,reddit_eli5,589,35,16.82857142857143,0.41765704584040747,34.70420750344744,174.88455613144555
1303,4431,1,reddit_eli5,207,5,41.4,0.47342995169082125,10.66507467517266,7.971126931945833
1304,1879,1,reddit_eli5,356,19,18.736842105263158,0.47752808988764045,10.559411178268704,121.28200309624663
1305,20318,1,finance,145,4,36.25,0.46206896551724136,12.683719022759856,9.354523821492355
1306,15911,0,reddit_eli5,60,4,15.0,0.6666666666666666,54.87408090858212,37.49680251151097
1307,14709,0,reddit_eli5,431,25,17.24,0.4385150812064965,43.87938191740946,204.71031150143747
1308,23511,1,medicine,254,12,21.166666666666668,0.5433070866141733,10.949552917162038,10.218543310006439
1309,11555,1,reddit_eli5,89,5,17.8,0.6629213483146067,16.155636547498595,20.92628919933724
1310,9064,1,reddit_eli5,153,7,21.857142857142858,0.5686274509803921,37.55081153741447,38.997809847632666
1311,16279,1,reddit_eli5,160,8,20.0,0.50625,9.731766127768545,9.721465472689976
1312,6322,0,reddit_eli5,93,7,13.285714285714286,0.7634408602150538,97.22360118949923,159.822335948769
1313,4467,0,reddit_eli5,96,9,10.666666666666666,0.7604166666666666,77.54235910015439,2174.362645730765
1314,21190,0,finance,77,3,25.666666666666668,0.7402597402597403,35.78934804925219,14.708096647678056
1315,17369,1,open_qa,113,3,37.666666666666664,0.6194690265486725,21.777276245336683,6.525766276008746
1316,4646,1,reddit_eli5,171,8,21.375,0.5146198830409356,11.364950756355906,14.658360512089464
1317,9486,0,reddit_eli5,81,4,20.25,0.8641975308641975,269.17563742834875,569.1572152382953
1318,9142,0,reddit_eli5,90,5,18.0,0.6555555555555556,91.20434435644664,141.96593137234856
1319,1820,0,reddit_eli5,136,8,17.0,0.5661764705882353,38.80631246512987,273.3927248898404
1320,18433,0,wiki_csai,146,6,24.333333333333332,0.6095890410958904,55.932926543395425,62.955096189491634
1321,19564,0,finance,122,9,13.555555555555555,0.6311475409836066,99.04174988063055,150.43839768750198
1322,10790,1,reddit_eli5,221,8,27.625,0.4434389140271493,20.36664212771384,15.387348722835364
1323,7120,1,reddit_eli5,230,9,25.555555555555557,0.4217391304347826,11.320942611060897,25.802531478501646
1324,81,1,reddit_eli5,200,10,20.0,0.455,10.57255345947932,14.930290862276177
1325,17952,1,open_qa,62,3,20.666666666666668,0.7258064516129032,15.67287744789984,3.622090731845647
1326,4957,1,reddit_eli5,146,7,20.857142857142858,0.589041095890411,13.951412786006411,25.07393728245552
1327,793,1,reddit_eli5,187,8,23.375,0.5133689839572193,11.526310500553006,25.406136582085107
1328,20634,0,finance,74,7,10.571428571428571,0.7702702702702703,52.834343112575596,13.69989506283331
1329,1619,1,reddit_eli5,125,5,25.0,0.68,18.21284341796059,26.94492101726565
1330,15998,1,reddit_eli5,247,16,15.4375,0.46558704453441296,13.900238976770265,300.94783277692545
1331,3052,0,reddit_eli5,232,22,10.545454545454545,0.6594827586206896,78.20726939403787,1427.5921811097592
1332,17837,1,open_qa,72,4,18.0,0.6111111111111112,8.772531118502739,7.829761715937514
1333,33,0,reddit_eli5,132,6,22.0,0.6893939393939394,103.90023778278275,142.86945851669245
1334,14724,1,reddit_eli5,134,5,26.8,0.40298507462686567,18.516157198330177,32.061912126917186
1335,20862,1,finance,81,3,27.0,0.6296296296296297,22.006128692969344,12.359975091543294
1336,3700,0,reddit_eli5,55,5,11.0,0.7454545454545455,92.2668045217778,507.3272721325289
1337,16396,0,reddit_eli5,10,1,10.0,0.8,302.3432950495842,
1338,11623,1,reddit_eli5,211,14,15.071428571428571,0.47393364928909953,19.95918696921288,79.75112906031676
1339,9979,1,reddit_eli5,206,8,25.75,0.46601941747572817,21.531333963277103,18.944783012343404
1340,6324,1,reddit_eli5,246,8,30.75,0.3902439024390244,9.089630395722729,8.886775249699689
1341,18546,1,wiki_csai,148,6,24.666666666666668,0.5,14.427330582467949,6.295542390514156
1342,809,0,reddit_eli5,54,3,18.0,0.6851851851851852,115.00598263611701,130.79533610598216
1343,17394,1,open_qa,45,3,15.0,0.7333333333333333,10.584160055690424,6.32865692727159
1344,2159,0,reddit_eli5,40,3,13.333333333333334,0.85,89.85956837099451,314.9712305439364
1345,13422,0,reddit_eli5,206,12,17.166666666666668,0.6310679611650486,103.96322664939962,323.30638039696817
1346,15433,0,reddit_eli5,104,3,34.666666666666664,0.6442307692307693,55.824374778335084,35.68196725168321
1347,5860,0,reddit_eli5,88,5,17.6,0.7272727272727273,124.3452465391314,148.7113377464328
1348,3622,0,reddit_eli5,50,3,16.666666666666668,0.78,44.208109414858505,162.78157368230052
1349,3055,0,reddit_eli5,19,1,19.0,1.0,418.3485615280978,
1350,21796,1,finance,249,11,22.636363636363637,0.43373493975903615,12.819283070503618,12.292504860540076
1351,9928,0,reddit_eli5,163,15,10.866666666666667,0.6073619631901841,65.49482115311466,656.6292729306113
1352,16505,0,reddit_eli5,71,6,11.833333333333334,0.6338028169014085,59.469581966483766,1521.642284568956
1353,7052,0,reddit_eli5,160,11,14.545454545454545,0.5625,41.57434509386894,1437.1520055901099
1354,21025,1,finance,255,11,23.181818181818183,0.48627450980392156,14.78189329263463,13.553788590622327
1355,5884,1,reddit_eli5,104,4,26.0,0.6346153846153846,15.474794097199169,14.268265568042642
1356,17985,1,open_qa,176,8,22.0,0.48295454545454547,15.068916113715458,32.26128382972192
1357,22383,1,finance,135,6,22.5,0.5851851851851851,9.930219006833369,11.369095100133215
1358,4320,0,reddit_eli5,564,27,20.88888888888889,0.4698581560283688,44.09334065132345,334.71847596263086
1359,4839,0,reddit_eli5,20,1,20.0,0.85,148.38768448189387,
1360,20926,1,finance,245,11,22.272727272727273,0.5387755102040817,14.913600878847628,16.956463202764393
1361,3547,0,reddit_eli5,36,3,12.0,0.8333333333333334,100.4723288474541,1373.8067254062864
1362,20778,1,finance,232,12,19.333333333333332,0.44396551724137934,10.893270446683575,40.34683769352767
1363,17291,1,open_qa,51,3,17.0,0.7647058823529411,14.924118730346942,14.093398852252326
1364,4826,0,reddit_eli5,21,1,21.0,0.8095238095238095,115.24351649854417,
1365,23958,0,medicine,70,6,11.666666666666666,0.8142857142857143,207.63278938450236,1419.6625625966828
1366,7143,1,reddit_eli5,167,11,15.181818181818182,0.5508982035928144,15.61417565245011,59.590171104292146
1367,10431,0,reddit_eli5,134,10,13.4,0.6940298507462687,70.98914577763219,1727.4937240491204
1368,23106,1,medicine,103,5,20.6,0.6893203883495146,19.81077226271784,28.302200823199918
1369,2942,1,reddit_eli5,94,4,23.5,0.5531914893617021,18.440302488073858,19.456317280863246
1370,23278,0,medicine,106,12,8.833333333333334,0.7264150943396226,127.5164204169994,517.7406658948527
1371,21512,1,finance,217,9,24.11111111111111,0.41013824884792627,10.75584854619136,6.104160133299747
1372,22391,0,finance,222,10,22.2,0.5945945945945946,59.09593384754057,65.15553780040403
1373,876,0,reddit_eli5,75,5,15.0,0.7866666666666666,206.38510434915128,2031.963040140906
1374,6883,0,reddit_eli5,33,3,11.0,0.6666666666666666,131.91179557455587,331.9517036991647
1375,11610,0,reddit_eli5,321,18,17.833333333333332,0.5389408099688473,73.08743719146793,166.49627181346236
1376,1039,0,reddit_eli5,48,3,16.0,0.7291666666666666,95.01404248895561,1220.3030946336548
1377,16092,0,reddit_eli5,43,2,21.5,0.8372093023255814,41.51819137712071,42.04815835583317
1378,5896,1,reddit_eli5,201,8,25.125,0.5174129353233831,13.865871489608251,13.733617836794627
1379,3103,1,reddit_eli5,231,11,21.0,0.4069264069264069,9.114701839917894,21.77189424343072
1380,19739,0,finance,128,5,25.6,0.625,33.47623841126215,29.779822867465025
1381,3454,0,reddit_eli5,16,1,16.0,0.9375,124.588820940725,
1382,5797,1,reddit_eli5,131,5,26.2,0.5954198473282443,16.622214008268614,23.271943420625895
1383,9864,0,reddit_eli5,9,1,9.0,1.0,200.6367439312704,
1384,12959,1,reddit_eli5,192,8,24.0,0.609375,9.14237273220104,8.849653926614707
1385,2007,0,reddit_eli5,81,4,20.25,0.7407407407407407,75.21822552657389,146.99176503814408
1386,2389,0,reddit_eli5,844,43,19.627906976744185,0.33649289099526064,31.199364917826568,282.3812733769249
1387,5868,0,reddit_eli5,144,12,12.0,0.5972222222222222,42.07043814097387,1268.9396370587838
1388,13379,1,reddit_eli5,171,6,28.5,0.52046783625731,13.848526469994624,12.776443969635531
1389,18966,0,wiki_csai,323,13,24.846153846153847,0.5263157894736842,21.83163784841433,22.173355375255333
1390,6402,0,reddit_eli5,12,3,4.0,0.9166666666666666,102.753978229659,
1391,7398,1,reddit_eli5,149,10,14.9,0.5369127516778524,10.670932240896699,10.155622481835975
1392,5813,0,reddit_eli5,76,4,19.0,0.6052631578947368,57.01840221364557,116.04930310367816
1393,20472,0,finance,72,4,18.0,0.7361111111111112,26.759761648986437,19.521233979992086
1394,10980,1,reddit_eli5,179,8,22.375,0.49162011173184356,17.941555016904278,14.738627428818157
1395,11185,1,reddit_eli5,114,5,22.8,0.5526315789473685,13.503596489510535,12.109845919699737
1396,98,0,reddit_eli5,36,1,36.0,0.9166666666666666,232.30185482598188,32.148393986430676
1397,1855,0,reddit_eli5,248,12,20.666666666666668,0.592741935483871,59.83740312019307,375.7763763756533
1398,7327,1,reddit_eli5,251,11,22.818181818181817,0.4860557768924303,9.249427810476647,5.7979428857676725
1399,1344,1,reddit_eli5,170,9,18.88888888888889,0.5411764705882353,10.905416329701241,20.677931766906156
1400,21981,0,finance,274,11,24.90909090909091,0.6204379562043796,44.46271760977002,45.00308970908411
1401,10959,0,reddit_eli5,26,1,26.0,0.8846153846153846,212.76585715386108,
1402,1025,0,reddit_eli5,76,3,25.333333333333332,0.618421052631579,52.22425772625616,146.43039025396857
1403,4094,1,reddit_eli5,126,6,21.0,0.6428571428571429,17.834826785155943,30.75690815826981
1404,20216,1,finance,221,13,17.0,0.5113122171945701,13.547724185521046,5.5178443421954535
1405,20215,1,finance,240,23,10.434782608695652,0.6,14.38047497157575,26.70020860914783
1406,13449,0,reddit_eli5,29,2,14.5,0.9310344827586207,79.40912491913488,24.457700208771797
1407,5200,1,reddit_eli5,184,8,23.0,0.5163043478260869,8.941967164015496,6.337295031202538
1408,9342,1,reddit_eli5,228,10,22.8,0.44298245614035087,21.04583886122901,15.369218048874375
1409,6071,0,reddit_eli5,87,4,21.75,0.6551724137931034,42.49926088335204,127.14476933738646
1410,5300,0,reddit_eli5,33,3,11.0,0.9393939393939394,199.17602396557186,250.29475814421593
1411,2418,0,reddit_eli5,202,12,16.833333333333332,0.6336633663366337,55.6700643597433,1359.9933086752828
1412,7119,0,reddit_eli5,39,3,13.0,0.9487179487179487,148.1480834661175,42.8217558530076
1413,9746,1,reddit_eli5,193,7,27.571428571428573,0.45077720207253885,14.692633122172861,7.946517036092742
1414,4266,0,reddit_eli5,35,3,11.666666666666666,0.8857142857142857,95.0428616184431,1620.531334579796
1415,9952,0,reddit_eli5,60,5,12.0,0.75,99.94056247256029,8526.881924496165
1416,15854,1,reddit_eli5,123,6,20.5,0.5691056910569106,16.919106191506554,468.85869690139725
1417,18041,1,open_qa,86,5,17.2,0.5697674418604651,13.716436865284598,17.024310511642426
1418,4549,0,reddit_eli5,123,6,20.5,0.6504065040650406,74.19278075579997,442.7705773970612
1419,985,1,reddit_eli5,139,9,15.444444444444445,0.48201438848920863,11.873943758442598,39.493132417976845
1420,7224,1,reddit_eli5,173,5,34.6,0.5260115606936416,11.959867309965368,5.9510361459421715
1421,2975,0,reddit_eli5,38,2,19.0,0.7894736842105263,95.47305771421023,57.50286026049405
1422,16561,1,reddit_eli5,169,6,28.166666666666668,0.47928994082840237,11.339138511218906,6.395518388074525
1423,11436,0,reddit_eli5,67,2,33.5,0.7761194029850746,74.85880453924791,104.21017631424839
1424,21344,1,finance,243,11,22.09090909090909,0.38271604938271603,8.006533473871343,64.0671511393744
1425,14366,1,reddit_eli5,115,4,28.75,0.6,13.473126078015767,12.506347702929407
1426,10847,1,reddit_eli5,195,7,27.857142857142858,0.4717948717948718,26.463340879281777,45.9520090685879
1427,9873,1,reddit_eli5,289,11,26.272727272727273,0.3944636678200692,14.635477590891085,4.76876432873182
1428,13298,0,reddit_eli5,128,8,16.0,0.625,64.66193928122804,99.49224448013126
1429,9889,0,reddit_eli5,49,1,49.0,0.8163265306122449,113.15200695824858,
1430,6074,0,reddit_eli5,166,7,23.714285714285715,0.6325301204819277,89.00790494496736,404.6127878588462
1431,9215,1,reddit_eli5,121,4,30.25,0.5289256198347108,13.887601527956722,4.299729426990209
1432,22262,1,finance,213,7,30.428571428571427,0.5023474178403756,19.75410825486966,3.9325661801620817
1433,3983,1,reddit_eli5,219,12,18.25,0.4611872146118721,12.270117838762065,45.66970880418256
1434,6333,0,reddit_eli5,80,4,20.0,0.7125,60.3078064456615,109.11531171915843
1435,13039,0,reddit_eli5,45,3,15.0,0.6888888888888889,34.36079574678049,149.90199259031803
1436,15867,0,reddit_eli5,433,24,18.041666666666668,0.5127020785219399,46.229083090501476,2534.6858942504223
1437,1494,0,reddit_eli5,25,2,12.5,0.96,420.33994869906655,4007.961433254593
1438,9981,0,reddit_eli5,22,2,11.0,0.8636363636363636,241.3539928191718,285.15438518210794
1439,21075,1,finance,230,9,25.555555555555557,0.5130434782608696,8.015246642216306,4.654100401393907
1440,1447,1,reddit_eli5,172,8,21.5,0.4186046511627907,11.212964205176016,27.979702100537207
1441,19487,1,finance,229,9,25.444444444444443,0.5283842794759825,19.699414469934343,10.962538770377503
1442,2389,1,reddit_eli5,166,7,23.714285714285715,0.5421686746987951,12.869830666016629,15.492964698697342
1443,2504,0,reddit_eli5,375,25,15.0,0.512,43.78376206613757,181.79502925682567
1444,7902,1,reddit_eli5,104,5,20.8,0.6057692307692307,16.99153894978732,72.59721917519761
1445,24318,1,medicine,175,12,14.583333333333334,0.52,14.298410570708906,33.42134441934141
1446,348,1,reddit_eli5,233,11,21.181818181818183,0.39914163090128757,10.640910349624022,10.426008608112683
1447,19804,1,finance,265,10,26.5,0.49433962264150944,11.291328845320997,7.922372097598849
1448,13390,1,reddit_eli5,188,13,14.461538461538462,0.5638297872340425,12.326341264850166,57.05117895873644
1449,8387,0,reddit_eli5,54,4,13.5,0.6481481481481481,43.695621637967655,171.6630006387477
1450,470,1,reddit_eli5,186,7,26.571428571428573,0.521505376344086,12.402068505028785,10.81483113096065
1451,18093,0,open_qa,22,1,22.0,1.0,40.79935712784361,
1452,5322,0,reddit_eli5,80,5,16.0,0.7875,127.0700467252375,40960.63924296135
1453,5465,1,reddit_eli5,282,27,10.444444444444445,0.42907801418439717,14.726939425222955,15.194392588813175
1454,6488,1,reddit_eli5,203,12,16.916666666666668,0.43349753694581283,13.920097831602167,39.11399464061309
1455,23268,1,medicine,223,14,15.928571428571429,0.4260089686098655,10.431397630077814,27.732987619661174
1456,20944,0,finance,108,7,15.428571428571429,0.6759259259259259,49.589791217098885,343.1780648478362
1457,5730,0,reddit_eli5,93,3,31.0,0.6881720430107527,128.84807473224348,12.415868654289255
1458,3937,0,reddit_eli5,79,6,13.166666666666666,0.7848101265822784,86.96826396649037,112.07089245082899
1459,17693,1,open_qa,88,5,17.6,0.6704545454545454,23.096290978606543,79.68131064113898
1460,7904,1,reddit_eli5,129,8,16.125,0.5038759689922481,16.34405544985633,27.902369111278805
1461,13296,1,reddit_eli5,160,6,26.666666666666668,0.58125,14.798614869654827,6.437740019490015
1462,17972,1,open_qa,82,4,20.5,0.6707317073170732,22.39264287719282,19.54113317400145
1463,12356,0,reddit_eli5,91,3,30.333333333333332,0.6923076923076923,81.56230343322427,37.727223228014346
1464,16591,0,reddit_eli5,70,3,23.333333333333332,0.7714285714285715,66.13770992778036,44.919271104487684
1465,17137,1,open_qa,126,6,21.0,0.5793650793650794,16.08682466515919,9.265703123248898
1466,6479,1,reddit_eli5,157,13,12.076923076923077,0.4267515923566879,9.065600495782691,370.1542338516346
1467,3878,0,reddit_eli5,900,37,24.324324324324323,0.3655555555555556,41.84835209356983,157.7178736710108
1468,20440,0,finance,60,3,20.0,0.5,21.750651831475757,11.213747104197628
1469,6160,0,reddit_eli5,23,2,11.5,0.6956521739130435,127.29570865328377,64.20735724115667
1470,5442,1,reddit_eli5,230,11,20.90909090909091,0.4652173913043478,14.71511502287841,12.426402676945564
1471,11573,1,reddit_eli5,240,11,21.818181818181817,0.4708333333333333,20.399376980229363,13.588088006358333
1472,19634,1,finance,167,8,20.875,0.5269461077844312,14.005843429517004,7.383559754696416
1473,17214,1,open_qa,120,4,30.0,0.6416666666666667,25.74912608716719,15.605514371032031
1474,23247,0,medicine,111,8,13.875,0.7567567567567568,101.23470716217498,37.87898425383102
1475,22258,0,finance,109,9,12.11111111111111,0.6055045871559633,31.540674639387912,53.89477418806612
1476,8176,0,reddit_eli5,40,1,40.0,0.75,92.6457281748738,
1477,22205,1,finance,199,12,16.583333333333332,0.5628140703517588,16.622974930256515,19.412993880255176
1478,17442,1,open_qa,82,3,27.333333333333332,0.6829268292682927,12.881975009356971,11.330182680900789
1479,6811,0,reddit_eli5,25,1,25.0,0.88,151.7152003160223,
1480,15303,0,reddit_eli5,216,8,27.0,0.5092592592592593,42.562596333285015,86.43242913420902
1481,20884,0,finance,186,10,18.6,0.6129032258064516,53.16265876305192,154.98070521844738
1482,13182,1,reddit_eli5,252,15,16.8,0.5198412698412699,8.471804614492077,12.076955207502767
1483,2211,0,reddit_eli5,427,19,22.473684210526315,0.5409836065573771,54.796239986589065,527.348163924557
1484,6644,0,reddit_eli5,21,2,10.5,0.7619047619047619,132.54426133030856,55.82551876454434
1485,10415,0,reddit_eli5,15,2,7.5,0.8,147.26627404767186,334.3073877365608
1486,9454,0,reddit_eli5,170,10,17.0,0.5647058823529412,44.660978698303595,217.6798168211477
1487,5111,0,reddit_eli5,56,2,28.0,0.7321428571428571,111.42383196925583,47.85959778367567
1488,23440,0,medicine,28,1,28.0,0.9642857142857143,361.49244635162995,
1489,23236,0,medicine,86,7,12.285714285714286,0.7906976744186046,126.9974180168921,91.70053909983005
1490,9295,0,reddit_eli5,1255,56,22.410714285714285,0.3856573705179283,48.208230612911386,154.66149866249515
1491,5117,1,reddit_eli5,191,8,23.875,0.5026178010471204,12.21284049540196,12.866922334921568
1492,16431,1,reddit_eli5,224,9,24.88888888888889,0.5580357142857143,11.682090315166526,12.249087916436977
1493,18256,0,open_qa,11,1,11.0,0.8181818181818182,72.51655691824212,
1494,15491,0,reddit_eli5,260,14,18.571428571428573,0.49615384615384617,30.768047018118676,71.63728095535349
1495,21133,0,finance,171,5,34.2,0.6023391812865497,51.26567853724887,233.48056449154018
1496,4264,1,reddit_eli5,178,7,25.428571428571427,0.4101123595505618,11.677476104912019,10.621504304761533
1497,15084,1,reddit_eli5,178,9,19.77777777777778,0.3651685393258427,13.887859793211575,391.92782265372074
1498,16126,0,reddit_eli5,79,4,19.75,0.8354430379746836,151.62848531654535,200.25275907454673
1499,10997,1,reddit_eli5,76,4,19.0,0.6973684210526315,15.815932205005632,16.36003152195581
1500,9842,1,reddit_eli5,128,7,18.285714285714285,0.578125,30.977124004391147,19.730908401275844
1501,23059,0,finance,162,8,20.25,0.5493827160493827,31.065662375904473,31.69513039880943
1502,23861,1,medicine,263,11,23.90909090909091,0.5095057034220533,11.07071212459323,20.977595129002474
1503,20112,1,finance,280,14,20.0,0.325,12.603152624658655,28.003173792680645
1504,23570,0,medicine,129,12,10.75,0.7131782945736435,80.77094409955633,120.98815335332152
1505,16718,1,reddit_eli5,185,11,16.818181818181817,0.4810810810810811,10.960368654154042,49.12807067217274
1506,19448,1,finance,174,8,21.75,0.5114942528735632,8.520387122595887,9.154845396363282
1507,14651,0,reddit_eli5,34,2,17.0,0.8529411764705882,141.04029900821382,591.7823152845832
1508,17576,1,open_qa,101,8,12.625,0.6039603960396039,15.46350472374321,12.661984943757167
1509,16213,0,reddit_eli5,128,7,18.285714285714285,0.640625,84.92063783584393,131.61519475375073
1510,15181,1,reddit_eli5,206,9,22.88888888888889,0.5631067961165048,13.861660436308107,12.082147103704866
1511,404,1,reddit_eli5,124,4,31.0,0.5887096774193549,13.37355331150641,2.24540363076611
1512,3445,0,reddit_eli5,218,11,19.818181818181817,0.5642201834862385,41.87179562816558,641.9774519699699
1513,4747,0,reddit_eli5,342,18,19.0,0.45321637426900585,44.96032394611226,616.3356600405151
1514,583,1,reddit_eli5,170,8,21.25,0.5764705882352941,14.521995410151051,13.28020015298324
1515,7250,1,reddit_eli5,226,10,22.6,0.504424778761062,11.886432062503056,4.0253209243904555
1516,7215,0,reddit_eli5,200,9,22.22222222222222,0.485,54.20711412100288,70.4799784358061
1517,21342,0,finance,48,3,16.0,0.7708333333333334,56.96402398604883,8.84987404165621
1518,17227,1,open_qa,88,4,22.0,0.6477272727272727,16.75236796704201,34.7716401045239
1519,22333,0,finance,51,4,12.75,0.803921568627451,39.96015770076025,5.30238315135065
1520,16715,0,reddit_eli5,215,12,17.916666666666668,0.6465116279069767,133.09361102456654,839.836809042207
1521,18218,1,open_qa,115,5,23.0,0.5304347826086957,13.599480653454275,17.411610042885535
1522,5052,1,reddit_eli5,190,7,27.142857142857142,0.5473684210526316,18.254159241155584,38.979587903350904
1523,6362,1,reddit_eli5,200,10,20.0,0.435,13.626042105314406,14.11568928265063
1524,10294,0,reddit_eli5,276,17,16.235294117647058,0.463768115942029,57.19793801050049,2145.2773817434
1525,12896,0,reddit_eli5,93,4,23.25,0.7096774193548387,78.86163449191918,70.31130534362609
1526,13091,0,reddit_eli5,16,1,16.0,0.9375,71.45744491922983,
1527,21722,0,finance,113,6,18.833333333333332,0.6548672566371682,50.200269407752614,91.89342936222968
1528,23632,0,medicine,101,6,16.833333333333332,0.7722772277227723,64.12182062560515,687.6632050029689
1529,14009,0,reddit_eli5,114,7,16.285714285714285,0.6491228070175439,109.03573395954363,185.6383003328259
1530,2774,0,reddit_eli5,8,2,4.0,1.0,446.6412139901473,1021.4997618271808
1531,6755,0,reddit_eli5,49,4,12.25,0.8979591836734694,108.99560329889941,254.51360647826016
1532,277,0,reddit_eli5,24,1,24.0,0.8333333333333334,116.81633920332578,
1533,4334,0,reddit_eli5,57,4,14.25,0.7192982456140351,44.04485135309148,67.6386465290976
1534,15855,1,reddit_eli5,272,14,19.428571428571427,0.49264705882352944,13.575708951348664,32.73853996471387
1535,9743,0,reddit_eli5,46,3,15.333333333333334,0.7391304347826086,92.12906720977354,171.24565431186144
1536,19165,1,finance,40,3,13.333333333333334,0.825,29.159139645701327,6.3287135432092025
1537,22801,0,finance,25,2,12.5,0.84,278.6024943758009,168.87747876395724
1538,750,0,reddit_eli5,102,6,17.0,0.6274509803921569,48.123814142415505,48.21305004345479
1539,7778,0,reddit_eli5,44,3,14.666666666666666,0.8181818181818182,100.84820509997606,942.4816455458873
1540,10311,0,reddit_eli5,136,5,27.2,0.6617647058823529,87.73303209178222,82.84573536603607
1541,6915,1,reddit_eli5,104,5,20.8,0.6634615384615384,16.68733517146574,12.192413843783358
1542,12350,1,reddit_eli5,187,12,15.583333333333334,0.42780748663101603,8.88978748985135,84.73404227728626
1543,12223,1,reddit_eli5,91,4,22.75,0.6263736263736264,13.443048130398465,15.170421122468666
1544,417,0,reddit_eli5,63,3,21.0,0.6984126984126984,68.64999589292567,100.39750549365807
1545,20250,1,finance,181,6,30.166666666666668,0.46408839779005523,9.20934873803575,12.633625739623982
1546,2664,1,reddit_eli5,156,10,15.6,0.4935897435897436,9.64907364675728,7.662143295975685
1547,20012,0,finance,7,1,7.0,1.0,151.2091356989102,
1548,18867,1,wiki_csai,239,8,29.875,0.40585774058577406,15.33745389311721,14.020935866152744
1549,5470,0,reddit_eli5,78,4,19.5,0.7948717948717948,76.17076835917857,65.20595864823831
1550,5645,0,reddit_eli5,60,4,15.0,0.8166666666666667,47.29936218343925,31.671063719752514
1551,15018,0,reddit_eli5,8,1,8.0,1.0,209.34171453397695,
1552,7274,0,reddit_eli5,322,15,21.466666666666665,0.48757763975155277,42.55399194187569,816.6532041299179
1553,3556,1,reddit_eli5,175,7,25.0,0.56,10.333780864373578,7.863216208001665
1554,20886,0,finance,369,18,20.5,0.5176151761517616,40.838732872487746,116.63620209712242
1555,16805,0,reddit_eli5,8,1,8.0,1.0,270.6247784732666,
1556,13127,1,reddit_eli5,102,5,20.4,0.5686274509803921,10.966542665762276,13.566056150546855
1557,462,0,reddit_eli5,152,6,25.333333333333332,0.6907894736842105,77.14887374390295,38.258372007827
1558,17991,1,open_qa,292,11,26.545454545454547,0.5034246575342466,12.448442044069068,6.640991247749314
1559,632,0,reddit_eli5,12,1,12.0,0.8333333333333334,548.3189312943954,
1560,17037,0,reddit_eli5,137,10,13.7,0.6058394160583942,134.07544861817587,48678.637413875644
1561,15137,1,reddit_eli5,120,6,20.0,0.6416666666666667,14.159923121111584,3646.1993948231575
1562,10243,1,reddit_eli5,176,8,22.0,0.5227272727272727,18.981222717637205,10.196829948356136
1563,2398,1,reddit_eli5,182,8,22.75,0.5769230769230769,10.18820470781788,13.255713754890047
1564,20292,0,finance,67,5,13.4,0.7761194029850746,55.02080632544065,2528.9053965594526
1565,10213,0,reddit_eli5,31,3,10.333333333333334,0.9354838709677419,265.7660283896557,496.4195888701121
1566,2423,1,reddit_eli5,235,11,21.363636363636363,0.5361702127659574,11.20923278910376,10.600142715879853
1567,11637,0,reddit_eli5,95,4,23.75,0.5789473684210527,41.25006352339019,67.61421197508061
1568,17977,1,open_qa,167,6,27.833333333333332,0.688622754491018,11.345212111306159,5.071219022308328
1569,147,0,reddit_eli5,55,3,18.333333333333332,0.7454545454545455,120.33710725496199,728.7506812907409
1570,9409,1,reddit_eli5,204,5,40.8,0.4950980392156863,48.37560496301559,16.554606556760735
1571,7816,1,reddit_eli5,160,8,20.0,0.6375,13.863124574309106,15.705728789816435
1572,4018,0,reddit_eli5,153,13,11.76923076923077,0.6993464052287581,129.8129527344838,10348.099430147404
1573,5534,0,reddit_eli5,29,1,29.0,0.9310344827586207,115.03614811081451,2.167957819308782
1574,8281,0,reddit_eli5,62,4,15.5,0.7741935483870968,77.87009431265908,283.8942455696393
1575,13175,0,reddit_eli5,86,4,21.5,0.7209302325581395,74.15228414537486,498.5214463718947
1576,16094,1,reddit_eli5,195,7,27.857142857142858,0.5025641025641026,13.457250893634845,7.834849956691606
1577,5608,1,reddit_eli5,91,4,22.75,0.5604395604395604,23.370113962397213,10.470491727385252
1578,11523,1,reddit_eli5,85,5,17.0,0.6705882352941176,11.686756502679364,30.754718592740335
1579,3042,1,reddit_eli5,206,7,29.428571428571427,0.5485436893203883,13.461226761093625,13.760216448266629
1580,21604,0,finance,312,14,22.285714285714285,0.5448717948717948,49.25097990993574,103.3329689625061
1581,13933,1,reddit_eli5,155,7,22.142857142857142,0.6129032258064516,10.011255237586319,9.343912971711735
1582,22139,1,finance,251,11,22.818181818181817,0.40239043824701193,10.01245351765652,11.437300302794108
1583,17746,0,open_qa,28,1,28.0,0.8214285714285714,94.81974180131562,
1584,7523,0,reddit_eli5,213,7,30.428571428571427,0.5352112676056338,66.8940310520313,106.15639194851768
1585,20459,1,finance,241,11,21.90909090909091,0.4605809128630705,8.851294223560856,7.97195241010175
1586,22172,1,finance,76,3,25.333333333333332,0.6842105263157895,18.330170346080997,15.656261631675664
1587,842,0,reddit_eli5,174,9,19.333333333333332,0.6551724137931034,38.600702779080216,482.488846363454
1588,11079,1,reddit_eli5,205,12,17.083333333333332,0.5073170731707317,25.07448094718568,346.50762801469955
1589,17670,1,open_qa,122,7,17.428571428571427,0.6229508196721312,10.267073842108127,8.005154895807948
1590,7205,1,reddit_eli5,149,7,21.285714285714285,0.5570469798657718,9.691868188541077,4.174294438581356
1591,16937,0,reddit_eli5,268,14,19.142857142857142,0.4925373134328358,39.47487623637926,123.13900474285762
1592,6923,1,reddit_eli5,121,5,24.2,0.6694214876033058,12.067138198223354,37.508307343066974
1593,3715,0,reddit_eli5,8,2,4.0,1.0,636.956141688499,10328.816324950309
1594,8391,1,reddit_eli5,256,10,25.6,0.5,17.78746550759426,5.775874650808394
1595,1846,1,reddit_eli5,211,12,17.583333333333332,0.4786729857819905,10.844400592773518,122.7304773487622
1596,889,1,reddit_eli5,235,10,23.5,0.5191489361702127,12.854304695376452,16.23006129923383
1597,2413,1,reddit_eli5,120,6,20.0,0.525,13.242006013133846,215.85355700803953
1598,1391,0,reddit_eli5,100,5,20.0,0.66,67.59279897927793,63.159682110321555
1599,3003,1,reddit_eli5,104,5,20.8,0.5769230769230769,16.81520048278492,21.870983103936787
1600,18157,0,open_qa,43,1,43.0,0.6976744186046512,13.89920170992803,
1601,4316,0,reddit_eli5,61,3,20.333333333333332,0.7704918032786885,36.46642288618308,86.75754057820963
1602,10652,1,reddit_eli5,211,8,26.375,0.5260663507109005,17.12361716699799,12.630479228936505
1603,20571,0,finance,223,10,22.3,0.45739910313901344,33.149047865618186,36.45632677449403
1604,7132,0,reddit_eli5,83,5,16.6,0.7469879518072289,92.68982723894075,16120.79726591724
1605,7457,1,reddit_eli5,233,10,23.3,0.39914163090128757,10.793106901614,22.578571016729096
1606,1015,0,reddit_eli5,88,6,14.666666666666666,0.75,82.3488105058561,456.58979753571964
1607,17447,1,open_qa,140,6,23.333333333333332,0.5071428571428571,23.2612821020286,31.586422644484557
1608,21584,1,finance,251,10,25.1,0.4860557768924303,12.761048528059757,8.558104777070998
1609,8162,0,reddit_eli5,25,2,12.5,0.92,70.21648407606817,44.633852794922866
1610,3403,0,reddit_eli5,270,17,15.882352941176471,0.5370370370370371,50.29070230683317,12948.806941802248
1611,16287,0,reddit_eli5,125,6,20.833333333333332,0.776,95.85207613002542,191.71912071299772
1612,15648,1,reddit_eli5,151,7,21.571428571428573,0.5033112582781457,11.489495593623458,7.451196283861078
1613,20191,1,finance,284,10,28.4,0.45422535211267606,10.237321667851248,15.330177398154762
1614,15140,0,reddit_eli5,239,11,21.727272727272727,0.5564853556485355,43.85089360777206,41.43628040307379
1615,22022,1,finance,287,14,20.5,0.43902439024390244,11.418327783142272,9.778406927919702
1616,3029,1,reddit_eli5,253,11,23.0,0.48616600790513836,13.066163122833602,30.50355213358097
1617,11138,0,reddit_eli5,38,2,19.0,0.9210526315789473,135.95214800083266,78.81731236405034
1618,6788,1,reddit_eli5,127,5,25.4,0.5590551181102362,11.942856235485008,3.148251312203773
1619,9975,0,reddit_eli5,46,6,7.666666666666667,0.8260869565217391,85.14847486734868,22647.605089139015
1620,1766,1,reddit_eli5,243,13,18.692307692307693,0.32510288065843623,7.700601089889264,13.810330205827825
1621,20813,1,finance,231,13,17.76923076923077,0.5800865800865801,16.054436694435843,13.830560696206025
1622,22613,1,finance,214,9,23.77777777777778,0.5841121495327103,12.885707182042072,11.232423459927105
1623,17922,1,open_qa,270,12,22.5,0.4925925925925926,10.799655304563387,17.634176151924002
1624,22540,1,finance,216,7,30.857142857142858,0.5092592592592593,11.750542080165536,3.42519863557862
1625,21059,1,finance,109,4,27.25,0.7155963302752294,13.036431112462541,6.618872602779439
1626,23012,1,finance,275,14,19.642857142857142,0.3527272727272727,9.936878786012574,20.32371342070933
1627,23389,1,medicine,118,5,23.6,0.7203389830508474,20.92650087601683,16.77562676785729
1628,16860,0,reddit_eli5,96,9,10.666666666666666,0.7395833333333334,81.36427313348638,3401.391637025053
1629,5702,1,reddit_eli5,161,6,26.833333333333332,0.577639751552795,15.473277795860751,19.664788560218113
1630,11090,0,reddit_eli5,91,7,13.0,0.6593406593406593,59.654019730477756,2573.5148084723382
1631,5367,0,reddit_eli5,112,8,14.0,0.6785714285714286,45.77326511596984,963.6614063222183
1632,23864,1,medicine,146,6,24.333333333333332,0.5273972602739726,14.38009783355614,17.415712380851907
1633,2897,0,reddit_eli5,37,2,18.5,0.8378378378378378,166.33505124092633,231.62714354752038
1634,677,1,reddit_eli5,171,9,19.0,0.49122807017543857,13.067861025887483,16.92422819234143
1635,16502,0,reddit_eli5,91,5,18.2,0.7802197802197802,61.22028495447819,93.51179145328048
1636,2974,0,reddit_eli5,19,1,19.0,1.0,323.2249259012322,
1637,629,0,reddit_eli5,70,4,17.5,0.6857142857142857,60.24546475037294,47.51753225290805
1638,15509,1,reddit_eli5,363,11,33.0,0.4214876033057851,12.224921569046765,7.738122775204274
1639,15975,1,reddit_eli5,211,11,19.181818181818183,0.5118483412322274,15.542937089267069,45.823871299626816
1640,4798,0,reddit_eli5,39,2,19.5,0.8205128205128205,119.6493580084725,49605.54897127757
1641,23641,1,medicine,298,15,19.866666666666667,0.5302013422818792,15.429086374841317,41.674617222270754
1642,4427,1,reddit_eli5,168,6,28.0,0.5357142857142857,18.5711208708966,2.8461007834072816
1643,10631,1,reddit_eli5,249,11,22.636363636363637,0.28112449799196787,14.978212016635124,59.87497556319516
1644,6205,0,reddit_eli5,201,4,50.25,0.5970149253731343,64.06579991430453,20.874143141407377
1645,11900,1,reddit_eli5,143,7,20.428571428571427,0.5944055944055944,12.715471749179155,9.2849549976675
1646,2198,1,reddit_eli5,267,11,24.272727272727273,0.41947565543071164,8.411927110028774,10.765960486827904
1647,892,0,reddit_eli5,37,2,18.5,0.918918918918919,68.95434994897417,19.378506612230574
1648,10774,1,reddit_eli5,122,5,24.4,0.5573770491803278,13.09633762645968,3.8657419553409835
1649,14208,1,reddit_eli5,196,9,21.77777777777778,0.46938775510204084,16.154812282489655,54.79706498611659
1650,6331,0,reddit_eli5,24,2,12.0,0.9166666666666666,59.72850742450805,39.320017275097015
1651,12752,0,reddit_eli5,181,10,18.1,0.5248618784530387,45.85567928994429,219.69103895918312
1652,8473,0,reddit_eli5,337,12,28.083333333333332,0.4836795252225519,58.069426825535054,186.04713094268755
1653,12570,1,reddit_eli5,83,5,16.6,0.5903614457831325,21.45667929499671,235.83250136698493
1654,2181,0,reddit_eli5,25,1,25.0,0.84,436.19576486500694,91.45451703243245
1655,1019,1,reddit_eli5,243,12,20.25,0.41975308641975306,9.821555543341855,13.912265431361359
1656,10845,1,reddit_eli5,185,8,23.125,0.4810810810810811,19.60974300922034,16.424104109876456
1657,1824,1,reddit_eli5,164,7,23.428571428571427,0.6219512195121951,14.607954927826272,12.369162203160347
1658,16947,0,reddit_eli5,137,6,22.833333333333332,0.583941605839416,38.90290460402576,45.356985263538704
1659,1370,1,reddit_eli5,162,6,27.0,0.6049382716049383,13.835734813846207,8.722843419998735
1660,3674,1,reddit_eli5,180,7,25.714285714285715,0.5666666666666667,16.093921716283823,38.463746166005215
1661,6581,1,reddit_eli5,213,8,26.625,0.5258215962441315,14.610163194901636,25.682187842134773
1662,14456,0,reddit_eli5,38,2,19.0,0.8947368421052632,171.12651312034873,337.9030527493305
1663,11670,0,reddit_eli5,241,12,20.083333333333332,0.5269709543568465,58.89923340684585,114.88542815393423
1664,13243,1,reddit_eli5,203,7,29.0,0.5320197044334976,14.066545308265617,11.329005874701785
1665,3112,0,reddit_eli5,196,13,15.076923076923077,0.5816326530612245,47.78328316410793,579.2017842813153
1666,17397,1,open_qa,79,3,26.333333333333332,0.8227848101265823,20.462677347969883,18.14826894170201
1667,1932,0,reddit_eli5,28,2,14.0,0.7857142857142857,144.21288679654214,96.99105542146101
1668,23534,1,medicine,136,7,19.428571428571427,0.5220588235294118,9.942805763359093,12.033909552013792
1669,17523,1,open_qa,50,3,16.666666666666668,0.74,14.266561654355751,9.809601724198323
1670,13994,0,reddit_eli5,127,9,14.11111111111111,0.6456692913385826,55.44559762502315,220.81689608899435
1671,1813,0,reddit_eli5,151,10,15.1,0.5562913907284768,38.80701563458724,342.57726658398303
1672,1186,1,reddit_eli5,121,5,24.2,0.5702479338842975,14.617148949836697,22.063357932793696
1673,1057,0,reddit_eli5,108,4,27.0,0.7407407407407407,66.63870115531263,56.97030711766693
1674,2396,1,reddit_eli5,160,8,20.0,0.5,10.648364100771522,10.5062115846088
1675,7561,1,reddit_eli5,263,14,18.785714285714285,0.4296577946768061,12.968355002745879,444.09025304526295
1676,23735,1,medicine,248,11,22.545454545454547,0.4274193548387097,11.43364304889108,25.81636154340418
1677,3944,0,reddit_eli5,25,1,25.0,0.96,247.28957928892763,
1678,15379,0,reddit_eli5,93,4,23.25,0.6021505376344086,75.36075176246769,928.972664742787
1679,4036,0,reddit_eli5,141,4,35.25,0.6453900709219859,59.16385639282173,121.60662923462547
1680,11812,1,reddit_eli5,117,4,29.25,0.5042735042735043,10.41844820118407,5.625880154333034
1681,15839,1,reddit_eli5,79,4,19.75,0.6962025316455697,14.70150889267742,2.609203861128436
1682,3377,0,reddit_eli5,88,4,22.0,0.7840909090909091,112.20765522828673,95.07077669326672
1683,22393,1,finance,336,15,22.4,0.44345238095238093,10.826934064132628,13.152025772080743
1684,22090,0,finance,170,9,18.88888888888889,0.5705882352941176,46.13946305328435,232.32501328832603
1685,6085,0,reddit_eli5,31,2,15.5,0.8387096774193549,68.55516306905517,138.47052799439354
1686,16250,1,reddit_eli5,198,8,24.75,0.494949494949495,15.387383585363171,33.70972371653217
1687,14650,1,reddit_eli5,167,8,20.875,0.47305389221556887,14.682005372736713,27.458936701638393
1688,19486,0,finance,172,6,28.666666666666668,0.5988372093023255,43.70109135049434,51.46774976626892
1689,22507,1,finance,100,4,25.0,0.57,8.738490682614232,14.575034110769508
1690,13800,1,reddit_eli5,158,6,26.333333333333332,0.5379746835443038,11.77309373847379,9.685119872633248
1691,5615,0,reddit_eli5,771,42,18.357142857142858,0.38002594033722437,64.59103096016004,651.9110497019383
1692,15663,0,reddit_eli5,153,8,19.125,0.6078431372549019,72.17541420395071,146.91492412990144
1693,11884,1,reddit_eli5,154,8,19.25,0.551948051948052,10.029316241195213,87.85009299124563
1694,22053,0,finance,63,5,12.6,0.8095238095238095,65.87584256762938,214.02481340976033
1695,17883,1,open_qa,86,5,17.2,0.6627906976744186,14.414416688349892,11.980756444505786
1696,3849,0,reddit_eli5,108,6,18.0,0.6666666666666666,42.683199946572074,38.81971453277796
1697,6905,1,reddit_eli5,140,6,23.333333333333332,0.4642857142857143,9.546167406475004,20.72245204950387
1698,18887,0,wiki_csai,148,7,21.142857142857142,0.6418918918918919,57.882960089802204,48.03234689997528
1699,9258,1,reddit_eli5,187,9,20.77777777777778,0.4919786096256685,24.210545931763395,35.34219637046329
1700,14059,1,reddit_eli5,126,5,25.2,0.6825396825396826,15.494235092211571,7.170886101209696
1701,3838,0,reddit_eli5,19,2,9.5,0.9473684210526315,118.09373256987621,20.877761881464465
1702,7868,0,reddit_eli5,146,9,16.22222222222222,0.5684931506849316,52.381653902136684,97.29048857839342
1703,13901,0,reddit_eli5,15,1,15.0,1.0,1141.6031088151171,
1704,11842,1,reddit_eli5,133,6,22.166666666666668,0.5112781954887218,11.052941697438458,15.334913951201804
1705,7490,0,reddit_eli5,188,9,20.88888888888889,0.5638297872340425,37.52404322483172,90.1356167896285
1706,6222,0,reddit_eli5,173,8,21.625,0.653179190751445,68.64822823276027,269.924221840815
1707,20722,1,finance,245,11,22.272727272727273,0.40816326530612246,9.507563056405228,4.132222358897196
1708,15372,0,reddit_eli5,402,41,9.804878048780488,0.43532338308457713,39.68360951446886,3580.6099036724045
1709,402,0,reddit_eli5,97,6,16.166666666666668,0.6185567010309279,64.98510542394642,87.65105938311585
1710,2625,0,reddit_eli5,100,6,16.666666666666668,0.76,117.8299830082127,153.59652101493523
1711,20157,1,finance,287,16,17.9375,0.5121951219512195,12.94629146605898,3774.8570585418365
1712,18722,0,wiki_csai,112,2,56.0,0.5892857142857143,48.019563256204805,5.204167649989628
1713,5956,0,reddit_eli5,58,7,8.285714285714286,0.8103448275862069,102.34249529731832,12293.622549437465
1714,17570,1,open_qa,73,4,18.25,0.6986301369863014,12.713780226273165,19.50073964730071
1715,782,0,reddit_eli5,102,5,20.4,0.6372549019607843,53.53755638610975,50.178353442949124
1716,691,1,reddit_eli5,158,7,22.571428571428573,0.4936708860759494,12.382875456099974,10.132454046105659
1717,1789,0,reddit_eli5,54,1,54.0,0.8518518518518519,50.19027655725776,
1718,14426,0,reddit_eli5,309,11,28.09090909090909,0.5307443365695793,60.3474753937543,33.52968435934642
1719,24284,1,medicine,141,6,23.5,0.5815602836879432,15.424635933989299,72.27386184335472
1720,4961,1,reddit_eli5,197,8,24.625,0.5126903553299492,11.685591870643636,16.44238256194949
1721,9589,1,reddit_eli5,233,11,21.181818181818183,0.49356223175965663,28.875004152091652,28.018672822294675
1722,17213,1,open_qa,227,11,20.636363636363637,0.45374449339207046,13.670433044277663,26.966024007487302
1723,1155,1,reddit_eli5,244,15,16.266666666666666,0.4672131147540984,10.479917851084721,13.323282883293782
1724,23109,1,medicine,234,11,21.272727272727273,0.5683760683760684,11.379836284804508,14.20034505593093
1725,5280,1,reddit_eli5,215,8,26.875,0.5116279069767442,11.178213444647785,10.841002794822911
1726,11249,1,reddit_eli5,100,4,25.0,0.6,11.7416505324876,3.2264827775406895
1727,9779,0,reddit_eli5,106,6,17.666666666666668,0.7169811320754716,108.96821688803504,667.9423318351668
1728,12732,1,reddit_eli5,101,4,25.25,0.6039603960396039,19.866921457881038,21.934869417922716
1729,6301,0,reddit_eli5,92,5,18.4,0.7282608695652174,47.22808861659622,72.96923551514382
1730,17938,1,open_qa,83,5,16.6,0.7228915662650602,12.23698833566351,18.344265225628007
1731,7980,0,reddit_eli5,72,4,18.0,0.7777777777777778,73.44192521610756,1009.3709211919496
1732,24042,0,medicine,102,6,17.0,0.6372549019607843,37.62015233310412,71.36300355725
1733,14989,0,reddit_eli5,108,4,27.0,0.7129629629629629,66.36003961252656,745.3380453149084
1734,15242,0,reddit_eli5,14,2,7.0,1.0,212.12734839088247,488.91960445213687
1735,13933,0,reddit_eli5,81,7,11.571428571428571,0.7407407407407407,79.04113509108033,156.36165303595155
1736,18988,1,wiki_csai,293,10,29.3,0.4300341296928328,13.834336237334382,33.348958674199096
1737,8414,0,reddit_eli5,443,30,14.766666666666667,0.4966139954853273,57.192292549964776,3609.813231430857
1738,7492,1,reddit_eli5,352,13,27.076923076923077,0.3693181818181818,8.987597792582193,7.780035022285927
1739,7564,1,reddit_eli5,204,9,22.666666666666668,0.5294117647058824,14.019681448245494,7.806683301937644
1740,18612,1,wiki_csai,157,6,26.166666666666668,0.5796178343949044,13.613520868485953,15.709769068110269
1741,2874,1,reddit_eli5,191,9,21.22222222222222,0.5340314136125655,12.282229216940161,11.540623001461187
1742,3996,1,reddit_eli5,219,8,27.375,0.5114155251141552,10.70990581465358,4.215423598526906
1743,10565,1,reddit_eli5,181,11,16.454545454545453,0.43646408839779005,22.778205641057355,22.5520914899748
1744,24083,1,medicine,185,8,23.125,0.5675675675675675,15.99424859237815,15.158880923337472
1745,12229,1,reddit_eli5,136,6,22.666666666666668,0.5588235294117647,17.115319275807295,6.8298519253105585
1746,1425,0,reddit_eli5,71,4,17.75,0.6901408450704225,112.68684775498252,184.0982769053154
1747,14914,1,reddit_eli5,128,6,21.333333333333332,0.5625,9.848284216969379,12.409933477297223
1748,3661,1,reddit_eli5,218,10,21.8,0.5229357798165137,12.135048102474231,43.69556347511658
1749,17749,1,open_qa,7,1,7.0,1.0,43.14868809809859,
1750,6675,1,reddit_eli5,233,9,25.88888888888889,0.4248927038626609,12.380472510917425,2.609472797271482
1751,3020,1,reddit_eli5,155,7,22.142857142857142,0.49032258064516127,6.847244879681522,9.757183040764275
1752,17750,1,open_qa,167,6,27.833333333333332,0.5149700598802395,17.004888509844992,11.023205934623283
1753,22297,1,finance,245,10,24.5,0.46530612244897956,17.476089718130325,19.860456131921897
1754,17748,1,open_qa,284,17,16.705882352941178,0.39436619718309857,6.431560125897102,15.608909132604047
1755,10312,0,reddit_eli5,87,7,12.428571428571429,0.632183908045977,45.85279310945935,135.7915468933569
1756,7257,1,reddit_eli5,187,11,17.0,0.45454545454545453,15.21057369360661,412.6911796372276
1757,18005,1,open_qa,106,6,17.666666666666668,0.5094339622641509,17.104341875861987,13.363375643568917
1758,4549,1,reddit_eli5,161,6,26.833333333333332,0.422360248447205,11.385562501886877,15.348382877281704
1759,18719,1,wiki_csai,146,7,20.857142857142858,0.636986301369863,15.154091177774122,13.79083990218022
1760,11979,0,reddit_eli5,187,7,26.714285714285715,0.48663101604278075,35.86365229932592,48.43434858223546
1761,23350,0,medicine,191,19,10.052631578947368,0.5968586387434555,77.02595453810916,1707.535395610094
1762,11959,1,reddit_eli5,204,9,22.666666666666668,0.4803921568627451,10.775327349980747,9.395805229563205
1763,9114,1,reddit_eli5,189,8,23.625,0.47619047619047616,17.595259656118603,17.57860004252852
1764,12491,0,reddit_eli5,229,12,19.083333333333332,0.5720524017467249,87.87131988748976,544.9477531612463
1765,1938,1,reddit_eli5,155,6,25.833333333333332,0.4774193548387097,12.84820737886479,6.213340468019476
1766,1193,1,reddit_eli5,214,13,16.46153846153846,0.5327102803738317,14.33458148910847,32.504636299235614
1767,17297,0,open_qa,24,1,24.0,0.9166666666666666,123.77975991007364,
1768,7640,0,reddit_eli5,50,4,12.5,0.74,81.92968486196868,232.91114530453578
1769,9253,0,reddit_eli5,45,3,15.0,0.8222222222222222,94.60201750201819,369.74917134089895
1770,5109,1,reddit_eli5,154,6,25.666666666666668,0.44805194805194803,8.772899236281278,8.6529252757374
1771,9644,1,reddit_eli5,213,7,30.428571428571427,0.49765258215962443,21.882049791224716,10.767129010663366
1772,2474,1,reddit_eli5,222,8,27.75,0.42342342342342343,10.112957284275765,3.440653114378263
1773,15968,1,reddit_eli5,157,7,22.428571428571427,0.5414012738853503,13.95337875363449,11.500745817213197
1774,18318,1,wiki_csai,199,8,24.875,0.5226130653266332,12.995465223979027,8.334605714667516
1775,10909,1,reddit_eli5,124,6,20.666666666666668,0.5806451612903226,12.812557797316998,27.124489132628934
1776,7631,1,reddit_eli5,110,4,27.5,0.5181818181818182,15.900332442146736,3.9048677275992763
1777,16780,1,reddit_eli5,201,8,25.125,0.44776119402985076,12.256577676271306,9.856722069435046
1778,16080,1,reddit_eli5,203,6,33.833333333333336,0.4975369458128079,15.96832756258244,35.174397626261474
1779,17176,1,open_qa,126,6,21.0,0.5873015873015873,14.237461668883478,5.885806426195512
1780,7756,1,reddit_eli5,130,5,26.0,0.5846153846153846,13.060279804664981,9.906045424988895
1781,16634,1,reddit_eli5,100,4,25.0,0.67,15.359402673452307,4.071128628880462
1782,24288,1,medicine,179,8,22.375,0.5754189944134078,19.284174441274562,27.16929834333371
1783,17921,1,open_qa,113,5,22.6,0.672566371681416,13.402245504947391,14.065931614808518
1784,7013,1,reddit_eli5,127,6,21.166666666666668,0.5905511811023622,15.986193063762407,2.7080347888130207
1785,6389,0,reddit_eli5,70,2,35.0,0.8428571428571429,117.21501139841907,62.96746078316879
1786,14851,0,reddit_eli5,559,19,29.42105263157895,0.516994633273703,55.25509240845437,111.9916448873283
1787,11163,1,reddit_eli5,97,6,16.166666666666668,0.5876288659793815,15.681451794142776,468.0971008054137
1788,174,1,reddit_eli5,197,10,19.7,0.49746192893401014,10.605616046565222,9.82791673285943
1789,23562,0,medicine,124,18,6.888888888888889,0.7338709677419355,30.30476469200925,51.67155615834548
1790,5902,0,reddit_eli5,185,11,16.818181818181817,0.5675675675675675,48.88076822525436,2284.7746347355205
1791,6546,0,reddit_eli5,47,3,15.666666666666666,0.7659574468085106,154.03494158129584,109.1148670892794
1792,16347,1,reddit_eli5,129,6,21.5,0.627906976744186,15.765468917131537,5.635755428530532
1793,6400,1,reddit_eli5,165,9,18.333333333333332,0.5454545454545454,12.693538837311019,6.889985292848879
1794,18889,1,wiki_csai,229,9,25.444444444444443,0.49344978165938863,15.140977990308523,28.47715667674034
1795,2611,1,reddit_eli5,171,7,24.428571428571427,0.5321637426900585,12.727100235597563,8.710368493019194
1796,16105,0,reddit_eli5,139,10,13.9,0.7194244604316546,56.95978678376881,282.3398601942981
1797,4240,1,reddit_eli5,232,9,25.77777777777778,0.5172413793103449,10.505389573599928,6.007716856624726
1798,23213,0,medicine,96,12,8.0,0.75,161.66256124410438,520.0830765304431
1799,6160,1,reddit_eli5,206,10,20.6,0.4029126213592233,9.70597153007254,20.67261827419016
1800,15916,1,reddit_eli5,204,11,18.545454545454547,0.5147058823529411,11.540042618428497,5.3251031054585445
1801,9249,0,reddit_eli5,84,4,21.0,0.6428571428571429,110.85096333192269,106.44158241782759
1802,20186,1,finance,326,12,27.166666666666668,0.42024539877300615,9.740512697125181,22.370830481769243
1803,23173,1,medicine,198,10,19.8,0.5454545454545454,13.737903237302044,23.990663834126995
1804,12459,0,reddit_eli5,131,6,21.833333333333332,0.6335877862595419,51.383983802686984,50.54945042934005
1805,18015,1,open_qa,256,9,28.444444444444443,0.52734375,9.945814445950184,23.304562377320636
1806,11121,0,reddit_eli5,104,9,11.555555555555555,0.7115384615384616,58.029650412699056,183.64837116451076
1807,414,1,reddit_eli5,137,17,8.058823529411764,0.5255474452554745,10.9061365684048,28.575634052856667
1808,16994,0,reddit_eli5,123,7,17.571428571428573,0.5934959349593496,70.81192428337629,327.3157336551214
1809,21687,1,finance,233,11,21.181818181818183,0.44635193133047213,12.456172959065347,16.33671286154944
1810,6666,0,reddit_eli5,54,3,18.0,0.7592592592592593,107.95732308745521,30.962665759428774
1811,7101,0,reddit_eli5,82,4,20.5,0.7195121951219512,48.4611216881442,152.61242014658652
1812,5143,1,reddit_eli5,210,10,21.0,0.5523809523809524,13.738689348921385,25.649378275264358
1813,5379,1,reddit_eli5,238,9,26.444444444444443,0.39915966386554624,9.507764801936707,6.410067703254873
1814,18103,1,open_qa,104,5,20.8,0.5769230769230769,11.43267808811598,3.7439002558974646
1815,11406,0,reddit_eli5,98,5,19.6,0.7244897959183674,63.48741599493812,52.775673781664885
1816,163,1,reddit_eli5,67,5,13.4,0.6865671641791045,26.712062489138646,67.60593193190574
1817,4022,1,reddit_eli5,173,6,28.833333333333332,0.5491329479768786,10.862506480373382,6.361725486515621
1818,886,0,reddit_eli5,145,13,11.153846153846153,0.7034482758620689,49.18572397830398,1551.4460741343141
1819,12982,0,reddit_eli5,41,2,20.5,0.9024390243902439,152.51757782340445,115.84213311652292
1820,7060,0,reddit_eli5,71,3,23.666666666666668,0.8591549295774648,50.28553477985536,36.6486309808682
1821,3512,0,reddit_eli5,108,10,10.8,0.5555555555555556,54.13881516149069,11368.685511142652
1822,4554,0,reddit_eli5,195,7,27.857142857142858,0.5025641025641026,76.07530386316984,5671.740991837421
1823,9288,0,reddit_eli5,25,1,25.0,0.96,175.3727986688348,
1824,13579,1,reddit_eli5,152,8,19.0,0.5723684210526315,21.7248783317278,106.31335062554598
1825,11043,1,reddit_eli5,104,5,20.8,0.6730769230769231,11.511016561968287,22.284938773464166
1826,6142,1,reddit_eli5,129,8,16.125,0.5038759689922481,21.49930954899407,30.534907434372535
1827,10855,1,reddit_eli5,168,9,18.666666666666668,0.4523809523809524,20.895635111769572,19.602614265477655
1828,5858,0,reddit_eli5,181,10,18.1,0.6077348066298343,58.43519138916979,153.53748084307523
1829,20220,1,finance,116,4,29.0,0.5,13.82996989419211,21.790890409157697
1830,8205,0,reddit_eli5,140,6,23.333333333333332,0.5857142857142857,88.76288401177122,114.80915325112187
1831,21393,1,finance,282,14,20.142857142857142,0.3829787234042553,7.9266744415873855,13.347954377544136
1832,20382,0,finance,283,16,17.6875,0.5371024734982333,46.676974416950344,239.73434000579456
1833,21090,1,finance,214,9,23.77777777777778,0.4439252336448598,9.572776532370868,6.896070617177572
1834,3584,0,reddit_eli5,90,4,22.5,0.7222222222222222,114.92753461460521,127.42689928825544
1835,16913,0,reddit_eli5,147,12,12.25,0.6258503401360545,72.52482167192844,426.4775863723377
1836,17032,0,reddit_eli5,75,7,10.714285714285714,0.8,86.80432307834,1327.8418041049927
1837,2511,0,reddit_eli5,35,2,17.5,0.9142857142857143,55.409150888522404,1593.8150943357173
1838,9070,1,reddit_eli5,260,13,20.0,0.4346153846153846,27.77495146922606,25.028982251832353
1839,4587,1,reddit_eli5,219,12,18.25,0.4520547945205479,9.193443809262329,396.8616633046111
1840,8386,0,reddit_eli5,38,3,12.666666666666666,0.6052631578947368,54.54160652323694,62.11707820604566
1841,5419,0,reddit_eli5,93,3,31.0,0.6129032258064516,84.47371896611551,45.31850449382001
1842,14712,1,reddit_eli5,278,14,19.857142857142858,0.4676258992805755,11.885655586595071,12.895531266419091
1843,15608,1,reddit_eli5,123,5,24.6,0.5528455284552846,15.683676507862668,19.92990323508052
1844,12874,0,reddit_eli5,21,4,5.25,0.6190476190476191,67.84288771897343,312.85446574469006
1845,9660,0,reddit_eli5,80,6,13.333333333333334,0.6375,28.90549031198458,112.0455446826392
1846,5166,0,reddit_eli5,40,2,20.0,0.725,198.58360087487068,131.6397654235726
1847,6796,0,reddit_eli5,83,4,20.75,0.6024096385542169,42.35810533096482,101.18018858794314
1848,17031,1,reddit_eli5,155,8,19.375,0.49032258064516127,12.691347930551006,40.80721543788007
1849,3691,0,reddit_eli5,120,5,24.0,0.6666666666666666,86.65011121981055,130.77654114226553
1850,9359,1,reddit_eli5,143,8,17.875,0.6293706293706294,64.90495972017,86.5843948049239
1851,11074,0,reddit_eli5,70,4,17.5,0.7714285714285715,68.01105705552928,216.20899962186286
1852,275,1,reddit_eli5,128,6,21.333333333333332,0.6171875,16.20559062782465,5.790721094415332
1853,11849,1,reddit_eli5,145,12,12.083333333333334,0.6137931034482759,16.63966452139049,42.25985845462425
1854,7848,0,reddit_eli5,83,4,20.75,0.6987951807228916,58.04642127598267,77.27181773923034
1855,12456,0,reddit_eli5,85,4,21.25,0.7411764705882353,118.15980441198752,120.80316761217277
1856,756,0,reddit_eli5,14,1,14.0,0.8571428571428571,77.38120452854655,
1857,4436,1,reddit_eli5,85,4,21.25,0.4823529411764706,11.703653926249698,23.38206194816429
1858,13259,0,reddit_eli5,87,4,21.75,0.5402298850574713,47.477728387032194,136.12612462034394
1859,6422,0,reddit_eli5,93,8,11.625,0.8064516129032258,145.1283748176931,503.1401765555637
1860,20237,1,finance,174,8,21.75,0.5977011494252874,16.22919190680311,3.9032436656643097
1861,23223,1,medicine,154,7,22.0,0.577922077922078,10.50694509506492,25.06887885390102
1862,12207,1,reddit_eli5,138,7,19.714285714285715,0.5289855072463768,12.423243062379669,6.465844190410125
1863,9361,1,reddit_eli5,184,8,23.0,0.5760869565217391,24.00503654194397,18.16609436802551
1864,4418,0,reddit_eli5,102,6,17.0,0.7058823529411765,71.37493234703251,121.51154740904904
1865,11092,1,reddit_eli5,163,10,16.3,0.50920245398773,32.15574306822305,135.6243964912583
1866,448,1,reddit_eli5,163,6,27.166666666666668,0.6319018404907976,16.372120361626166,13.048958714504218
1867,14981,0,reddit_eli5,284,13,21.846153846153847,0.5492957746478874,39.794764986473375,106.79925599150654
1868,1354,1,reddit_eli5,120,6,20.0,0.5666666666666667,19.641879459377456,130.22405324792285
1869,9295,0,reddit_eli5,139,14,9.928571428571429,0.7985611510791367,145.73947112527324,2198.5985846023386
1870,22812,1,finance,188,11,17.09090909090909,0.5319148936170213,15.178060803441289,35.61790206475659
1871,4079,0,reddit_eli5,26,2,13.0,0.9615384615384616,86.24947072514293,568.3714949593289
1872,20017,1,finance,153,7,21.857142857142858,0.5032679738562091,10.464869560354266,9.713519309034544
1873,7765,1,reddit_eli5,183,10,18.3,0.39344262295081966,7.413568278696544,9.646232379067763
1874,16640,0,reddit_eli5,246,13,18.923076923076923,0.47560975609756095,41.878534704881616,134.63426550300554
1875,4705,0,reddit_eli5,55,3,18.333333333333332,0.6909090909090909,74.55981124538134,107.30237242316805
1876,5041,0,reddit_eli5,82,4,20.5,0.573170731707317,84.09513031579878,223.5669840873374
1877,13243,0,reddit_eli5,57,4,14.25,0.7894736842105263,251.4209677061197,571.5972853588752
1878,1919,0,reddit_eli5,76,5,15.2,0.8157894736842105,153.67340697533484,411.3500097222444
1879,10182,0,reddit_eli5,266,10,26.6,0.5413533834586466,37.904147877662254,81.80089266892537
1880,2829,1,reddit_eli5,115,8,14.375,0.6,22.02244138627255,405.3155382127638
1881,12148,0,reddit_eli5,121,6,20.166666666666668,0.6611570247933884,85.99424508811137,236.66613501395776
1882,21592,0,finance,201,9,22.333333333333332,0.5024875621890548,21.185385619266473,13.805496054995276
1883,19298,1,finance,177,8,22.125,0.5141242937853108,11.395852501798514,12.556690885803791
1884,1520,0,reddit_eli5,52,2,26.0,0.7692307692307693,143.52802653997753,1099.0747309703304
1885,22123,1,finance,212,6,35.333333333333336,0.46226415094339623,11.918189102218651,1.264819142874197
1886,5798,0,reddit_eli5,46,2,23.0,0.7391304347826086,155.02800909660843,254.6190617863358
1887,18174,1,open_qa,81,3,27.0,0.6419753086419753,22.56620445968841,3.7357526011000184
1888,19781,1,finance,170,7,24.285714285714285,0.5705882352941176,15.847903253741592,4.415281580170628
1889,22660,1,finance,227,8,28.375,0.4008810572687225,12.944958107794294,23.641237644540336
1890,17754,1,open_qa,117,5,23.4,0.5042735042735043,12.63002333737575,11.708326166655423
1891,16532,1,reddit_eli5,225,9,25.0,0.40444444444444444,10.866366002675443,12.445095068245463
1892,363,0,reddit_eli5,218,11,19.818181818181817,0.5412844036697247,31.895016947518727,120.19276019675772
1893,15051,1,reddit_eli5,237,12,19.75,0.4810126582278481,15.612310686339267,20.848513296887123
1894,16051,0,reddit_eli5,176,13,13.538461538461538,0.6306818181818182,53.14625988738119,314.44863826511295
1895,23717,1,medicine,255,11,23.181818181818183,0.4823529411764706,16.725038852250584,44.71378492922974
1896,3621,0,reddit_eli5,65,4,16.25,0.7230769230769231,83.10156177734372,3462.680612130271
1897,21245,0,finance,143,10,14.3,0.7412587412587412,99.12485664648386,320.9461704947654
1898,4956,0,reddit_eli5,58,4,14.5,0.6724137931034483,69.77388238006772,122.12259762986248
1899,15846,0,reddit_eli5,10,1,10.0,1.0,813.7576060860102,
1900,4272,1,reddit_eli5,166,8,20.75,0.5060240963855421,11.328913226885787,5.322542830547915
1901,3819,0,reddit_eli5,138,7,19.714285714285715,0.6594202898550725,55.53858046808145,42.503735673788626
1902,20932,0,finance,91,7,13.0,0.6153846153846154,29.04764038333814,35.55124672494081
1903,3675,0,reddit_eli5,7,1,7.0,1.0,1490.439191130489,
1904,23477,1,medicine,290,15,19.333333333333332,0.4724137931034483,15.481901664389001,34.35934036194764
1905,15848,1,reddit_eli5,98,4,24.5,0.6122448979591837,23.023542659389907,33.91721024401832
1906,17774,1,open_qa,112,6,18.666666666666668,0.6517857142857143,17.839891819732948,15.069868815692216
1907,1435,1,reddit_eli5,215,10,21.5,0.4930232558139535,10.230319060672693,13.967786622611765
1908,10172,0,reddit_eli5,105,7,15.0,0.6666666666666666,51.62967299494547,77.98811173839583
1909,23945,1,medicine,334,16,20.875,0.47904191616766467,17.44973071706682,28.779425819806683
1910,16136,1,reddit_eli5,232,8,29.0,0.5474137931034483,12.657901936326422,10.105517055121194
1911,6117,1,reddit_eli5,151,8,18.875,0.5761589403973509,11.783815454530663,13.926980869737086
1912,1523,1,reddit_eli5,147,6,24.5,0.5306122448979592,13.318423243660046,15.327145993187376
1913,7062,1,reddit_eli5,210,9,23.333333333333332,0.42857142857142855,9.152038319416047,9.025160436880451
1914,17964,1,open_qa,146,7,20.857142857142858,0.5342465753424658,12.852781627200258,8.552565879374441
1915,11893,1,reddit_eli5,168,6,28.0,0.5476190476190477,14.31962690868514,13.725144136454213
1916,9172,0,reddit_eli5,26,1,26.0,0.8076923076923077,159.8908669350701,
1917,1813,0,reddit_eli5,17,2,8.5,1.0,382.39661903066786,2137.8895804790795
1918,2114,0,reddit_eli5,424,20,21.2,0.455188679245283,37.83104544280404,107.21296979821719
1919,6083,0,reddit_eli5,143,7,20.428571428571427,0.6293706293706294,74.186802135868,192.14144057049268
1920,19704,1,finance,234,9,26.0,0.46153846153846156,10.145654139571418,1.1850938595031968
1921,1524,1,reddit_eli5,229,9,25.444444444444443,0.42358078602620086,10.87868938007279,13.92340171546712
1922,12736,1,reddit_eli5,183,8,22.875,0.46994535519125685,8.93801330620838,5.57503977483857
1923,12705,1,reddit_eli5,144,8,18.0,0.5555555555555556,15.305903177968904,423.16935258969295
1924,3906,0,reddit_eli5,63,1,63.0,0.8412698412698413,245.0924659669367,65.69819819430069
1925,18657,1,wiki_csai,265,12,22.083333333333332,0.4981132075471698,11.913010140996901,24.279481896335884
1926,17631,0,open_qa,13,1,13.0,0.9230769230769231,154.7788668390936,
1927,3504,0,reddit_eli5,16,1,16.0,0.9375,183.51431423887396,
1928,2097,1,reddit_eli5,285,12,23.75,0.36140350877192984,10.405177454990314,14.47270541383415
1929,3185,0,reddit_eli5,107,7,15.285714285714286,0.6355140186915887,38.0742805640981,558.9807990061888
1930,13342,0,reddit_eli5,111,6,18.5,0.7567567567567568,75.16039454860388,84.71428160886188
1931,1080,0,reddit_eli5,42,3,14.0,0.6666666666666666,98.91172550798974,331.57254414856726
1932,16390,0,reddit_eli5,25,1,25.0,0.76,176.36646709936488,
1933,3444,0,reddit_eli5,18,1,18.0,0.8333333333333334,260.71551511467317,
1934,13757,0,reddit_eli5,262,19,13.789473684210526,0.5381679389312977,62.6352156999577,3568.7113895044386
1935,6906,1,reddit_eli5,172,11,15.636363636363637,0.6104651162790697,13.749050570891704,954.062702476961
1936,18600,0,wiki_csai,91,7,13.0,0.6703296703296703,26.907925301931392,41.2986109955163
1937,13222,0,reddit_eli5,14,1,14.0,1.0,227.30016086938969,
1938,13485,0,reddit_eli5,114,5,22.8,0.6754385964912281,106.75464672880378,54.15262356000984
1939,14208,0,reddit_eli5,30,4,7.5,0.8666666666666667,129.68148261978843,699.5131805047515
1940,8038,1,reddit_eli5,199,6,33.166666666666664,0.4020100502512563,23.00750868491069,21.966670850305462
1941,10729,1,reddit_eli5,223,13,17.153846153846153,0.5829596412556054,22.665255528922128,55.57924893243333
1942,22742,1,finance,257,12,21.416666666666668,0.48249027237354086,12.88938819372485,9.898018509190754
1943,4326,1,reddit_eli5,223,8,27.875,0.43946188340807174,14.078576911379228,44.64600898627475
1944,3229,0,reddit_eli5,684,29,23.586206896551722,0.358187134502924,44.649097103168096,152.07894290490543
1945,17712,1,open_qa,100,4,25.0,0.65,15.290113890147842,5.722232465462516
1946,14819,1,reddit_eli5,173,9,19.22222222222222,0.5260115606936416,13.546377330318991,16.86784404068813
1947,16444,1,reddit_eli5,98,4,24.5,0.7040816326530612,27.254910779499287,46.53639594922858
1948,1745,0,reddit_eli5,145,5,29.0,0.6,40.08103127252845,36.129195242905936
1949,20292,1,finance,111,6,18.5,0.6486486486486487,15.217033831950035,17.29617948043525
1950,14842,0,reddit_eli5,11,1,11.0,1.0,84.1450692430437,
1951,6441,0,reddit_eli5,25,3,8.333333333333334,0.76,142.4339690387912,144.42174827860163
1952,17748,0,open_qa,37,3,12.333333333333334,0.8378378378378378,39.205986072554154,3.5899851093431465
1953,543,1,reddit_eli5,173,8,21.625,0.6184971098265896,11.012126430871977,10.439462284733725
1954,17665,0,open_qa,30,3,10.0,1.0,75.79931360112033,52.280957990020795
1955,5188,0,reddit_eli5,72,3,24.0,0.75,119.32544945333179,84.88662127546887
1956,19193,1,finance,270,13,20.76923076923077,0.5666666666666667,17.995559557981398,19.06155399119679
1957,5616,1,reddit_eli5,230,8,28.75,0.4,8.475574466277154,5.446712985758747
1958,19744,0,finance,49,2,24.5,0.7551020408163265,29.255431659867785,11.999597881422195
1959,20150,1,finance,207,10,20.7,0.45893719806763283,11.502753275404974,8.591195229004706
1960,5287,0,reddit_eli5,80,4,20.0,0.6375,86.42859985254542,361.53379338248186
1961,18273,1,open_qa,83,3,27.666666666666668,0.5542168674698795,10.033738499049429,1.077378784002245
1962,4587,0,reddit_eli5,110,8,13.75,0.6454545454545455,47.310719532814815,170.24268145708297
1963,19217,0,finance,114,3,38.0,0.6754385964912281,45.966990280931086,8.981166471855358
1964,5420,0,reddit_eli5,47,5,9.4,0.8297872340425532,193.6687148677074,815.498422539434
1965,7388,0,reddit_eli5,78,6,13.0,0.6538461538461539,154.70242445168992,1068.0916604132287
1966,18644,1,wiki_csai,213,8,26.625,0.5211267605633803,12.718324809241217,10.379080867087321
1967,337,0,reddit_eli5,35,3,11.666666666666666,0.9428571428571428,184.283264765866,485.5158770817289
1968,19639,1,finance,213,6,35.5,0.41784037558685444,10.424100723943765,3.171941758526161
1969,14839,0,reddit_eli5,25,2,12.5,0.76,49.65146349863071,99.19592909317421
1970,13004,0,reddit_eli5,119,8,14.875,0.5966386554621849,67.3969590731912,375.4197443191611
1971,656,1,reddit_eli5,197,8,24.625,0.5076142131979695,12.369547061007042,11.290715752172545
1972,5761,0,reddit_eli5,108,4,27.0,0.6388888888888888,53.180470072701524,46.1392556492708
1973,2779,0,reddit_eli5,48,4,12.0,0.7708333333333334,98.26270712838,108.82157688655272
1974,3792,1,reddit_eli5,166,7,23.714285714285715,0.5481927710843374,11.608702668162692,16.822075113624795
1975,24144,1,medicine,312,14,22.285714285714285,0.47115384615384615,10.961494982052413,28.824784310433536
1976,4958,0,reddit_eli5,52,3,17.333333333333332,0.8653846153846154,117.2253519620009,330.5638211972103
1977,3679,0,reddit_eli5,76,4,19.0,0.7631578947368421,76.72836618565726,71.59735766100395
1978,22644,1,finance,227,8,28.375,0.5506607929515418,15.359124366484693,3.7026878238930783
1979,18023,1,open_qa,136,8,17.0,0.6397058823529411,21.550747226583173,78.47533590049619
1980,13365,0,reddit_eli5,62,4,15.5,0.7741935483870968,56.153394816242994,80.78449145092043
1981,15781,1,reddit_eli5,97,5,19.4,0.5773195876288659,15.370612380938407,61.87470285131196
1982,12507,0,reddit_eli5,424,21,20.19047619047619,0.5141509433962265,100.18695805901284,310.96009516969286
1983,5667,1,reddit_eli5,194,7,27.714285714285715,0.520618556701031,15.123242164620912,2.273612023773355
1984,19197,1,finance,282,11,25.636363636363637,0.41134751773049644,7.20617310955019,9.455594885893996
1985,24270,0,medicine,125,14,8.928571428571429,0.688,89.7585458683784,1275.6875507277373
1986,13426,1,reddit_eli5,106,5,21.2,0.6320754716981132,17.810011485422113,13.306843738303973
1987,12984,0,reddit_eli5,77,6,12.833333333333334,0.7532467532467533,106.39505289782092,118.57255062199818
1988,5435,1,reddit_eli5,231,8,28.875,0.47186147186147187,13.470656089141748,40.20927651357334
1989,3155,0,reddit_eli5,47,3,15.666666666666666,0.8297872340425532,104.44804250565518,112.38254355401408
1990,22033,0,finance,12,2,6.0,1.0,84.1602774220914,
1991,3144,1,reddit_eli5,182,9,20.22222222222222,0.510989010989011,13.228033572843335,25.554451261121635
1992,9472,1,reddit_eli5,186,7,26.571428571428573,0.45161290322580644,22.908005070260874,11.75123687415004
1993,12456,1,reddit_eli5,186,9,20.666666666666668,0.543010752688172,16.170164376344335,14.765236683471933
1994,15490,1,reddit_eli5,257,11,23.363636363636363,0.4474708171206226,8.434795446697647,6.556408520996019
1995,20111,1,finance,278,10,27.8,0.4352517985611511,14.54690038878271,13.534188996983328
1996,2445,1,reddit_eli5,101,6,16.833333333333332,0.6138613861386139,13.89113156885526,474.0976098568698
1997,16419,0,reddit_eli5,64,7,9.142857142857142,0.65625,40.66879233525052,1709.8344464790362
1998,15695,1,reddit_eli5,137,6,22.833333333333332,0.5547445255474452,20.518492278585473,20.172567716849855
1999,3037,1,reddit_eli5,157,7,22.428571428571427,0.535031847133758,12.453515286791776,8.518509838776664
